key,label_version,is_economic,primary_topic,relevance,sentiment,is_ad,is_digest,is_foreign
@daryo|136239,v2,0,non_economic,0.0,0.0,0,0,0
@daryo|136240,v2,0,non_economic,0.0,0.0,0,0,0
@daryo|136241,v2,0,non_economic,0.0,0.0,0,0,0
@daryo|136242,v2,0,non_economic,0.0,0.0,0,0,0
@daryo|136243,v2,0,non_economic,0.0,0.0,0,0,0
@daryo|136244,v2,0,non_economic,0.0,0.0,0,0,0
@daryo|136245,v2,0,non_economic,0.0,0.0,0,0,0
@daryo|136246,v2,0,non_economic,0.0,0.0,0,0,0
@daryo|136247,v2,0,non_economic,0.0,0.0,0,0,0
@daryo|136248,v2,0,non_economic,0.0,0.0,0,0,0
@daryo|136249,v2,0,non_economic,0.0,0.0,0,0,0
@daryo|136250,v2,1,fiscal,0.8,-0.3,0,0,0
@daryo|136251,v2,0,non_economic,0.0,0.0,0,0,0
@daryo|136252,v2,0,non_economic,0.0,0.0,0,0,0
@daryo|136253,v2,1,fiscal,0.8,0.5,0,0,0
@daryo|136254,v2,1,fiscal,0.7,0.6,0,0,0
@daryo|136255,v2,1,trade,0.8,0.6,0,0,0
@daryo|136256,v2,0,non_economic,0.0,0.0,0,0,0
@daryo|136257,v2,1,business,0.8,0.5,0,0,0
@daryo|136258,v2,1,currency_fx,0.9,0.7,0,0,0
@daryo|136259,v2,0,non_economic,0.0,0.0,0,0,0
@daryo|136260,v2,0,non_economic,0.0,0.0,0,0,0
@daryo|136261,v2,1,construction_realty,0.8,0.6,0,0,0
@daryo|136262,v2,1,energy_utility,0.7,0.0,0,0,0
@daryo|136263,v2,1,construction_realty,0.8,0.7,0,0,0
@daryo|136264,v2,0,non_economic,0.0,0.0,0,0,0
@daryo|136265,v2,0,non_economic,0.0,0.0,0,0,0
@daryo|136266,v2,0,non_economic,0.0,0.0,0,0,0
@daryo|136267,v2,0,non_economic,0.0,0.0,0,0,0
@daryo|136268,v2,0,non_economic,0.0,0.0,0,0,0
@daryo|136269,v2,1,fiscal,0.9,0.7,0,0,0
@daryo|136270,v2,0,non_economic,0.0,0.0,0,0,0
@daryo|136271,v2,0,non_economic,0.0,0.0,0,0,0
@daryo|136272,v2,0,non_economic,0.0,0.0,0,1,0
@gazetauz|63935,v2,0,non_economic,0.0,0.0,0,0,0
@gazetauz|63936,v2,0,non_economic,0.0,0.0,0,0,0
@gazetauz|63937,v2,0,non_economic,0.0,0.0,0,0,0
@gazetauz|63938,v2,1,fiscal,0.9,0.6,0,0,0
@gazetauz|63939,v2,1,fiscal,0.9,-0.5,0,0,0
@gazetauz|63940,v2,0,non_economic,0.0,0.0,0,0,0
@gazetauz|63941,v2,1,trade,0.9,0.5,0,0,0
@gazetauz|63942,v2,1,banking_finance,0.8,0.4,0,0,0
@gazetauz|63943,v2,1,banking_finance,0.9,0.3,0,0,0
@gazetauz|63944,v2,0,non_economic,0.0,0.0,0,0,0
@gazetauz|63945,v2,0,non_economic,0.0,0.0,0,0,0
@gazetauz|63946,v2,0,non_economic,0.0,0.0,0,0,0
@gazetauz|63947,v2,1,trade,0.8,0.4,0,0,0
@gazetauz|63948,v2,1,banking_finance,0.9,0.4,0,0,0
@gazetauz|63949,v2,0,non_economic,0.0,0.0,0,0,0
@gazetauz|63950,v2,1,currency_fx,0.8,0.4,0,0,0
@gazetauz|63951,v2,1,trade,0.9,0.7,0,0,0
@gazetauz|63952,v2,0,non_economic,0.0,0.0,0,0,0
@gazetauz|63953,v2,0,non_economic,0.0,0.0,0,0,0
@gazetauz|63954,v2,1,trade,0.8,0.5,0,0,0
@gazetauz|63955,v2,1,currency_fx,0.9,0.6,0,0,0
@gazetauz|63956,v2,1,macro,0.7,0.0,0,0,0
@gazetauz|63957,v2,1,macro,0.8,-0.3,0,0,0
@gazetauz|63958,v2,1,construction_realty,0.9,0.5,1,0,0
@gazetauz|63962,v2,1,energy_utility,0.9,0.6,0,0,0
@gazetauz|63963,v2,0,non_economic,0.0,0.0,0,0,0
@gazetauz|63964,v2,1,energy_utility,0.9,0.7,0,0,0
@gazetauz|63965,v2,1,banking_finance,0.8,0.0,1,0,0
@gazetauz|63966,v2,0,non_economic,0.0,0.0,0,0,1
@kunuzofficial|173750,v2,0,non_economic,0.0,0.0,0,0,0
@kunuzofficial|173751,v2,0,non_economic,0.0,0.0,0,0,0
@kunuzofficial|173754,v2,0,non_economic,0.0,0.0,0,0,0
@kunuzofficial|173756,v2,0,non_economic,0.0,0.0,0,0,0
@kunuzofficial|173758,v2,1,banking_finance,0.8,0.0,1,0,0
@kunuzofficial|173760,v2,0,non_economic,0.0,0.0,0,0,0
@kunuzofficial|173761,v2,1,macro,0.9,0.6,0,0,0
@kunuzofficial|173762,v2,1,fiscal,0.9,0.6,0,0,0
@kunuzofficial|173765,v2,1,fiscal,0.8,0.6,0,0,0
@kunuzofficial|173766,v2,0,non_economic,0.0,0.0,0,0,1
@kunuzofficial|173767,v2,1,banking_finance,0.7,0.3,0,0,0
@kunuzofficial|173768,v2,0,non_economic,0.0,0.0,0,0,1
@kunuzofficial|173769,v2,0,non_economic,0.0,0.0,0,0,1
@kunuzofficial|173770,v2,1,fiscal,0.6,0.2,0,0,0
@kunuzofficial|173771,v2,0,non_economic,0.0,0.0,0,0,0
@kunuzofficial|173772,v2,0,non_economic,0.0,0.0,0,0,0
@kunuzofficial|173773,v2,0,non_economic,0.0,0.0,0,0,0
@kunuzofficial|173774,v2,0,non_economic,0.0,0.0,0,0,0
@kunuzofficial|173775,v2,1,energy_utility,0.9,0.6,0,0,0
@kunuzofficial|173779,v2,1,fiscal,0.7,0.5,0,0,0
@kunuzofficial|173780,v2,1,business,0.9,0.5,0,0,0
@kunuzofficial|173781,v2,1,business,0.6,0.0,0,0,0
@kunuzofficial|173782,v2,0,non_economic,0.0,0.0,0,1,0
@kunuzofficial|173783,v2,1,construction_realty,0.8,0.0,0,0,0
@kunuzofficial|173785,v2,0,non_economic,0.0,0.0,0,0,1
@kunuzofficial|173786,v2,0,non_economic,0.0,0.0,0,0,1
@kunuzofficial|173787,v2,0,non_economic,0.0,0.0,0,0,0
@kunuzofficial|173788,v2,0,non_economic,0.0,0.0,0,0,1
@spotuz|39773,v2,1,fiscal,0.9,0.6,0,0,0
@spotuz|39774,v2,1,business,0.8,0.0,0,0,0
@spotuz|39775,v2,1,trade,0.8,0.6,0,0,0
@spotuz|39776,v2,1,construction_realty,0.9,0.0,1,0,0
@spotuz|39780,v2,1,trade,0.8,0.6,0,0,0
@spotuz|39781,v2,1,banking_finance,0.8,0.6,0,0,0
@spotuz|39782,v2,0,non_economic,0.0,0.0,0,0,1
@spotuz|39783,v2,1,macro,0.7,0.0,0,0,0
@spotuz|39784,v2,1,business,0.8,0.6,0,0,0
@uzdaily|84073,v2,0,non_economic,0.0,0.0,0,0,0
@uzdaily|84074,v2,0,non_economic,0.0,0.0,0,0,0
@uzdaily|84075,v2,0,non_economic,0.0,0.0,0,0,0
@uzdaily|84076,v2,0,non_economic,0.0,0.0,0,0,0
@uzdaily|84077,v2,1,fiscal,0.9,0.6,0,0,0
@uzdaily|84078,v2,0,non_economic,0.0,0.0,0,0,0
@uzdaily|84079,v2,1,trade,0.9,0.5,0,0,0
@uzdaily|84080,v2,0,non_economic,0.0,0.0,0,0,0
@uzdaily|84081,v2,0,non_economic,0.0,0.0,0,0,0
@uzdaily|84082,v2,1,business,0.8,0.2,0,0,0
@uzdaily|84083,v2,1,fiscal,0.9,0.6,0,0,0
@uzdaily|84084,v2,1,business,0.7,0.0,0,0,0
@uzdaily|84085,v2,0,non_economic,0.0,0.0,0,0,0
@uzdaily|84086,v2,1,business,0.8,0.6,0,0,0
@uzdaily|84087,v2,0,non_economic,0.0,0.0,0,0,0
@uzdaily|84088,v2,1,business,0.6,0.0,0,0,0
@uzdaily|84089,v2,0,non_economic,0.0,0.0,0,0,0
@uzdaily|84090,v2,1,energy_utility,0.8,0.6,0,0,0
@uzdaily|84091,v2,0,non_economic,0.0,0.0,0,0,0
@uzdaily|84092,v2,0,non_economic,0.0,0.0,0,0,0
@uzdaily|84093,v2,1,fiscal,0.9,0.0,0,0,0
@uzdaily|84094,v2,1,macro,0.8,0.0,0,0,0
@uzdaily|84095,v2,1,trade,0.9,0.5,0,0,0
@uzdaily|84096,v2,1,banking_finance,0.8,0.0,0,0,0
@uzdaily|84097,v2,1,business,0.8,0.0,0,0,0
@uzdaily|84098,v2,1,banking_finance,0.7,0.0,0,0,0
@uzdaily|84099,v2,1,trade,0.8,0.5,0,0,0
@uzdaily|84100,v2,0,non_economic,0.0,0.0,0,0,0
@uzdaily|84101,v2,0,non_economic,0.0,0.0,0,0,0
@uzdaily|84102,v2,1,energy_utility,0.9,0.0,0,0,0
@uzdaily|84103,v2,1,banking_finance,0.9,0.0,0,0,0
@uzdaily|84104,v2,0,non_economic,0.0,0.0,0,0,0
@uzdaily|84105,v2,1,trade,0.8,0.0,0,0,0
@uzdaily|84106,v2,1,trade,0.9,0.5,0,0,0
@uzdaily|84107,v2,0,non_economic,0.0,0.0,0,0,0
@uzdaily|84108,v2,1,trade,0.9,0.5,0,0,0
@uzdaily|84109,v2,1,trade,0.9,0.5,0,0,0
@uzdaily|84110,v2,0,non_economic,0.0,0.0,0,0,0
@uzdaily|84111,v2,0,non_economic,0.0,0.0,0,0,0
@uzdaily|84112,v2,1,energy_utility,0.8,0.5,0,0,0
@uzdaily|84113,v2,0,non_economic,0.0,0.0,0,0,0
@uzdaily|84114,v2,0,non_economic,0.0,0.0,0,0,1
@uzdaily|84115,v2,0,non_economic,0.0,0.0,0,0,0
@uzdaily|84116,v2,0,non_economic,0.0,0.0,0,0,1
@daryo|136273,v2,0,non_economic,0.0,0.0,0,0,0
@daryo|136274,v2,0,non_economic,0.0,0.0,0,0,0
@daryo|136275,v2,1,business,0.6,0.0,1,0,0
@daryo|136276,v2,0,non_economic,0.0,0.0,0,0,0
@daryo|136277,v2,1,business,0.6,0.0,1,0,0
@daryo|136278,v2,1,macro,0.7,0.3,0,0,0
@daryo|136279,v2,0,non_economic,0.0,0.0,0,0,0
@daryo|136280,v2,1,banking_finance,0.8,0.5,1,0,0
@daryo|136281,v2,0,non_economic,0.0,0.0,0,0,0
@daryo|136283,v2,1,labour_income,0.8,0.5,0,0,0
@daryo|136284,v2,1,banking_finance,0.8,-0.6,0,0,0
@daryo|136285,v2,1,labour_income,0.7,0.5,0,0,0
@daryo|136286,v2,1,labour_income,0.6,0.4,0,0,0
@daryo|136287,v2,0,non_economic,0.0,0.0,0,0,0
@daryo|136288,v2,1,labour_income,0.7,0.6,0,0,0
@daryo|136289,v2,0,non_economic,0.0,0.0,0,0,0
@daryo|136290,v2,1,labour_income,0.8,0.7,0,0,0
@daryo|136291,v2,0,non_economic,0.0,0.0,0,0,0
@daryo|136292,v2,1,banking_finance,0.8,0.6,0,0,0
@daryo|136293,v2,1,labour_income,0.7,0.6,0,0,0
@daryo|136294,v2,0,non_economic,0.0,0.0,0,0,0
@daryo|136295,v2,0,non_economic,0.0,0.0,0,0,0
@daryo|136296,v2,1,business,0.7,0.2,0,0,0
@daryo|136297,v2,0,non_economic,0.0,0.0,0,0,0
@daryo|136298,v2,1,currency_fx,0.9,0.6,0,0,0
@daryo|136299,v2,0,non_economic,0.0,0.0,0,0,0
@daryo|136300,v2,1,energy_utility,0.6,0.0,0,0,0
@daryo|136301,v2,1,banking_finance,0.8,0.4,1,0,0
@daryo|136302,v2,0,non_economic,0.0,0.0,0,0,0
@daryo|136303,v2,1,construction_realty,0.7,0.0,0,0,0
@daryo|136304,v2,0,non_economic,0.0,0.0,0,0,1
@daryo|136305,v2,0,non_economic,0.0,0.0,0,0,1
@daryo|136306,v2,1,construction_realty,0.8,0.0,0,0,0
@daryo|136307,v2,0,non_economic,0.0,0.0,0,0,0
@daryo|136308,v2,0,non_economic,0.0,0.0,0,0,1
@daryo|136309,v2,0,non_economic,0.0,0.0,0,0,0
@daryo|136310,v2,0,non_economic,0.0,0.0,0,0,0
@daryo|136312,v2,0,non_economic,0.0,0.0,0,1,0
@daryo|136313,v2,0,non_economic,0.0,0.0,0,0,1
@gazetauz|63967,v2,1,banking_finance,0.9,0.0,0,0,0
@gazetauz|63968,v2,1,business,0.8,0.0,1,0,0
@gazetauz|63969,v2,0,non_economic,0.0,0.0,0,0,0
@gazetauz|63970,v2,0,non_economic,0.0,0.0,0,0,0
@gazetauz|63971,v2,0,non_economic,0.0,0.0,0,0,0
@gazetauz|63972,v2,0,non_economic,0.0,0.0,0,0,0
@gazetauz|63973,v2,1,fiscal,0.9,0.0,0,0,0
@gazetauz|63974,v2,1,labour_income,0.6,0.3,1,0,0
@gazetauz|63975,v2,1,fiscal,0.8,0.5,0,0,0
@gazetauz|63976,v2,1,fiscal,0.8,0.5,0,0,0
@gazetauz|63977,v2,1,banking_finance,0.8,0.5,0,0,0
@gazetauz|63978,v2,1,fiscal,0.9,0.4,0,0,0
@gazetauz|63979,v2,1,banking_finance,0.8,0.2,1,0,0
@gazetauz|63980,v2,1,trade,0.85,0.3,0,0,0
@gazetauz|63981,v2,0,non_economic,0.0,0.0,0,0,0
@gazetauz|63982,v2,0,non_economic,0.0,0.0,0,0,0
@gazetauz|63983,v2,1,business,0.7,0.1,1,0,0
@gazetauz|63984,v2,0,non_economic,0.0,0.0,0,0,0
@gazetauz|63985,v2,1,trade,0.9,0.2,0,0,0
@gazetauz|63986,v2,1,currency_fx,0.95,0.6,0,0,0
@gazetauz|63987,v2,1,business,0.6,0.1,1,0,0
@gazetauz|63988,v2,0,non_economic,0.0,0.0,0,0,0
@gazetauz|63989,v2,0,non_economic,0.0,0.0,0,0,0
@gazetauz|63990,v2,0,non_economic,0.0,0.0,0,0,0
@gazetauz|63991,v2,0,non_economic,0.0,0.0,0,0,0
@gazetauz|63992,v2,0,non_economic,0.0,0.0,0,0,0
@gazetauz|63993,v2,0,non_economic,0.0,0.0,0,0,0
@gazetauz|63994,v2,0,non_economic,0.0,0.0,0,0,0
@kunuzofficial|173789,v2,1,business,0.8,0.7,0,0,0
@kunuzofficial|173790,v2,0,non_economic,0.0,0.0,0,0,0
@kunuzofficial|173792,v2,1,business,0.8,0.6,0,0,0
@kunuzofficial|173793,v2,1,banking_finance,0.9,0.5,0,0,0
@kunuzofficial|173794,v2,0,non_economic,0.0,0.0,0,0,0
@kunuzofficial|173797,v2,0,non_economic,0.0,0.0,0,0,0
@kunuzofficial|173798,v2,1,banking_finance,0.8,0.6,0,0,0
@kunuzofficial|173799,v2,1,labour_income,0.7,0.5,0,0,0
@kunuzofficial|173800,v2,1,labour_income,0.8,0.6,0,0,0
@kunuzofficial|173801,v2,1,labour_income,0.6,0.0,0,0,0
@kunuzofficial|173802,v2,0,non_economic,0.0,0.0,0,0,0
@kunuzofficial|173803,v2,1,construction_realty,0.7,-0.2,0,0,0
@kunuzofficial|173804,v2,0,non_economic,0.0,0.0,0,0,0
@kunuzofficial|173805,v2,1,business,0.8,0.2,0,0,0
@kunuzofficial|173806,v2,0,non_economic,0.0,0.0,0,1,0
@kunuzofficial|173807,v2,0,non_economic,0.0,0.0,0,0,0
@kunuzofficial|173811,v2,0,non_economic,0.0,0.0,0,0,1
@kunuzofficial|173815,v2,0,non_economic,0.0,0.0,0,0,0
@kunuzofficial|173816,v2,0,non_economic,0.0,0.0,0,0,1
@kunuzofficial|173817,v2,1,construction_realty,0.7,0.5,0,0,0
@kunuzofficial|173818,v2,0,non_economic,0.0,0.0,0,1,0
@kunuzofficial|173819,v2,0,non_economic,0.0,0.0,0,0,0
@kunuzofficial|173820,v2,0,non_economic,0.0,0.0,0,0,0
@kunuzofficial|173821,v2,0,non_economic,0.0,0.0,0,0,0
@kunuzofficial|173822,v2,0,non_economic,0.0,0.0,0,0,0
@spotuz|39785,v2,1,macro,0.8,0.5,0,0,0
@spotuz|39786,v2,1,currency_fx,0.9,0.6,0,0,0
@spotuz|39787,v2,1,trade,0.8,0.0,0,0,0
@spotuz|39788,v2,1,banking_finance,0.8,0.4,0,0,0
@spotuz|39789,v2,1,business,0.7,0.3,1,0,0
@spotuz|39790,v2,1,construction_realty,0.8,0.4,0,0,0
@spotuz|39791,v2,1,energy_utility,0.8,0.4,0,0,0
@spotuz|39792,v2,1,banking_finance,0.8,0.4,0,0,0
@spotuz|39793,v2,1,banking_finance,0.9,0.0,1,0,0
@spotuz|39794,v2,1,construction_realty,0.85,0.0,0,0,0
@spotuz|39795,v2,1,trade,0.9,0.0,0,0,0
@spotuz|39796,v2,1,trade,0.9,0.6,0,0,0
@spotuz|39797,v2,0,non_economic,0.0,0.0,0,0,0
@spotuz|39798,v2,1,construction_realty,0.8,0.0,0,0,0
@spotuz|39799,v2,1,fiscal,0.9,0.5,0,0,0
@spotuz|39800,v2,0,non_economic,0.0,0.0,0,0,0
@spotuz|39801,v2,1,fiscal,0.9,0.5,0,0,0
@spotuz|39802,v2,1,construction_realty,0.9,0.6,0,0,0
@spotuz|39803,v2,1,fiscal,0.9,0.4,0,0,0
@spotuz|39804,v2,1,banking_finance,0.8,0.2,0,0,0
@spotuz|39805,v2,1,trade,0.85,0.1,0,0,0
@spotuz|39806,v2,1,labour_income,0.8,0.3,0,0,0
@spotuz|39807,v2,0,non_economic,0.0,0.0,0,0,0
@spotuz|39808,v2,1,currency_fx,0.95,0.6,0,0,0
@spotuz|39809,v2,1,fiscal,0.9,0.3,0,0,0
@spotuz|39810,v2,1,trade,0.85,0.2,0,0,0
@spotuz|39812,v2,1,trade,0.8,0.1,0,0,0
@spotuz|39813,v2,1,banking_finance,0.75,0.2,0,0,0
@spotuz|39814,v2,1,construction_realty,0.9,0.0,0,0,0
@spotuz|39815,v2,0,non_economic,0.0,0.0,0,0,0
@spotuz|39816,v2,1,construction_realty,0.8,0.6,0,0,0
@spotuz|39817,v2,1,business,0.9,0.7,0,0,0
@spotuz|39818,v2,0,non_economic,0.0,0.0,0,0,0
@uzdaily|84117,v2,0,non_economic,0.0,0.0,0,0,0
@uzdaily|84118,v2,0,non_economic,0.0,0.0,0,0,0
@uzdaily|84119,v2,1,trade,0.8,0.6,0,0,0
@uzdaily|84120,v2,1,business,0.8,0.6,0,0,0
@uzdaily|84121,v2,1,construction_realty,0.8,0.6,0,0,0
@uzdaily|84122,v2,1,construction_realty,0.9,0.7,0,0,0
@uzdaily|84123,v2,1,banking_finance,0.9,0.6,0,0,0
@uzdaily|84124,v2,0,non_economic,0.0,0.0,0,0,0
@uzdaily|84125,v2,1,trade,0.9,0.6,0,0,0
@uzdaily|84126,v2,1,construction_realty,0.9,0.6,0,0,0
@uzdaily|84127,v2,0,non_economic,0.0,0.0,0,0,0
@uzdaily|84128,v2,1,trade,0.9,0.6,0,0,0
@uzdaily|84129,v2,1,trade,0.9,0.6,0,0,0
@uzdaily|84130,v2,1,banking_finance,0.9,0.6,0,0,0
@uzdaily|84131,v2,1,business,0.9,0.6,0,0,0
@uzdaily|84132,v2,0,non_economic,0.0,0.0,0,0,0
@uzdaily|84133,v2,1,fiscal,0.8,0.6,0,0,0
@uzdaily|84134,v2,0,non_economic,0.0,0.0,0,0,0
@uzdaily|84135,v2,1,business,0.7,0.2,0,0,0
@uzdaily|84136,v2,1,construction_realty,0.8,0.5,0,0,0
@uzdaily|84137,v2,1,banking_finance,0.7,-0.4,0,0,0
@uzdaily|84138,v2,1,currency_fx,0.9,-0.6,0,0,0
@uzdaily|84139,v2,1,business,0.5,-0.1,0,0,0
@uzdaily|84140,v2,1,trade,0.7,0.4,0,0,0
@uzdaily|84141,v2,0,non_economic,0.0,0.0,0,0,0
@uzdaily|84142,v2,1,fiscal,0.9,0.0,0,0,0
@uzdaily|84143,v2,0,non_economic,0.0,0.0,0,0,0
@uzdaily|84144,v2,1,labour_income,0.8,0.6,0,0,0
@uzdaily|84145,v2,0,non_economic,0.0,0.0,0,0,0
@uzdaily|84146,v2,1,trade,0.8,0.5,0,0,0
@uzdaily|84147,v2,0,non_economic,0.0,0.0,0,0,0
@uzdaily|84148,v2,0,non_economic,0.0,0.0,0,0,0
@uzdaily|84149,v2,1,business,0.7,0.5,0,0,0
@uzdaily|84150,v2,0,non_economic,0.0,0.0,0,0,0
@uzdaily|84151,v2,0,non_economic,0.0,0.0,0,0,0
@uzdaily|84152,v2,0,non_economic,0.0,0.0,0,0,0
@uzdaily|84153,v2,0,non_economic,0.0,0.0,0,0,0
@uzdaily|84154,v2,0,non_economic,0.0,0.0,0,0,0
@uzdaily|84155,v2,0,non_economic,0.0,0.0,0,0,0
@uzdaily|84156,v2,1,trade,0.8,0.5,0,0,0
@uzdaily|84157,v2,0,non_economic,0.0,0.0,0,0,0
@uzdaily|84158,v2,0,non_economic,0.0,0.0,0,0,0
@uzdaily|84159,v2,0,non_economic,0.0,0.0,0,0,0
@uzdaily|84160,v2,1,business,0.7,0.4,0,0,0
@uzdaily|84161,v2,1,construction_realty,0.6,0.3,0,0,0
@uzdaily|84162,v2,0,non_economic,0.0,0.0,0,0,0
@uzdaily|84163,v2,0,non_economic,0.0,0.0,0,0,0
@uzdaily|84164,v2,0,non_economic,0.0,0.0,0,0,0
@uzdaily|84165,v2,0,non_economic,0.0,0.0,0,0,0
@uzdaily|84166,v2,0,non_economic,0.0,0.0,0,0,0
@uzdaily|84167,v2,0,non_economic,0.0,0.0,0,0,0
@uzdaily|84168,v2,0,non_economic,0.0,0.0,0,0,0
@daryo|136314,v2,0,non_economic,0.0,0.0,0,0,0
@daryo|136315,v2,0,non_economic,0.0,0.0,0,0,0
@daryo|136316,v2,1,banking_finance,0.8,0.0,1,0,0
@daryo|136317,v2,0,non_economic,0.0,0.0,0,0,0
@daryo|136318,v2,1,energy_utility,0.7,0.5,0,0,0
@daryo|136319,v2,0,non_economic,0.0,0.0,0,0,0
@daryo|136321,v2,0,non_economic,0.0,0.0,0,0,0
@daryo|136322,v2,0,non_economic,0.0,0.0,0,0,0
@daryo|136323,v2,1,energy_utility,0.8,-0.4,0,0,0
@daryo|136324,v2,0,non_economic,0.0,0.0,0,0,0
@daryo|136325,v2,1,business,0.8,0.2,0,0,0
@daryo|136326,v2,0,non_economic,0.0,0.0,0,0,1
@daryo|136327,v2,0,non_economic,0.0,0.0,0,0,0
@daryo|136328,v2,0,non_economic,0.0,0.0,0,0,1
@daryo|136329,v2,1,banking_finance,0.7,0.3,1,0,0
@daryo|136330,v2,0,non_economic,0.0,0.0,0,0,1
@daryo|136332,v2,0,non_economic,0.0,0.0,0,0,0
@daryo|136333,v2,1,business,0.6,0.0,1,0,0
@daryo|136334,v2,1,labour_income,0.7,0.0,0,0,0
@daryo|136335,v2,0,non_economic,0.0,0.0,0,0,0
@daryo|136336,v2,0,non_economic,0.0,0.0,0,0,1
@daryo|136337,v2,0,non_economic,0.0,0.0,0,0,1
@daryo|136338,v2,1,currency_fx,0.9,0.6,0,0,0
@daryo|136340,v2,1,labour_income,0.8,-0.5,0,0,0
@daryo|136341,v2,0,non_economic,0.0,0.0,0,0,1
@daryo|136342,v2,0,non_economic,0.0,0.0,0,0,0
@daryo|136343,v2,0,non_economic,0.0,0.0,1,0,0
@daryo|136344,v2,1,business,0.6,-0.4,0,0,0
@daryo|136345,v2,0,non_economic,0.0,0.0,0,0,0
@daryo|136346,v2,0,non_economic,0.0,0.0,0,0,0
@daryo|136347,v2,0,non_economic,0.0,0.0,0,0,0
@daryo|136348,v2,1,fiscal,0.6,0.2,0,0,0
@daryo|136349,v2,0,non_economic,0.0,0.0,0,0,0
@daryo|136350,v2,0,non_economic,0.0,0.0,0,0,0
@daryo|136351,v2,0,non_economic,0.0,0.0,0,0,0
@daryo|136352,v2,0,non_economic,0.0,0.0,0,0,0
@daryo|136353,v2,0,non_economic,0.0,0.0,0,1,0
@gazetauz|63995,v2,1,banking_finance,0.8,0.0,1,0,0
@gazetauz|63996,v2,1,trade,0.9,0.6,0,0,0
@gazetauz|63997,v2,0,non_economic,0.0,0.0,0,0,0
@gazetauz|64004,v2,1,business,0.8,0.0,0,0,0
@gazetauz|64005,v2,0,non_economic,0.0,0.0,0,0,0
@gazetauz|64006,v2,1,business,0.7,0.0,1,0,0
@gazetauz|64007,v2,1,energy_utility,0.9,0.6,0,0,0
@gazetauz|64008,v2,1,banking_finance,0.8,0.6,0,0,0
@gazetauz|64009,v2,0,non_economic,0.0,0.0,0,0,0
@gazetauz|64010,v2,0,non_economic,0.0,0.0,0,0,0
@gazetauz|64012,v2,0,non_economic,0.0,0.0,0,0,0
@gazetauz|64019,v2,1,labour_income,0.7,0.6,0,0,0
@gazetauz|64020,v2,1,banking_finance,0.8,-0.6,1,0,0
@gazetauz|64021,v2,0,non_economic,0.0,0.0,0,0,1
@gazetauz|64022,v2,1,construction_realty,0.8,-0.5,0,0,0
@gazetauz|64023,v2,1,business,0.7,0.4,0,0,0
@gazetauz|64024,v2,1,energy_utility,0.9,0.6,0,0,0
@gazetauz|64025,v2,0,non_economic,0.0,0.0,1,0,0
@gazetauz|64026,v2,1,banking_finance,0.6,0.3,1,0,0
@gazetauz|64027,v2,0,non_economic,0.0,0.0,0,0,0
@gazetauz|64028,v2,0,non_economic,0.0,0.0,0,0,0
@gazetauz|64029,v2,1,currency_fx,0.9,0.6,0,0,0
@gazetauz|64030,v2,0,non_economic,0.0,0.0,0,0,0
@gazetauz|64031,v2,0,non_economic,0.0,0.0,1,0,0
@gazetauz|64032,v2,0,non_economic,0.0,0.0,0,0,0
@gazetauz|64033,v2,0,non_economic,0.0,0.0,0,0,0
@gazetauz|64034,v2,1,banking_finance,0.8,0.5,0,0,0
@gazetauz|64035,v2,0,non_economic,0.0,0.0,1,0,0
@gazetauz|64036,v2,0,non_economic,0.0,0.0,0,0,0
@gazetauz|64037,v2,0,non_economic,0.0,0.0,0,0,0
@kunuzofficial|173823,v2,0,non_economic,0.0,0.0,0,0,0
@kunuzofficial|173824,v2,0,non_economic,0.0,0.0,0,0,0
@kunuzofficial|173825,v2,0,non_economic,0.0,0.0,0,0,0
@kunuzofficial|173826,v2,0,non_economic,0.0,0.0,0,0,0
@kunuzofficial|173828,v2,0,non_economic,0.0,0.0,0,0,0
@kunuzofficial|173829,v2,0,non_economic,0.0,0.0,0,0,0
@kunuzofficial|173830,v2,0,non_economic,0.0,0.0,0,0,0
@kunuzofficial|173831,v2,0,non_economic,0.0,0.0,0,0,0
@kunuzofficial|173832,v2,0,non_economic,0.0,0.0,0,0,0
@kunuzofficial|173833,v2,0,non_economic,0.0,0.0,1,0,0
@kunuzofficial|173834,v2,0,non_economic,0.0,0.0,0,0,0
@kunuzofficial|173835,v2,1,banking_finance,0.9,0.6,0,0,0
@kunuzofficial|173836,v2,0,non_economic,0.0,0.0,0,0,0
@kunuzofficial|173837,v2,0,non_economic,0.0,0.0,0,0,1
@kunuzofficial|173838,v2,1,banking_finance,0.9,0.7,1,0,0
@kunuzofficial|173839,v2,0,non_economic,0.0,0.0,0,1,1
@kunuzofficial|173840,v2,1,business,0.8,0.6,0,0,0
@kunuzofficial|173842,v2,0,non_economic,0.0,0.0,0,0,0
@kunuzofficial|173843,v2,0,non_economic,0.0,0.0,0,0,0
@kunuzofficial|173844,v2,0,non_economic,0.0,0.0,0,1,0
@kunuzofficial|173845,v2,0,non_economic,0.0,0.0,0,0,1
@kunuzofficial|173846,v2,0,non_economic,0.0,0.0,0,0,1
@kunuzofficial|173847,v2,0,non_economic,0.0,0.0,0,0,1
@kunuzofficial|173850,v2,0,non_economic,0.0,0.0,0,0,0
@kunuzofficial|173851,v2,0,non_economic,0.0,0.0,0,0,0
@spotuz|39819,v2,0,non_economic,0.0,0.0,0,0,0
@spotuz|39820,v2,1,fiscal,0.9,-0.3,0,0,0
@spotuz|39821,v2,1,business,0.8,0.1,0,0,0
@spotuz|39822,v2,1,fiscal,0.7,0.0,0,0,0
@spotuz|39823,v2,1,fiscal,0.8,0.0,0,0,0
@spotuz|39824,v2,1,business,0.6,0.0,0,0,0
@spotuz|39825,v2,1,energy_utility,0.9,-0.4,0,0,0
@spotuz|39826,v2,1,energy_utility,0.9,-0.4,0,0,0
@spotuz|39827,v2,1,business,0.9,0.0,0,0,0
@spotuz|39828,v2,1,banking_finance,0.8,0.0,1,0,0
@spotuz|39829,v2,1,trade,0.85,0.0,0,0,0
@spotuz|39830,v2,1,construction_realty,0.8,0.0,0,0,0
@spotuz|39831,v2,1,banking_finance,0.8,0.0,1,0,0
@spotuz|39832,v2,0,non_economic,0.0,0.0,0,0,0
@spotuz|39833,v2,1,banking_finance,0.8,0.0,1,0,0
@spotuz|39834,v2,1,banking_finance,0.8,0.0,0,0,0
@spotuz|39835,v2,1,currency_fx,0.9,0.6,0,0,0
@spotuz|39836,v2,1,business,0.8,0.0,0,0,0
@spotuz|39837,v2,1,business,0.6,0.0,0,0,0
@spotuz|39838,v2,1,business,0.7,0.0,0,0,0
@spotuz|39839,v2,0,non_economic,0.0,0.0,0,0,0
@spotuz|39844,v2,1,fiscal,0.8,0.0,0,0,0
@spotuz|39845,v2,1,banking_finance,0.8,0.5,0,0,0
@spotuz|39846,v2,1,construction_realty,0.8,0.5,0,0,0
@spotuz|39847,v2,0,non_economic,0.0,0.0,0,0,0
@uzdaily|84169,v2,1,trade,0.7,0.5,0,0,0
@uzdaily|84170,v2,1,labour_income,0.6,0.5,0,0,0
@uzdaily|84171,v2,0,non_economic,0.0,0.0,0,0,1
@uzdaily|84172,v2,1,fiscal,0.9,0.0,0,0,0
@uzdaily|84173,v2,1,labour_income,0.8,0.6,0,0,0
@uzdaily|84174,v2,1,business,0.7,0.0,0,0,0
@uzdaily|84175,v2,1,macro,0.8,0.5,0,0,0
@uzdaily|84176,v2,1,trade,0.7,0.0,0,0,0
@uzdaily|84177,v2,1,trade,0.6,0.0,0,0,0
@uzdaily|84178,v2,1,banking_finance,0.8,0.0,0,0,0
@uzdaily|84179,v2,1,business,0.6,0.0,0,0,0
@uzdaily|84180,v2,1,trade,0.6,0.0,0,0,0
@uzdaily|84181,v2,1,banking_finance,0.7,0.0,0,0,0
@uzdaily|84182,v2,0,non_economic,0.0,0.0,0,0,0
@uzdaily|84183,v2,1,banking_finance,0.8,0.0,0,0,0
@uzdaily|84184,v2,0,non_economic,0.0,0.0,0,0,0
@uzdaily|84185,v2,0,non_economic,0.0,0.0,0,0,0
@uzdaily|84186,v2,0,non_economic,0.0,0.0,0,0,0
@uzdaily|84187,v2,1,trade,0.6,0.0,0,0,0
@uzdaily|84188,v2,1,energy_utility,0.7,0.0,0,0,0
@uzdaily|84189,v2,0,non_economic,0.0,0.0,0,0,0
@uzdaily|84190,v2,0,non_economic,0.0,0.0,0,0,0
@uzdaily|84191,v2,0,non_economic,0.0,0.0,0,0,0
@uzdaily|84192,v2,1,trade,0.9,0.6,0,0,0
@uzdaily|84193,v2,0,non_economic,0.0,0.0,0,0,0
@uzdaily|84194,v2,0,non_economic,0.0,0.0,0,0,0
@uzdaily|84195,v2,0,non_economic,0.0,0.0,0,0,0
@uzdaily|84196,v2,1,macro,0.8,0.0,0,0,0
@uzdaily|84197,v2,1,construction_realty,0.9,0.7,0,0,0
@uzdaily|84198,v2,1,construction_realty,0.9,0.7,0,0,0
@uzdaily|84199,v2,0,non_economic,0.0,0.0,0,0,0
@uzdaily|84200,v2,1,energy_utility,0.6,0.5,0,0,0
@uzdaily|84201,v2,1,trade,0.9,0.6,0,0,0
@uzdaily|84202,v2,1,business,0.9,0.7,0,0,0
@uzdaily|84203,v2,1,fiscal,0.9,0.6,0,0,0
@uzdaily|84204,v2,0,non_economic,0.0,0.0,0,0,0
@uzdaily|84205,v2,0,non_economic,0.0,0.0,0,0,0
@uzdaily|84206,v2,1,business,0.6,0.5,0,0,0
@uzdaily|84207,v2,1,energy_utility,0.7,0.6,0,0,0
@uzdaily|84208,v2,1,business,0.7,0.6,0,0,0
@uzdaily|84209,v2,0,non_economic,0.0,0.0,0,0,0
@uzdaily|84210,v2,0,non_economic,0.0,0.0,0,0,0
@uzdaily|84211,v2,0,non_economic,0.0,0.0,0,0,0
@uzdaily|84212,v2,1,construction_realty,0.9,0.0,0,0,0
@uzdaily|84213,v2,1,business,0.9,0.0,0,0,0
@uzdaily|84214,v2,1,business,0.9,0.0,0,0,0
@uzdaily|84215,v2,1,business,0.9,0.0,0,0,0
@uzdaily|84216,v2,0,non_economic,0.0,0.0,0,0,0
@uzdaily|84217,v2,0,non_economic,0.0,0.0,0,0,0
@daryo|136354,v2,1,business,0.8,0.0,0,0,0
@daryo|136355,v2,1,construction_realty,0.7,0.0,0,0,0
@daryo|136356,v2,0,non_economic,0.0,0.0,0,0,1
@daryo|136357,v2,0,non_economic,0.0,0.0,0,0,0
@daryo|136358,v2,0,non_economic,0.0,0.0,0,0,0
@daryo|136359,v2,0,non_economic,0.0,0.0,0,0,0
@daryo|136360,v2,0,non_economic,0.0,0.0,0,0,0
@daryo|136361,v2,0,non_economic,0.0,0.0,0,0,0
@daryo|136362,v2,0,non_economic,0.0,0.0,0,0,0
@daryo|136363,v2,1,banking_finance,0.9,0.5,1,0,0
@daryo|136364,v2,0,non_economic,0.0,0.0,0,0,0
@daryo|136365,v2,0,non_economic,0.0,0.0,0,0,0
@daryo|136366,v2,0,non_economic,0.0,0.0,0,0,0
@daryo|136367,v2,0,non_economic,0.0,0.0,0,0,0
@daryo|136368,v2,0,non_economic,0.0,0.0,0,0,0
@daryo|136369,v2,0,non_economic,0.0,0.0,0,0,0
@daryo|136370,v2,0,non_economic,0.0,0.0,0,0,0
@daryo|136372,v2,0,non_economic,0.0,0.0,0,0,0
@daryo|136373,v2,0,non_economic,0.0,0.0,0,0,0
@daryo|136374,v2,0,non_economic,0.0,0.0,0,0,0
@daryo|136375,v2,0,non_economic,0.0,0.0,0,0,1
@daryo|136376,v2,0,non_economic,0.0,0.0,0,0,1
@daryo|136377,v2,0,non_economic,0.0,0.0,0,0,1
@daryo|136378,v2,0,non_economic,0.0,0.0,0,0,1
@daryo|136379,v2,0,non_economic,0.0,0.0,0,0,1
@daryo|136380,v2,0,non_economic,0.0,0.0,0,0,1
@daryo|136381,v2,0,non_economic,0.0,0.0,0,0,1
@daryo|136382,v2,0,non_economic,0.0,0.0,0,0,1
@daryo|136383,v2,0,non_economic,0.0,0.0,0,0,1
@daryo|136384,v2,0,non_economic,0.0,0.0,0,1,1
@gazetauz|64038,v2,1,banking_finance,0.8,0.6,1,0,0
@gazetauz|64039,v2,0,non_economic,0.0,0.0,0,0,0
@gazetauz|64040,v2,1,fiscal,0.7,0.0,0,0,0
@gazetauz|64042,v2,1,banking_finance,0.6,0.5,1,0,0
@gazetauz|64043,v2,1,construction_realty,0.9,0.7,1,0,0
@gazetauz|64044,v2,0,non_economic,0.0,0.0,0,0,0
@gazetauz|64045,v2,1,trade,0.7,0.0,0,0,0
@gazetauz|64046,v2,1,fiscal,0.6,0.0,0,0,0
@kunuzofficial|173852,v2,0,non_economic,0.0,0.0,0,0,0
@kunuzofficial|173853,v2,0,non_economic,0.0,0.0,0,0,0
@kunuzofficial|173854,v2,1,business,0.8,0.0,0,0,0
@kunuzofficial|173855,v2,0,non_economic,0.0,0.0,0,0,0
@kunuzofficial|173856,v2,0,non_economic,0.0,0.0,0,0,0
@kunuzofficial|173857,v2,0,non_economic,0.0,0.0,0,0,0
@kunuzofficial|173859,v2,0,non_economic,0.0,0.0,0,0,0
@kunuzofficial|173860,v2,0,non_economic,0.0,0.0,0,0,0
@kunuzofficial|173861,v2,0,non_economic,0.0,0.0,0,0,0
@kunuzofficial|173863,v2,0,non_economic,0.0,0.0,0,0,0
@kunuzofficial|173864,v2,0,non_economic,0.0,0.0,0,0,0
@kunuzofficial|173865,v2,0,non_economic,0.0,0.0,0,0,0
@kunuzofficial|173866,v2,1,business,0.6,0.0,0,0,0
@kunuzofficial|173867,v2,1,energy_utility,0.5,0.3,0,0,0
@kunuzofficial|173868,v2,0,non_economic,0.0,0.0,0,0,1
@kunuzofficial|173869,v2,0,non_economic,0.0,0.0,0,0,0
@kunuzofficial|173870,v2,0,non_economic,0.0,0.0,0,0,0
@kunuzofficial|173871,v2,0,non_economic,0.0,0.0,0,0,0
@kunuzofficial|173872,v2,1,labour_income,0.8,0.5,0,0,0
@kunuzofficial|173873,v2,0,non_economic,0.0,0.0,0,0,0
@kunuzofficial|173874,v2,0,non_economic,0.0,0.0,0,0,0
@kunuzofficial|173875,v2,1,fiscal,0.6,0.0,0,0,0
@kunuzofficial|173876,v2,1,energy_utility,0.8,-0.5,0,0,0
@kunuzofficial|173877,v2,0,non_economic,0.0,0.0,0,0,0
@kunuzofficial|173878,v2,0,non_economic,0.0,0.0,0,0,0
@kunuzofficial|173879,v2,0,non_economic,0.0,0.0,0,0,0
@spotuz|39848,v2,1,banking_finance,0.9,0.0,1,0,0
@spotuz|39849,v2,1,banking_finance,0.7,0.0,0,0,0
@spotuz|39850,v2,0,non_economic,0.0,0.0,0,0,0
@spotuz|39851,v2,1,labour_income,0.6,0.0,0,0,0
@spotuz|39852,v2,1,construction_realty,0.8,0.5,0,0,0
@spotuz|39853,v2,1,prices_inflation,0.9,0.6,0,0,0
@spotuz|39854,v2,1,energy_utility,0.9,0.6,0,0,0
@spotuz|39855,v2,0,non_economic,0.0,0.0,0,0,1
@spotuz|39856,v2,1,prices_inflation,0.9,-0.5,0,0,0
@spotuz|39857,v2,1,business,0.8,0.5,0,0,0
@uzdaily|84218,v2,0,non_economic,0.0,0.0,0,0,0
@uzdaily|84219,v2,1,energy_utility,0.9,0.6,0,0,0
@uzdaily|84220,v2,0,non_economic,0.0,0.0,0,0,0
@uzdaily|84221,v2,0,non_economic,0.0,0.0,0,0,0
@uzdaily|84222,v2,0,non_economic,0.0,0.0,0,0,0
@uzdaily|84223,v2,1,energy_utility,0.7,0.4,0,0,0
@uzdaily|84224,v2,0,non_economic,0.0,0.0,0,0,0
@uzdaily|84225,v2,0,non_economic,0.0,0.0,0,0,0
@uzdaily|84226,v2,0,non_economic,0.0,0.0,0,0,0
@uzdaily|84227,v2,0,non_economic,0.0,0.0,0,0,0
@uzdaily|84228,v2,1,trade,0.8,0.5,0,0,0
@uzdaily|84229,v2,1,banking_finance,0.9,0.6,0,0,0
@uzdaily|84230,v2,1,construction_realty,0.8,0.5,0,0,0
@uzdaily|84231,v2,1,business,0.9,0.6,0,0,0
@uzdaily|84232,v2,0,non_economic,0.0,0.0,0,0,0
@uzdaily|84233,v2,1,fiscal,0.9,0.6,0,0,0
@uzdaily|84234,v2,1,business,0.8,0.3,0,0,0
@uzdaily|84235,v2,0,non_economic,0.0,0.0,0,0,0
@uzdaily|84236,v2,1,business,0.7,0.4,0,0,0
@uzdaily|84237,v2,1,business,0.7,0.4,0,0,0
@uzdaily|84238,v2,1,business,0.6,0.3,0,0,0
@uzdaily|84239,v2,1,business,0.7,0.4,0,0,0
@uzdaily|84240,v2,1,business,0.6,0.3,0,0,0
@uzdaily|84241,v2,1,business,0.8,0.5,0,0,0
@uzdaily|84242,v2,1,banking_finance,0.8,0.5,0,0,0
@uzdaily|84243,v2,0,non_economic,0.0,0.0,0,0,0
@uzdaily|84244,v2,0,non_economic,0.0,0.0,0,0,1
@uzdaily|84245,v2,0,non_economic,0.0,0.0,0,0,1
@uzdaily|84246,v2,0,non_economic,0.0,0.0,0,0,1
@uzdaily|84247,v2,0,non_economic,0.0,0.0,0,0,1
@uzdaily|84248,v2,1,prices_inflation,0.9,0.6,0,0,0
@uzdaily|84249,v2,0,non_economic,0.0,0.0,0,0,1
@uzdaily|84250,v2,0,non_economic,0.0,0.0,0,0,1
@uzdaily|84251,v2,0,non_economic,0.0,0.0,0,0,1
@uzdaily|84252,v2,0,non_economic,0.0,0.0,0,0,1
@uzdaily|84253,v2,0,non_economic,0.0,0.0,0,0,1
@uzdaily|84254,v2,0,non_economic,0.0,0.0,0,0,1
@uzdaily|84255,v2,0,non_economic,0.0,0.0,0,0,1
@uzdaily|84256,v2,0,non_economic,0.0,0.0,0,0,1
@uzdaily|84257,v2,0,non_economic,0.0,0.0,0,0,1
@uzdaily|84258,v2,0,non_economic,0.0,0.0,0,0,1
@uzdaily|84259,v2,0,non_economic,0.0,0.0,0,0,1
@uzdaily|84260,v2,0,non_economic,0.0,0.0,0,0,1
@uzdaily|84261,v2,0,non_economic,0.0,0.0,0,0,1
@uzdaily|84262,v2,0,non_economic,0.0,0.0,0,0,1
@uzdaily|84263,v2,0,non_economic,0.0,0.0,0,0,1
@uzdaily|84264,v2,0,non_economic,0.0,0.0,0,0,0
@uzdaily|84265,v2,0,non_economic,0.0,0.0,0,0,0
@uzdaily|84266,v2,0,non_economic,0.0,0.0,0,0,0
@uzdaily|84267,v2,0,non_economic,0.0,0.0,0,0,1
@daryo|136385,v2,0,non_economic,0.0,0.0,0,0,0
@daryo|136386,v2,1,trade,0.9,0.0,0,0,0
@daryo|136388,v2,0,non_economic,0.0,0.0,0,0,0
@daryo|136389,v2,0,non_economic,0.0,0.0,0,0,0
@daryo|136390,v2,0,non_economic,0.0,0.0,0,0,0
@daryo|136391,v2,0,non_economic,0.0,0.0,0,0,0
@daryo|136392,v2,0,non_economic,0.0,0.0,0,0,0
@daryo|136393,v2,0,non_economic,0.0,0.0,0,0,0
@daryo|136394,v2,0,non_economic,0.0,0.0,0,0,0
@daryo|136395,v2,1,banking_finance,0.8,0.6,0,0,0
@daryo|136396,v2,0,non_economic,0.0,0.0,0,0,1
@daryo|136397,v2,0,non_economic,0.0,0.0,0,0,1
@daryo|136398,v2,0,non_economic,0.0,0.0,0,0,1
@daryo|136399,v2,0,non_economic,0.0,0.0,0,0,1
@daryo|136400,v2,0,non_economic,0.0,0.0,0,0,1
@daryo|136401,v2,0,non_economic,0.0,0.0,0,0,1
@daryo|136402,v2,0,non_economic,0.0,0.0,0,0,1
@daryo|136403,v2,0,non_economic,0.0,0.0,0,0,1
@daryo|136404,v2,0,non_economic,0.0,0.0,0,0,1
@daryo|136405,v2,0,non_economic,0.0,0.0,0,0,1
@daryo|136406,v2,1,prices_inflation,0.9,-0.7,0,0,0
@daryo|136407,v2,0,non_economic,0.0,0.0,0,0,0
@daryo|136408,v2,0,non_economic,0.0,0.0,0,0,0
@daryo|136409,v2,1,labour_income,0.8,0.6,0,0,0
@daryo|136410,v2,0,non_economic,0.0,0.0,0,0,0
@daryo|136411,v2,0,non_economic,0.0,0.0,0,1,0
@gazetauz|64047,v2,0,non_economic,0.0,0.0,0,0,0
@gazetauz|64048,v2,0,non_economic,0.0,0.0,0,0,0
@gazetauz|64049,v2,0,non_economic,0.0,0.0,0,0,0
@gazetauz|64050,v2,0,non_economic,0.0,0.0,0,0,0
@gazetauz|64051,v2,0,non_economic,0.0,0.0,0,0,1
@gazetauz|64052,v2,0,non_economic,0.0,0.0,0,0,0
@kunuzofficial|173880,v2,0,non_economic,0.0,0.0,0,1,0
@kunuzofficial|173881,v2,0,non_economic,0.0,0.0,0,0,0
@kunuzofficial|173882,v2,0,non_economic,0.0,0.0,0,0,0
@kunuzofficial|173883,v2,0,non_economic,0.0,0.0,0,0,0
@kunuzofficial|173884,v2,0,non_economic,0.0,0.0,0,0,0
@kunuzofficial|173885,v2,0,non_economic,0.0,0.0,0,0,1
@kunuzofficial|173886,v2,0,non_economic,0.0,0.0,0,0,0
@kunuzofficial|173887,v2,0,non_economic,0.0,0.0,0,0,0
@kunuzofficial|173888,v2,0,non_economic,0.0,0.0,0,0,0
@kunuzofficial|173889,v2,0,non_economic,0.0,0.0,0,0,1
@kunuzofficial|173891,v2,0,non_economic,0.0,0.0,0,0,0
@kunuzofficial|173892,v2,0,non_economic,0.0,0.0,0,0,0
@kunuzofficial|173893,v2,0,non_economic,0.0,0.0,0,0,0
@spotuz|39858,v2,1,fiscal,0.9,0.7,0,0,0
@spotuz|39859,v2,1,banking_finance,0.8,-0.2,0,0,0
@spotuz|39860,v2,0,non_economic,0.0,0.0,0,1,0
@uzdaily|84268,v2,0,non_economic,0.0,0.0,0,0,0
@uzdaily|84269,v2,0,non_economic,0.0,0.0,0,0,0
@uzdaily|84270,v2,0,non_economic,0.0,0.0,0,0,0
@uzdaily|84271,v2,0,non_economic,0.0,0.0,0,0,0
@uzdaily|84272,v2,1,business,0.8,0.5,0,0,0
@uzdaily|84273,v2,1,banking_finance,0.9,0.6,0,0,0
@uzdaily|84274,v2,1,macro,0.7,0.5,0,0,0
@uzdaily|84275,v2,1,labour_income,0.6,0.0,0,0,0
@uzdaily|84276,v2,1,fiscal,0.7,-0.6,0,0,0
@uzdaily|84277,v2,1,business,0.5,0.4,0,0,0
@uzdaily|84278,v2,0,non_economic,0.0,0.0,0,0,0
@uzdaily|84279,v2,0,non_economic,0.0,0.0,0,0,0
@uzdaily|84280,v2,0,non_economic,0.0,0.0,0,0,0
@uzdaily|84281,v2,0,non_economic,0.0,0.0,0,0,0
@uzdaily|84282,v2,1,energy_utility,0.8,0.5,0,0,0
@daryo|136412,v2,0,non_economic,0.0,0.0,0,0,0
@daryo|136413,v2,1,trade,0.9,0.0,0,0,0
@daryo|136414,v2,0,non_economic,0.0,0.0,0,0,0
@daryo|136415,v2,1,business,0.8,0.3,0,0,0
@daryo|136416,v2,0,non_economic,0.0,0.0,0,0,0
@daryo|136417,v2,0,non_economic,0.0,0.0,0,0,0
@daryo|136418,v2,1,business,0.7,0.0,0,0,0
@daryo|136419,v2,0,non_economic,0.0,0.0,0,0,0
@daryo|136420,v2,0,non_economic,0.0,0.0,0,0,0
@daryo|136421,v2,0,non_economic,0.0,0.0,0,0,0
@daryo|136422,v2,0,non_economic,0.0,0.0,0,0,0
@daryo|136424,v2,0,non_economic,0.0,0.0,0,0,0
@daryo|136425,v2,0,non_economic,0.0,0.0,0,0,0
@daryo|136426,v2,0,non_economic,0.0,0.0,0,0,0
@daryo|136427,v2,0,non_economic,0.0,0.0,0,0,0
@daryo|136428,v2,1,construction_realty,0.6,0.5,0,0,0
@daryo|136429,v2,0,non_economic,0.0,0.0,0,0,0
@daryo|136430,v2,0,non_economic,0.0,0.0,1,0,0
@daryo|136431,v2,0,non_economic,0.0,0.0,0,0,0
@daryo|136432,v2,0,non_economic,0.0,0.0,0,0,0
@daryo|136433,v2,1,energy_utility,0.8,0.5,0,0,0
@daryo|136434,v2,0,non_economic,0.0,0.0,0,0,0
@daryo|136435,v2,1,banking_finance,0.6,0.2,1,0,0
@daryo|136436,v2,0,non_economic,0.0,0.0,0,0,0
@daryo|136438,v2,1,energy_utility,0.7,0.6,0,0,0
@daryo|136439,v2,0,non_economic,0.0,0.0,0,0,0
@daryo|136440,v2,1,currency_fx,0.9,-0.6,0,0,0
@daryo|136441,v2,0,non_economic,0.0,0.0,0,0,0
@daryo|136442,v2,1,energy_utility,0.5,-0.4,0,0,0
@daryo|136443,v2,1,banking_finance,0.6,0.4,1,0,0
@daryo|136444,v2,0,non_economic,0.0,0.0,0,0,1
@daryo|136445,v2,0,non_economic,0.0,0.0,0,0,1
@daryo|136446,v2,0,non_economic,0.0,0.0,0,0,1
@daryo|136447,v2,0,non_economic,0.0,0.0,0,0,1
@daryo|136448,v2,0,non_economic,0.0,0.0,0,0,1
@daryo|136449,v2,0,non_economic,0.0,0.0,0,0,1
@daryo|136450,v2,0,non_economic,0.0,0.0,0,0,1
@daryo|136451,v2,0,non_economic,0.0,0.0,0,0,1
@daryo|136452,v2,0,non_economic,0.0,0.0,0,0,1
@daryo|136453,v2,0,non_economic,0.0,0.0,0,0,1
@daryo|136454,v2,0,non_economic,0.0,0.0,0,1,0
@gazetauz|64053,v2,1,construction_realty,0.9,0.5,0,0,0
@gazetauz|64054,v2,1,trade,0.8,0.5,0,0,0
@gazetauz|64055,v2,0,non_economic,0.0,0.0,1,0,0
@gazetauz|64056,v2,0,non_economic,0.0,0.0,0,0,0
@gazetauz|64057,v2,0,non_economic,0.0,0.0,0,0,0
@gazetauz|64058,v2,1,energy_utility,0.7,-0.4,0,0,0
@gazetauz|64059,v2,0,non_economic,0.0,0.0,0,0,0
@gazetauz|64060,v2,1,business,0.8,0.5,0,0,0
@gazetauz|64061,v2,0,non_economic,0.0,0.0,0,0,0
@gazetauz|64062,v2,0,non_economic,0.0,0.0,0,0,0
@gazetauz|64063,v2,0,non_economic,0.0,0.0,0,0,0
@gazetauz|64064,v2,1,prices_inflation,0.9,-0.3,0,0,0
@gazetauz|64065,v2,1,banking_finance,0.8,0.6,1,0,0
@gazetauz|64066,v2,1,energy_utility,0.8,0.5,0,0,0
@gazetauz|64067,v2,0,non_economic,0.0,0.0,0,0,0
@gazetauz|64068,v2,0,non_economic,0.0,0.0,0,0,0
@gazetauz|64069,v2,1,banking_finance,0.7,0.4,1,0,0
@gazetauz|64070,v2,0,non_economic,0.0,0.0,0,0,0
@gazetauz|64071,v2,0,non_economic,0.0,0.0,0,0,0
@gazetauz|64072,v2,1,currency_fx,0.9,-0.6,0,0,0
@gazetauz|64073,v2,0,non_economic,0.0,0.0,0,0,0
@gazetauz|64074,v2,1,business,0.6,0.0,0,0,0
@gazetauz|64075,v2,0,non_economic,0.0,0.0,0,0,0
@gazetauz|64082,v2,1,macro,0.8,0.5,0,0,0
@gazetauz|64083,v2,1,construction_realty,0.7,0.4,0,0,0
@gazetauz|64084,v2,1,energy_utility,0.9,-0.7,0,0,0
@kunuzofficial|173894,v2,0,non_economic,0.0,0.0,0,0,0
@kunuzofficial|173895,v2,0,non_economic,0.0,0.0,0,0,0
@kunuzofficial|173897,v2,0,non_economic,0.0,0.0,0,0,0
@kunuzofficial|173910,v2,1,business,0.8,0.0,0,0,0
@kunuzofficial|173911,v2,0,non_economic,0.0,0.0,0,1,1
@kunuzofficial|173912,v2,1,energy_utility,0.7,-0.5,0,0,0
@kunuzofficial|173913,v2,0,non_economic,0.0,0.0,0,0,0
@kunuzofficial|173914,v2,0,non_economic,0.0,0.0,0,0,0
@kunuzofficial|173915,v2,0,non_economic,0.0,0.0,0,1,0
@kunuzofficial|173916,v2,0,non_economic,0.0,0.0,0,0,1
@kunuzofficial|173917,v2,0,non_economic,0.0,0.0,0,0,0
@spotuz|39861,v2,0,non_economic,0.0,0.0,0,0,0
@spotuz|39862,v2,1,energy_utility,0.8,0.6,0,0,0
@spotuz|39863,v2,0,non_economic,0.0,0.0,0,0,0
@spotuz|39864,v2,0,non_economic,0.0,0.0,0,0,0
@spotuz|39865,v2,1,trade,0.6,0.5,0,0,0
@spotuz|39866,v2,1,business,0.8,0.0,0,0,0
@spotuz|39867,v2,0,non_economic,0.0,0.0,0,0,0
@spotuz|39868,v2,1,business,0.7,0.5,0,0,0
@spotuz|39869,v2,1,business,0.8,0.6,0,0,0
@spotuz|39870,v2,0,non_economic,0.0,0.0,0,0,0
@spotuz|39871,v2,1,energy_utility,0.8,0.0,0,0,0
@spotuz|39872,v2,1,trade,0.7,0.5,0,0,0
@spotuz|39873,v2,1,currency_fx,0.9,-0.6,0,0,0
@spotuz|39874,v2,1,trade,0.8,0.2,0,0,0
@spotuz|39875,v2,0,non_economic,0.0,0.0,1,0,0
@spotuz|39876,v2,1,business,0.7,0.5,0,0,0
@spotuz|39877,v2,1,trade,0.8,0.6,0,0,0
@spotuz|39878,v2,0,non_economic,0.0,0.0,1,0,0
@spotuz|39879,v2,0,non_economic,0.0,0.0,0,0,1
@uzdaily|84283,v2,0,non_economic,0.0,0.0,0,0,0
@uzdaily|84284,v2,1,banking_finance,0.8,0.6,0,0,0
@uzdaily|84285,v2,1,fiscal,0.9,0.6,0,0,0
@uzdaily|84286,v2,1,business,0.9,0.6,0,0,0
@uzdaily|84287,v2,1,banking_finance,0.8,0.5,0,0,0
@uzdaily|84288,v2,0,non_economic,0.0,0.0,0,0,0
@uzdaily|84289,v2,0,non_economic,0.0,0.0,0,0,0
@uzdaily|84290,v2,0,non_economic,0.0,0.0,0,0,0
@uzdaily|84291,v2,0,non_economic,0.0,0.0,0,0,0
@uzdaily|84292,v2,1,trade,0.7,0.5,0,0,0
@uzdaily|84293,v2,0,non_economic,0.0,0.0,0,0,0
@uzdaily|84294,v2,0,non_economic,0.0,0.0,0,0,0
@uzdaily|84295,v2,1,energy_utility,0.6,-0.4,0,0,0
@uzdaily|84296,v2,0,non_economic,0.0,0.0,0,0,0
@uzdaily|84297,v2,1,energy_utility,0.8,-0.5,0,0,0
@uzdaily|84298,v2,0,non_economic,0.0,0.0,0,0,0
@uzdaily|84299,v2,0,non_economic,0.0,0.0,0,0,0
@uzdaily|84300,v2,0,non_economic,0.0,0.0,0,0,0
@uzdaily|84301,v2,1,business,0.7,0.6,0,0,0
@uzdaily|84302,v2,0,non_economic,0.0,0.0,0,0,0
@uzdaily|84303,v2,1,construction_realty,0.8,0.6,0,0,0
@uzdaily|84304,v2,0,non_economic,0.0,0.0,0,0,0
@uzdaily|84305,v2,1,macro,0.9,0.7,0,0,0
@uzdaily|84306,v2,1,trade,0.9,0.7,0,0,0
@uzdaily|84307,v2,1,energy_utility,0.8,0.6,0,0,0
@uzdaily|84308,v2,1,construction_realty,0.7,0.5,0,0,0
@uzdaily|84309,v2,1,trade,0.8,0.6,0,0,0
@uzdaily|84310,v2,1,construction_realty,0.6,0.4,0,0,0
@uzdaily|84311,v2,1,business,0.8,0.6,0,0,0
@uzdaily|84312,v2,0,non_economic,0.0,0.0,0,0,0
@uzdaily|84313,v2,1,trade,0.7,0.5,0,0,0
@uzdaily|84314,v2,1,business,0.7,0.5,0,0,0
@uzdaily|84315,v2,1,macro,0.9,0.7,0,0,0
@uzdaily|84316,v2,0,non_economic,0.0,0.0,0,0,1
@uzdaily|84317,v2,1,macro,0.9,0.6,0,0,0
@uzdaily|84318,v2,0,non_economic,0.0,0.0,0,0,0
@uzdaily|84320,v2,1,business,0.6,0.3,0,0,0
@uzdaily|84321,v2,1,business,0.8,0.5,0,0,0
@uzdaily|84322,v2,1,trade,0.7,0.4,0,0,0
@uzdaily|84323,v2,0,non_economic,0.0,0.0,0,0,0
@uzdaily|84324,v2,0,non_economic,0.0,0.0,0,0,0
@uzdaily|84325,v2,1,banking_finance,0.8,0.5,0,0,0
@uzdaily|84326,v2,1,energy_utility,0.7,-0.4,0,0,0
@uzdaily|84327,v2,0,non_economic,0.0,0.0,0,0,0
@uzdaily|84328,v2,1,trade,0.9,0.0,0,0,0
@uzdaily|84329,v2,1,trade,0.9,0.0,0,0,0
@uzdaily|84330,v2,1,trade,0.9,0.0,0,0,0
@uzdaily|84331,v2,0,non_economic,0.0,0.0,0,0,0
@uzdaily|84332,v2,0,non_economic,0.0,0.0,0,0,0
@uzdaily|84333,v2,0,non_economic,0.0,0.0,0,0,0
@uzdaily|84334,v2,0,non_economic,0.0,0.0,0,0,0
@uzdaily|84335,v2,1,business,0.7,0.0,0,0,0
@uzdaily|84336,v2,0,non_economic,0.0,0.0,0,0,0
@uzdaily|84337,v2,0,non_economic,0.0,0.0,0,0,1
@uzdaily|84338,v2,0,non_economic,0.0,0.0,0,0,0
@kunuzofficial|173898,v2,0,non_economic,0.0,0.0,0,0,0
@kunuzofficial|173899,v2,0,non_economic,0.0,0.0,0,0,0
@kunuzofficial|173900,v2,0,non_economic,0.0,0.0,0,0,0
@kunuzofficial|173901,v2,0,non_economic,0.0,0.0,0,0,0
@kunuzofficial|173902,v2,0,non_economic,0.0,0.0,0,0,0
@kunuzofficial|173904,v2,0,non_economic,0.0,0.0,0,0,0
@kunuzofficial|173906,v2,0,non_economic,0.0,0.0,0,0,0
@kunuzofficial|173907,v2,1,business,0.4,0.0,0,0,0
@kunuzofficial|173908,v2,0,non_economic,0.0,0.0,0,0,0
@kunuzofficial|173909,v2,1,energy_utility,0.8,0.6,0,0,0
@daryo|136455,v2,0,non_economic,0.0,0.0,0,0,0
@daryo|136456,v2,0,non_economic,0.0,0.0,0,0,0
@daryo|136457,v2,1,trade,0.8,0.5,0,0,0
@daryo|136458,v2,1,energy_utility,0.8,0.4,0,0,0
@daryo|136459,v2,1,business,0.9,0.7,1,0,0
@daryo|136460,v2,0,non_economic,0.0,0.0,0,0,0
@daryo|136461,v2,0,non_economic,0.0,0.0,0,0,0
@daryo|136462,v2,0,non_economic,0.0,0.0,0,0,0
@daryo|136463,v2,0,non_economic,0.0,0.0,0,0,0
@daryo|136464,v2,0,non_economic,0.0,0.0,0,0,0
@daryo|136465,v2,0,non_economic,0.0,0.0,0,0,0
@daryo|136466,v2,0,non_economic,0.0,0.0,0,0,1
@daryo|136467,v2,1,banking_finance,0.9,0.0,0,0,0
@daryo|136468,v2,1,business,0.8,0.0,0,0,0
@daryo|136469,v2,0,non_economic,0.0,0.0,0,0,1
@daryo|136470,v2,0,non_economic,0.0,0.0,0,0,0
@daryo|136471,v2,1,macro,0.85,0.0,0,0,0
@daryo|136472,v2,0,non_economic,0.0,0.0,0,0,0
@daryo|136473,v2,0,non_economic,0.0,0.0,0,0,0
@daryo|136474,v2,1,business,0.7,0.5,0,0,0
@daryo|136476,v2,0,non_economic,0.0,0.0,0,0,1
@daryo|136477,v2,1,business,0.6,0.0,0,0,0
@daryo|136478,v2,0,non_economic,0.0,0.0,0,0,0
@daryo|136479,v2,1,currency_fx,0.9,-0.6,0,0,0
@daryo|136480,v2,0,non_economic,0.0,0.0,0,0,0
@daryo|136481,v2,0,non_economic,0.0,0.0,0,0,0
@daryo|136482,v2,0,non_economic,0.0,0.0,0,0,0
@daryo|136483,v2,0,non_economic,0.0,0.0,0,0,0
@daryo|136484,v2,0,non_economic,0.0,0.0,0,0,0
@daryo|136485,v2,0,non_economic,0.0,0.0,0,0,0
@gazetauz|64087,v2,0,non_economic,0.0,0.0,0,0,0
@gazetauz|64088,v2,0,non_economic,0.0,0.0,0,0,0
@gazetauz|64089,v2,0,non_economic,0.0,0.0,0,0,0
@gazetauz|64090,v2,1,banking_finance,0.8,0.2,1,0,0
@gazetauz|64091,v2,1,fiscal,0.9,0.1,0,0,0
@gazetauz|64092,v2,1,fiscal,0.9,0.1,0,0,0
@gazetauz|64093,v2,1,fiscal,0.8,0.1,0,0,0
@gazetauz|64094,v2,1,trade,0.8,0.1,0,0,0
@gazetauz|64095,v2,1,business,0.7,0.1,1,0,0
@gazetauz|64096,v2,1,fiscal,0.9,0.1,0,0,0
@gazetauz|64097,v2,1,business,0.8,0.2,0,0,0
@gazetauz|64098,v2,0,non_economic,0.0,0.0,0,0,0
@gazetauz|64099,v2,0,non_economic,0.0,0.0,0,0,0
@gazetauz|64100,v2,0,non_economic,0.0,0.0,0,0,0
@gazetauz|64101,v2,1,business,0.8,0.3,0,0,0
@gazetauz|64102,v2,1,business,0.8,0.3,0,0,0
@gazetauz|64103,v2,0,non_economic,0.0,0.0,0,0,0
@gazetauz|64104,v2,0,non_economic,0.0,0.0,0,0,0
@gazetauz|64105,v2,1,trade,0.8,0.3,0,0,0
@gazetauz|64106,v2,1,trade,0.8,0.3,0,0,0
@gazetauz|64107,v2,1,currency_fx,0.9,-0.6,0,0,0
@gazetauz|64108,v2,0,non_economic,0.0,0.0,0,0,0
@gazetauz|64109,v2,0,non_economic,0.0,0.0,0,0,0
@gazetauz|64110,v2,1,energy_utility,0.7,0.5,0,0,0
@gazetauz|64111,v2,0,non_economic,0.0,0.0,0,0,0
@gazetauz|64112,v2,0,non_economic,0.0,0.0,0,0,0
@gazetauz|64113,v2,1,business,0.8,0.6,0,0,0
@gazetauz|64114,v2,1,fiscal,0.8,0.0,0,0,0
@kunuzofficial|173920,v2,1,business,0.9,0.7,1,0,0
@kunuzofficial|173921,v2,0,non_economic,0.0,0.0,0,0,0
@kunuzofficial|173948,v2,0,non_economic,0.0,0.0,0,0,0
@spotuz|39880,v2,1,banking_finance,0.9,0.6,0,0,0
@spotuz|39881,v2,1,banking_finance,0.8,0.5,0,0,0
@spotuz|39882,v2,1,energy_utility,0.9,0.7,0,0,0
@spotuz|39883,v2,1,fiscal,0.8,0.6,0,0,0
@spotuz|39884,v2,1,business,0.7,0.2,0,0,0
@spotuz|39885,v2,1,fiscal,0.8,0.5,0,0,0
@spotuz|39886,v2,1,fiscal,0.9,0.6,0,0,0
@spotuz|39887,v2,1,business,0.8,0.6,0,0,0
@spotuz|39888,v2,1,trade,0.8,0.5,0,0,0
@spotuz|39889,v2,1,construction_realty,0.8,0.2,0,0,0
@spotuz|39890,v2,1,banking_finance,0.7,0.1,0,0,0
@spotuz|39891,v2,1,energy_utility,0.6,0.0,0,0,0
@spotuz|39892,v2,0,non_economic,0.0,0.0,0,0,0
@spotuz|39893,v2,0,non_economic,0.0,0.0,0,0,0
@spotuz|39894,v2,1,trade,0.7,0.0,0,0,0
@spotuz|39895,v2,1,currency_fx,0.9,-0.6,0,0,0
@spotuz|39896,v2,1,banking_finance,0.8,0.0,0,0,0
@spotuz|39897,v2,1,energy_utility,0.8,0.0,0,0,0
@spotuz|39898,v2,1,banking_finance,0.7,0.1,0,0,0
@spotuz|39899,v2,0,non_economic,0.0,0.0,0,0,1
@spotuz|39900,v2,1,trade,0.7,0.5,0,0,0
@spotuz|39901,v2,1,energy_utility,0.8,0.6,0,0,0
@spotuz|39902,v2,1,labour_income,0.6,0.5,1,0,0
@spotuz|39903,v2,1,trade,0.9,0.7,0,0,0
@spotuz|39904,v2,1,trade,0.6,-0.4,0,0,0
@uzdaily|84339,v2,1,trade,0.5,0.3,0,0,0
@uzdaily|84340,v2,1,trade,0.8,0.6,0,0,0
@uzdaily|84341,v2,1,business,0.7,0.6,0,0,0
@uzdaily|84342,v2,1,trade,0.8,0.6,0,0,0
@uzdaily|84343,v2,1,trade,0.9,0.3,0,0,0
@uzdaily|84344,v2,1,labour_income,0.6,0.0,0,0,0
@uzdaily|84345,v2,1,business,0.5,0.0,0,0,0
@uzdaily|84346,v2,0,non_economic,0.0,0.0,0,0,0
@uzdaily|84347,v2,1,trade,0.8,0.4,0,0,0
@uzdaily|84348,v2,1,trade,0.8,0.4,0,0,0
@uzdaily|84349,v2,1,business,0.7,0.3,0,0,0
@uzdaily|84350,v2,1,fiscal,0.8,0.3,0,0,0
@uzdaily|84351,v2,1,trade,0.7,0.0,0,0,0
@uzdaily|84352,v2,1,energy_utility,0.9,0.4,0,0,0
@uzdaily|84353,v2,1,business,0.8,0.6,0,0,0
@uzdaily|84354,v2,1,business,0.8,0.6,0,0,0
@uzdaily|84355,v2,1,business,0.8,0.6,0,0,0
@uzdaily|84356,v2,1,fiscal,0.9,0.0,0,0,0
@uzdaily|84357,v2,1,trade,0.8,0.5,0,0,0
@uzdaily|84358,v2,0,non_economic,0.0,0.0,0,0,0
@uzdaily|84359,v2,1,business,0.8,0.5,0,0,0
@uzdaily|84360,v2,1,fiscal,0.9,0.6,0,0,0
@uzdaily|84361,v2,0,non_economic,0.0,0.0,0,0,0
@uzdaily|84362,v2,1,fiscal,0.8,0.5,0,0,0
@uzdaily|84363,v2,1,business,0.8,0.0,0,0,0
@uzdaily|84364,v2,1,trade,0.7,0.0,0,0,0
@uzdaily|84365,v2,1,business,0.6,0.0,0,0,0
@uzdaily|84366,v2,1,fiscal,0.9,0.7,0,0,0
@uzdaily|84367,v2,0,non_economic,0.0,0.0,0,0,0
@uzdaily|84368,v2,0,non_economic,0.0,0.0,0,0,0
@uzdaily|84369,v2,0,non_economic,0.0,0.0,0,0,0
@uzdaily|84370,v2,0,non_economic,0.0,0.0,0,0,0
@uzdaily|84371,v2,1,trade,0.8,0.0,0,0,0
@uzdaily|84372,v2,1,prices_inflation,0.8,0.0,0,0,0
@uzdaily|84373,v2,1,business,0.8,0.6,0,0,0
@uzdaily|84374,v2,1,business,0.7,0.0,0,0,0
@uzdaily|84375,v2,1,trade,0.8,0.6,0,0,0
@uzdaily|84376,v2,0,non_economic,0.0,0.0,0,0,0
@uzdaily|84377,v2,0,non_economic,0.0,0.0,0,0,0
@uzdaily|84378,v2,1,business,0.6,0.6,0,0,0
@uzdaily|84379,v2,0,non_economic,0.0,0.0,0,0,0
@uzdaily|84380,v2,1,fiscal,0.7,0.6,0,0,0
@uzdaily|84381,v2,1,trade,0.8,0.6,0,0,0
@uzdaily|84382,v2,0,non_economic,0.0,0.0,0,0,0
@uzdaily|84383,v2,1,trade,0.8,0.6,0,0,0
@uzdaily|84384,v2,0,non_economic,0.0,0.0,0,0,0
@uzdaily|84385,v2,0,non_economic,0.0,0.0,0,0,0
@uzdaily|84386,v2,0,non_economic,0.0,0.0,0,0,0
@uzdaily|84387,v2,1,business,0.7,0.5,0,0,0
@uzdaily|84388,v2,1,business,0.8,0.6,0,0,0
@uzdaily|84389,v2,1,business,0.7,0.5,0,0,0
@uzdaily|84390,v2,0,non_economic,0.0,0.0,0,0,0
@uzdaily|84391,v2,0,non_economic,0.0,0.0,0,0,0
@uzdaily|84392,v2,1,construction_realty,0.8,-0.5,0,0,0
@uzdaily|84393,v2,1,trade,0.9,0.8,0,0,0
@uzdaily|84394,v2,1,labour_income,0.6,-0.5,0,0,0
@uzdaily|84395,v2,1,labour_income,0.7,0.6,0,0,0
@uzdaily|84396,v2,1,energy_utility,0.8,0.7,0,0,0
@uzdaily|84397,v2,1,energy_utility,0.8,0.7,0,0,0
@uzdaily|84398,v2,1,trade,0.7,0.6,0,0,0
@uzdaily|84399,v2,1,business,0.6,0.4,0,0,0
@uzdaily|84400,v2,1,trade,0.8,0.7,0,0,0
@uzdaily|84401,v2,1,trade,0.8,0.7,0,0,0
@uzdaily|84402,v2,0,non_economic,0.0,0.0,0,0,0
@uzdaily|84403,v2,0,non_economic,0.0,0.0,0,0,0
@uzdaily|84404,v2,0,non_economic,0.0,0.0,0,0,0
@uzdaily|84405,v2,0,non_economic,0.0,0.0,0,0,0
@uzdaily|84406,v2,0,non_economic,0.0,0.0,0,0,0
@daryo|136486,v2,0,non_economic,0.0,0.0,0,0,0
@daryo|136487,v2,1,trade,0.9,0.6,0,0,0
@daryo|136488,v2,0,non_economic,0.0,0.0,0,0,0
@daryo|136489,v2,0,non_economic,0.0,0.0,0,0,0
@daryo|136490,v2,0,non_economic,0.0,0.0,0,0,0
@daryo|136491,v2,0,non_economic,0.0,0.0,0,0,0
@daryo|136492,v2,0,non_economic,0.0,0.0,0,0,0
@daryo|136493,v2,0,non_economic,0.0,0.0,0,1,0
@gazetauz|64085,v2,0,non_economic,0.0,0.0,1,0,0
@gazetauz|64086,v2,0,non_economic,0.0,0.0,0,0,0
@daryo|136494,v2,0,non_economic,0.0,0.0,0,0,1
@daryo|136495,v2,0,non_economic,0.0,0.0,0,0,1
@daryo|136496,v2,0,non_economic,0.0,0.0,0,0,1
@daryo|136497,v2,0,non_economic,0.0,0.0,0,0,1
@daryo|136498,v2,0,non_economic,0.0,0.0,0,0,1
@daryo|136499,v2,1,fiscal,0.8,0.6,0,0,0
@daryo|136500,v2,0,non_economic,0.0,0.0,0,0,1
@daryo|136501,v2,1,macro,0.7,-0.5,0,0,0
@daryo|136502,v2,1,energy_utility,0.6,-0.4,0,0,0
@daryo|136503,v2,1,banking_finance,0.7,-0.5,0,0,0
@daryo|136504,v2,0,non_economic,0.0,0.0,0,0,0
@daryo|136505,v2,1,construction_realty,0.8,0.6,0,0,0
@daryo|136506,v2,0,non_economic,0.0,0.0,0,0,0
@daryo|136507,v2,1,business,0.7,-0.5,0,0,0
@daryo|136508,v2,0,non_economic,0.0,0.0,0,0,0
@daryo|136509,v2,0,non_economic,0.0,0.0,0,0,0
@daryo|136510,v2,0,non_economic,0.0,0.0,0,0,0
@daryo|136511,v2,1,business,0.6,0.5,1,0,0
@daryo|136512,v2,1,macro,0.9,0.7,0,0,0
@daryo|136513,v2,1,banking_finance,0.8,0.6,1,0,0
@daryo|136514,v2,1,business,0.9,0.7,0,0,0
@daryo|136515,v2,1,currency_fx,0.9,0.6,0,0,0
@daryo|136516,v2,0,non_economic,0.0,0.0,0,0,1
@daryo|136517,v2,1,labour_income,0.9,0.6,0,0,0
@daryo|136518,v2,0,non_economic,0.0,0.0,0,0,1
@daryo|136519,v2,1,fiscal,0.9,0.6,0,0,0
@daryo|136520,v2,0,non_economic,0.0,0.0,0,0,1
@daryo|136521,v2,1,construction_realty,0.5,0.0,0,0,0
@daryo|136522,v2,1,banking_finance,0.6,0.5,0,0,0
@daryo|136523,v2,0,non_economic,0.0,0.0,0,0,1
@gazetauz|64119,v2,1,energy_utility,0.8,0.6,0,0,0
@gazetauz|64120,v2,0,non_economic,0.0,0.0,0,0,0
@gazetauz|64121,v2,0,non_economic,0.0,0.0,0,0,0
@gazetauz|64122,v2,1,macro,0.9,0.7,0,0,0
@gazetauz|64123,v2,0,non_economic,0.0,0.0,0,0,0
@gazetauz|64124,v2,1,banking_finance,0.8,0.4,1,0,0
@gazetauz|64125,v2,1,fiscal,0.9,0.6,0,0,0
@gazetauz|64126,v2,0,non_economic,0.0,0.0,0,0,0
@gazetauz|64127,v2,1,currency_fx,0.9,0.6,0,0,0
@gazetauz|64128,v2,0,non_economic,0.0,0.0,0,0,0
@gazetauz|64129,v2,1,labour_income,0.8,0.6,0,0,0
@gazetauz|64130,v2,1,trade,0.9,0.7,0,0,0
@gazetauz|64131,v2,1,business,0.8,0.6,0,0,0
@gazetauz|64132,v2,1,construction_realty,0.7,0.5,0,0,0
@gazetauz|64133,v2,0,non_economic,0.0,0.0,0,0,0
@kunuzofficial|173922,v2,0,non_economic,0.0,0.0,0,0,0
@kunuzofficial|173923,v2,0,non_economic,0.0,0.0,0,0,0
@kunuzofficial|173924,v2,0,non_economic,0.0,0.0,0,0,0
@kunuzofficial|173925,v2,0,non_economic,0.0,0.0,0,0,0
@kunuzofficial|173928,v2,0,non_economic,0.0,0.0,0,0,0
@kunuzofficial|173929,v2,0,non_economic,0.0,0.0,0,1,1
@kunuzofficial|173930,v2,0,non_economic,0.0,0.0,0,0,0
@kunuzofficial|173934,v2,0,non_economic,0.0,0.0,0,0,0
@kunuzofficial|173935,v2,1,fiscal,0.9,0.5,0,0,0
@kunuzofficial|173936,v2,0,non_economic,0.0,0.0,0,0,0
@kunuzofficial|173937,v2,1,business,0.8,0.6,0,0,0
@kunuzofficial|173939,v2,1,banking_finance,0.8,0.6,0,0,0
@kunuzofficial|173940,v2,0,non_economic,0.0,0.0,0,0,0
@kunuzofficial|173941,v2,1,fiscal,0.7,0.0,0,0,0
@kunuzofficial|173942,v2,0,non_economic,0.0,0.0,0,0,0
@kunuzofficial|173943,v2,0,non_economic,0.0,0.0,0,0,0
@kunuzofficial|173944,v2,1,energy_utility,0.8,0.0,0,0,0
@kunuzofficial|173945,v2,0,non_economic,0.0,0.0,0,0,0
@kunuzofficial|173946,v2,0,non_economic,0.0,0.0,0,0,1
@kunuzofficial|173947,v2,0,non_economic,0.0,0.0,0,0,0
@kunuzofficial|173951,v2,0,non_economic,0.0,0.0,0,0,0
@kunuzofficial|173952,v2,0,non_economic,0.0,0.0,0,0,1
@kunuzofficial|173953,v2,0,non_economic,0.0,0.0,0,0,0
@kunuzofficial|173954,v2,0,non_economic,0.0,0.0,0,0,1
@kunuzofficial|173955,v2,1,fiscal,0.7,0.0,0,0,0
@kunuzofficial|173968,v2,1,business,0.8,0.3,0,0,0
@kunuzofficial|173969,v2,0,non_economic,0.0,0.0,0,0,0
@kunuzofficial|173970,v2,1,trade,0.8,0.0,0,0,0
@kunuzofficial|173971,v2,0,non_economic,0.0,0.0,0,0,0
@kunuzofficial|173972,v2,0,non_economic,0.0,0.0,0,0,0
@spotuz|39905,v2,0,non_economic,0.0,0.0,1,0,0
@spotuz|39906,v2,0,non_economic,0.0,0.0,0,0,0
@spotuz|39907,v2,1,business,0.8,0.5,0,0,0
@spotuz|39908,v2,1,trade,0.7,0.0,0,0,0
@spotuz|39909,v2,1,trade,0.7,0.4,0,0,0
@spotuz|39910,v2,1,construction_realty,0.8,0.0,0,0,0
@spotuz|39911,v2,1,fiscal,0.9,0.6,0,0,0
@spotuz|39912,v2,0,non_economic,0.0,0.0,0,0,0
@spotuz|39913,v2,1,energy_utility,0.85,0.5,0,0,0
@spotuz|39914,v2,1,business,0.7,-0.4,0,0,0
@spotuz|39915,v2,1,fiscal,0.8,0.4,0,0,0
@spotuz|39916,v2,1,labour_income,0.8,0.2,1,0,0
@spotuz|39917,v2,1,currency_fx,0.95,0.6,0,0,0
@spotuz|39918,v2,1,labour_income,0.7,0.5,0,0,0
@spotuz|39919,v2,0,non_economic,0.0,0.0,0,0,0
@spotuz|39920,v2,1,business,0.8,0.6,0,0,0
@spotuz|39921,v2,1,business,0.7,0.5,0,0,0
@spotuz|39922,v2,1,business,0.6,0.4,0,0,0
@spotuz|39923,v2,1,fiscal,0.9,-0.5,0,0,0
@uzdaily|84407,v2,1,macro,0.8,0.6,0,0,0
@uzdaily|84408,v2,0,non_economic,0.0,0.0,0,0,1
@uzdaily|84409,v2,1,business,0.7,0.5,0,0,0
@uzdaily|84410,v2,1,trade,0.9,0.6,0,0,0
@uzdaily|84411,v2,1,fiscal,0.8,0.5,0,0,0
@uzdaily|84412,v2,0,non_economic,0.0,0.0,0,0,0
@uzdaily|84413,v2,0,non_economic,0.0,0.0,0,0,0
@uzdaily|84414,v2,0,non_economic,0.0,0.0,0,0,0
@uzdaily|84415,v2,1,trade,0.9,0.6,0,0,0
@uzdaily|84416,v2,0,non_economic,0.0,0.0,0,0,0
@uzdaily|84417,v2,1,business,0.8,0.6,0,0,0
@uzdaily|84418,v2,0,non_economic,0.0,0.0,0,0,0
@uzdaily|84419,v2,0,non_economic,0.0,0.0,0,0,0
@uzdaily|84420,v2,0,non_economic,0.0,0.0,0,0,0
@uzdaily|84421,v2,0,non_economic,0.0,0.0,0,0,0
@uzdaily|84422,v2,0,non_economic,0.0,0.0,0,0,0
@uzdaily|84423,v2,0,non_economic,0.0,0.0,0,0,0
@uzdaily|84424,v2,0,non_economic,0.0,0.0,0,0,0
@uzdaily|84425,v2,0,non_economic,0.0,0.0,0,0,0
@uzdaily|84426,v2,0,non_economic,0.0,0.0,0,0,0
@uzdaily|84427,v2,1,trade,0.8,0.6,0,0,0
@uzdaily|84428,v2,1,fiscal,0.8,0.6,0,0,0
@uzdaily|84429,v2,1,energy_utility,0.6,0.4,0,0,0
@uzdaily|84430,v2,0,non_economic,0.0,0.0,0,0,0
@uzdaily|84431,v2,1,fiscal,0.7,0.5,0,0,0
@uzdaily|84432,v2,1,labour_income,0.8,0.5,0,0,0
@uzdaily|84433,v2,0,non_economic,0.0,0.0,0,0,0
@uzdaily|84434,v2,0,non_economic,0.0,0.0,0,0,1
@uzdaily|84435,v2,0,non_economic,0.0,0.0,0,0,0
@uzdaily|84436,v2,1,energy_utility,0.8,-0.5,0,0,0
@uzdaily|84437,v2,0,non_economic,0.0,0.0,0,0,0
@uzdaily|84438,v2,1,fiscal,0.9,0.6,0,0,0
@uzdaily|84439,v2,1,banking_finance,0.9,0.5,0,0,0
@uzdaily|84440,v2,1,macro,0.6,0.0,0,0,0
@uzdaily|84441,v2,1,business,0.7,0.4,0,0,0
@uzdaily|84442,v2,1,business,0.8,0.5,0,0,0
@uzdaily|84443,v2,1,energy_utility,0.9,0.0,0,0,0
@uzdaily|84444,v2,0,non_economic,0.0,0.0,0,0,0
@uzdaily|84445,v2,1,business,0.8,0.5,0,0,0
@uzdaily|84446,v2,0,non_economic,0.0,0.0,0,0,0
@uzdaily|84447,v2,0,non_economic,0.0,0.0,0,0,0
@uzdaily|84448,v2,0,non_economic,0.0,0.0,0,0,0
@uzdaily|84449,v2,1,business,0.7,0.4,0,0,0
@uzdaily|84450,v2,1,business,0.8,0.5,0,0,0
@uzdaily|84451,v2,0,non_economic,0.0,0.0,0,0,0
@uzdaily|84452,v2,0,non_economic,0.0,0.0,0,0,0
@uzdaily|84453,v2,1,labour_income,0.8,0.0,0,0,0
@uzdaily|84454,v2,1,labour_income,0.9,0.6,0,0,0
@uzdaily|84455,v2,1,labour_income,0.7,0.5,0,0,0
@uzdaily|84456,v2,1,prices_inflation,0.5,0.0,0,0,0
@uzdaily|84457,v2,1,trade,0.8,-0.6,0,0,0
@uzdaily|84458,v2,0,non_economic,0.0,0.0,0,0,0
@uzdaily|84459,v2,0,non_economic,0.0,0.0,0,0,0
@uzdaily|84460,v2,1,business,0.6,0.0,0,0,0
@uzdaily|84461,v2,1,labour_income,0.6,0.0,0,0,0
@uzdaily|84462,v2,1,labour_income,0.7,0.0,0,0,0
@uzdaily|84463,v2,0,non_economic,0.0,0.0,0,0,1
@uzdaily|84464,v2,0,non_economic,0.0,0.0,0,0,1
@kunuzofficial|173956,v2,0,non_economic,0.0,0.0,0,0,0
@kunuzofficial|173957,v2,1,trade,0.9,0.7,0,0,0
@kunuzofficial|173959,v2,0,non_economic,0.0,0.0,0,1,0
@kunuzofficial|173960,v2,1,trade,0.8,0.5,0,0,0
@kunuzofficial|173961,v2,0,non_economic,0.0,0.0,0,0,0
@kunuzofficial|173962,v2,0,non_economic,0.0,0.0,0,0,0
@kunuzofficial|173963,v2,0,non_economic,0.0,0.0,0,0,0
@kunuzofficial|173964,v2,0,non_economic,0.0,0.0,0,0,0
@kunuzofficial|173966,v2,1,banking_finance,0.8,0.6,1,0,0
@kunuzofficial|173967,v2,0,non_economic,0.0,0.0,0,0,0
@daryo|136536,v2,0,non_economic,0.0,0.0,0,0,1
@daryo|136537,v2,1,banking_finance,0.8,0.5,0,0,0
@daryo|136538,v2,1,construction_realty,0.9,0.6,0,0,0
@daryo|136539,v2,0,non_economic,0.0,0.0,0,0,0
@daryo|136540,v2,0,non_economic,0.0,0.0,0,0,0
@daryo|136541,v2,0,non_economic,0.0,0.0,0,0,0
@daryo|136542,v2,0,non_economic,0.0,0.0,0,0,0
@daryo|136543,v2,0,non_economic,0.0,0.0,0,0,0
@daryo|136544,v2,0,non_economic,0.0,0.0,0,0,0
@daryo|136545,v2,0,non_economic,0.0,0.0,0,0,0
@daryo|136546,v2,0,non_economic,0.0,0.0,0,0,0
@daryo|136547,v2,0,non_economic,0.0,0.0,0,0,0
@daryo|136548,v2,0,non_economic,0.0,0.0,0,0,0
@daryo|136549,v2,0,non_economic,0.0,0.0,0,0,0
@daryo|136550,v2,0,non_economic,0.0,0.0,0,0,0
@daryo|136551,v2,0,non_economic,0.0,0.0,0,0,0
@daryo|136552,v2,1,labour_income,0.8,0.6,0,0,0
@daryo|136553,v2,1,currency_fx,0.7,0.0,0,0,0
@daryo|136554,v2,1,business,0.7,0.3,0,0,0
@daryo|136555,v2,1,banking_finance,0.8,0.5,0,0,0
@daryo|136556,v2,1,business,0.8,0.6,0,0,0
@daryo|136557,v2,1,currency_fx,0.9,0.6,0,0,0
@daryo|136558,v2,0,non_economic,0.0,0.0,0,0,0
@daryo|136559,v2,0,non_economic,0.0,0.0,0,0,1
@daryo|136560,v2,0,non_economic,0.0,0.0,1,0,0
@daryo|136561,v2,0,non_economic,0.0,0.0,0,0,0
@daryo|136562,v2,0,non_economic,0.0,0.0,0,0,0
@daryo|136563,v2,0,non_economic,0.0,0.0,0,0,0
@daryo|136564,v2,0,non_economic,0.0,0.0,0,0,0
@daryo|136565,v2,1,prices_inflation,0.8,-0.6,0,0,0
@daryo|136566,v2,0,non_economic,0.0,0.0,0,0,1
@daryo|136567,v2,0,non_economic,0.0,0.0,0,0,0
@daryo|136568,v2,1,energy_utility,0.8,0.5,0,0,0
@daryo|136569,v2,0,non_economic,0.0,0.0,0,0,1
@daryo|136570,v2,1,business,0.6,0.3,0,0,0
@daryo|136571,v2,0,non_economic,0.0,0.0,0,0,0
@daryo|136572,v2,0,non_economic,0.0,0.0,0,1,0
@gazetauz|64115,v2,0,non_economic,0.0,0.0,0,0,1
@gazetauz|64116,v2,0,non_economic,0.0,0.0,0,0,1
@gazetauz|64117,v2,1,energy_utility,0.7,-0.5,0,0,0
@gazetauz|64118,v2,0,non_economic,0.0,0.0,1,0,0
@gazetauz|64134,v2,0,non_economic,0.0,0.0,0,0,1
@gazetauz|64135,v2,0,non_economic,0.0,0.0,1,0,0
@gazetauz|64136,v2,0,non_economic,0.0,0.0,0,0,0
@gazetauz|64137,v2,1,construction_realty,0.6,0.0,0,0,0
@gazetauz|64138,v2,1,business,0.6,0.0,0,0,0
@gazetauz|64139,v2,1,business,0.7,0.0,0,0,0
@gazetauz|64140,v2,0,non_economic,0.0,0.0,0,0,0
@gazetauz|64141,v2,0,non_economic,0.0,0.0,0,0,0
@gazetauz|64142,v2,0,non_economic,0.0,0.0,0,0,0
@gazetauz|64143,v2,0,non_economic,0.0,0.0,0,0,0
@gazetauz|64144,v2,0,non_economic,0.0,0.0,0,0,0
@gazetauz|64145,v2,0,non_economic,0.0,0.0,0,0,0
@gazetauz|64146,v2,0,non_economic,0.0,0.0,0,0,0
@gazetauz|64147,v2,0,non_economic,0.0,0.0,0,0,0
@gazetauz|64148,v2,0,non_economic,0.0,0.0,0,0,0
@gazetauz|64149,v2,0,non_economic,0.0,0.0,0,0,0
@gazetauz|64150,v2,0,non_economic,0.0,0.0,0,0,0
@gazetauz|64151,v2,1,energy_utility,0.6,0.0,0,0,0
@gazetauz|64152,v2,1,banking_finance,0.9,0.2,0,0,0
@gazetauz|64153,v2,1,banking_finance,0.9,0.6,0,0,0
@gazetauz|64154,v2,0,non_economic,0.0,0.0,0,0,0
@gazetauz|64155,v2,0,non_economic,0.0,0.0,0,0,0
@gazetauz|64156,v2,1,labour_income,0.7,0.5,0,0,0
@gazetauz|64157,v2,0,non_economic,0.0,0.0,0,0,0
@gazetauz|64158,v2,1,prices_inflation,0.9,-0.6,0,0,0
@gazetauz|64159,v2,0,non_economic,0.0,0.0,0,0,1
@gazetauz|64160,v2,1,construction_realty,0.9,0.6,0,0,0
@gazetauz|64161,v2,0,non_economic,0.0,0.0,0,0,0
@gazetauz|64162,v2,0,non_economic,0.0,0.0,0,0,0
@gazetauz|64163,v2,0,non_economic,0.0,0.0,0,0,0
@kunuzofficial|173976,v2,0,non_economic,0.0,0.0,0,0,0
@kunuzofficial|173977,v2,0,non_economic,0.0,0.0,0,0,0
@kunuzofficial|173978,v2,1,banking_finance,0.8,0.2,1,0,0
@kunuzofficial|173979,v2,1,labour_income,0.9,0.6,0,0,0
@kunuzofficial|173981,v2,0,non_economic,0.0,0.0,0,0,0
@kunuzofficial|173982,v2,0,non_economic,0.0,0.0,0,0,0
@kunuzofficial|173983,v2,0,non_economic,0.0,0.0,0,0,0
@kunuzofficial|173986,v2,0,non_economic,0.0,0.0,0,0,0
@kunuzofficial|173987,v2,0,non_economic,0.0,0.0,0,0,0
@kunuzofficial|173988,v2,0,non_economic,0.0,0.0,0,0,1
@kunuzofficial|173989,v2,0,non_economic,0.0,0.0,0,0,1
@kunuzofficial|173990,v2,0,non_economic,0.0,0.0,0,1,1
@kunuzofficial|173991,v2,0,non_economic,0.0,0.0,0,0,1
@kunuzofficial|173992,v2,0,non_economic,0.0,0.0,0,0,1
@kunuzofficial|173993,v2,0,non_economic,0.0,0.0,0,0,1
@kunuzofficial|173994,v2,0,non_economic,0.0,0.0,0,0,1
@kunuzofficial|173997,v2,0,non_economic,0.0,0.0,0,0,1
@kunuzofficial|173998,v2,0,non_economic,0.0,0.0,0,0,1
@kunuzofficial|173999,v2,0,non_economic,0.0,0.0,0,1,1
@spotuz|39945,v2,0,non_economic,0.0,0.0,0,0,0
@spotuz|39946,v2,1,prices_inflation,0.9,-0.7,0,0,0
@spotuz|39947,v2,0,non_economic,0.0,0.0,0,0,0
@spotuz|39948,v2,0,non_economic,0.0,0.0,0,0,0
@spotuz|39949,v2,1,construction_realty,0.8,0.0,0,0,0
@uzdaily|84465,v2,1,banking_finance,0.9,0.6,0,0,0
@uzdaily|84466,v2,1,banking_finance,0.9,0.5,0,0,0
@uzdaily|84467,v2,1,trade,0.8,0.6,0,0,0
@uzdaily|84468,v2,0,non_economic,0.0,0.0,0,0,0
@uzdaily|84469,v2,1,banking_finance,0.9,0.0,0,0,0
@uzdaily|84470,v2,1,trade,0.8,0.0,0,0,0
@uzdaily|84471,v2,1,trade,0.8,0.0,0,0,0
@uzdaily|84472,v2,1,business,0.7,0.5,0,0,0
@uzdaily|84473,v2,0,non_economic,0.0,0.0,0,0,0
@uzdaily|84474,v2,1,business,0.6,0.0,0,0,0
@uzdaily|84475,v2,0,non_economic,0.0,0.0,0,0,0
@uzdaily|84476,v2,1,business,0.7,0.5,0,0,0
@uzdaily|84477,v2,1,business,0.5,0.5,0,0,0
@uzdaily|84478,v2,1,business,0.6,0.5,0,0,0
@uzdaily|84479,v2,0,non_economic,0.0,0.0,0,0,0
@uzdaily|84480,v2,1,construction_realty,0.8,0.6,0,0,0
@uzdaily|84481,v2,0,non_economic,0.0,0.0,0,0,0
@uzdaily|84482,v2,0,non_economic,0.0,0.0,0,0,0
@uzdaily|84483,v2,1,business,0.7,0.5,0,0,0
@uzdaily|84484,v2,0,non_economic,0.0,0.0,0,0,0
@uzdaily|84485,v2,1,currency_fx,0.9,0.0,0,0,0
@uzdaily|84486,v2,0,non_economic,0.0,0.0,0,0,0
@uzdaily|84487,v2,0,non_economic,0.0,0.0,0,0,0
@uzdaily|84488,v2,0,non_economic,0.0,0.0,0,0,0
@uzdaily|84489,v2,1,business,0.8,0.6,0,0,0
@uzdaily|84490,v2,1,banking_finance,0.9,0.0,0,0,0
@uzdaily|84491,v2,0,non_economic,0.0,0.0,0,0,0
@uzdaily|84492,v2,0,non_economic,0.0,0.0,0,0,0
@uzdaily|84493,v2,1,trade,0.9,0.5,0,0,0
@uzdaily|84494,v2,1,banking_finance,0.9,0.5,0,0,0
@uzdaily|84495,v2,0,non_economic,0.0,0.0,0,0,0
@uzdaily|84496,v2,1,trade,0.9,0.5,0,0,0
@uzdaily|84497,v2,0,non_economic,0.0,0.0,0,0,0
@uzdaily|84498,v2,1,trade,0.9,0.5,0,0,0
@uzdaily|84499,v2,1,trade,0.9,0.5,0,0,0
@uzdaily|84500,v2,0,non_economic,0.0,0.0,0,0,0
@uzdaily|84501,v2,1,business,0.8,0.5,0,0,0
@uzdaily|84502,v2,0,non_economic,0.0,0.0,0,0,0
@uzdaily|84503,v2,0,non_economic,0.0,0.0,0,0,0
@uzdaily|84504,v2,1,business,0.7,0.5,0,0,0
@uzdaily|84505,v2,1,trade,0.8,0.5,0,0,0
@uzdaily|84506,v2,0,non_economic,0.0,0.0,0,0,0
@uzdaily|84507,v2,1,business,0.8,0.5,0,0,0
@uzdaily|84508,v2,1,banking_finance,0.9,0.5,0,0,0
@uzdaily|84509,v2,1,macro,0.8,0.5,0,0,0
@uzdaily|84510,v2,0,non_economic,0.0,0.0,0,0,0
@uzdaily|84511,v2,0,non_economic,0.0,0.0,0,0,0
@uzdaily|84512,v2,1,energy_utility,0.8,0.5,0,0,0
@uzdaily|84513,v2,1,trade,0.9,0.6,0,0,0
@uzdaily|84514,v2,1,business,0.6,0.0,0,0,0
@uzdaily|84515,v2,0,non_economic,0.0,0.0,0,0,0
@uzdaily|84516,v2,0,non_economic,0.0,0.0,0,0,0
@uzdaily|84517,v2,0,non_economic,0.0,0.0,0,0,1
@uzdaily|84518,v2,0,non_economic,0.0,0.0,0,0,0
@uzdaily|84519,v2,1,business,0.8,0.6,0,0,0
@uzdaily|84520,v2,1,currency_fx,0.9,0.0,0,0,0
@uzdaily|84521,v2,1,business,0.7,0.0,0,0,0
@uzdaily|84522,v2,0,non_economic,0.0,0.0,0,0,1
@uzdaily|84523,v2,1,banking_finance,0.8,0.5,0,0,0
@uzdaily|84524,v2,0,non_economic,0.0,0.0,0,0,0
@uzdaily|84525,v2,0,non_economic,0.0,0.0,0,0,0
@uzdaily|84526,v2,1,energy_utility,0.6,-0.4,0,0,0
@uzdaily|84527,v2,1,trade,0.8,0.6,0,0,0
@uzdaily|84528,v2,1,banking_finance,0.7,0.5,0,0,0
@uzdaily|84529,v2,1,business,0.7,0.0,0,0,0
@uzdaily|84530,v2,0,non_economic,0.0,0.0,0,0,1
@uzdaily|84531,v2,0,non_economic,0.0,0.0,0,0,1
@uzdaily|84532,v2,0,non_economic,0.0,0.0,0,0,1
@uzdaily|84533,v2,0,non_economic,0.0,0.0,0,0,1
@uzdaily|84534,v2,0,non_economic,0.0,0.0,0,0,1
@uzdaily|84535,v2,0,non_economic,0.0,0.0,0,0,1
@uzdaily|84536,v2,0,non_economic,0.0,0.0,0,0,1
@uzdaily|84537,v2,0,non_economic,0.0,0.0,0,0,1
@uzdaily|84538,v2,0,non_economic,0.0,0.0,0,0,1
@uzdaily|84539,v2,0,non_economic,0.0,0.0,0,0,1
@uzdaily|84540,v2,1,prices_inflation,0.9,-0.6,0,0,0
@kunuzofficial|174000,v2,1,fiscal,0.9,0.4,0,0,0
@kunuzofficial|174001,v2,1,prices_inflation,0.8,-0.6,0,0,0
@kunuzofficial|174002,v2,0,non_economic,0.0,0.0,0,0,0
@spotuz|39925,v2,1,trade,0.85,0.3,0,0,0
@spotuz|39926,v2,1,trade,0.8,0.2,0,0,0
@spotuz|39927,v2,1,banking_finance,0.7,0.1,1,0,0
@spotuz|39928,v2,0,non_economic,0.0,0.0,0,0,0
@spotuz|39929,v2,1,construction_realty,0.75,0.2,0,0,0
@spotuz|39930,v2,1,banking_finance,0.8,0.1,0,0,0
@spotuz|39934,v2,1,banking_finance,0.85,0.1,0,0,0
@daryo|136524,v2,0,non_economic,0.0,0.0,0,0,0
@daryo|136525,v2,0,non_economic,0.0,0.0,0,0,1
@daryo|136526,v2,0,non_economic,0.0,0.0,0,0,0
@daryo|136527,v2,0,non_economic,0.0,0.0,0,0,0
@daryo|136530,v2,0,non_economic,0.0,0.0,0,1,0
@daryo|136531,v2,0,non_economic,0.0,0.0,0,0,0
@daryo|136532,v2,0,non_economic,0.0,0.0,0,0,0
@daryo|136533,v2,0,non_economic,0.0,0.0,0,0,0
@daryo|136534,v2,0,non_economic,0.0,0.0,0,0,0
@daryo|136535,v2,0,non_economic,0.0,0.0,0,0,0
@daryo|136573,v2,0,non_economic,0.0,0.0,0,0,0
@daryo|136574,v2,0,non_economic,0.0,0.0,0,0,0
@daryo|136575,v2,1,prices_inflation,0.8,-0.6,0,0,0
@daryo|136576,v2,0,non_economic,0.0,0.0,0,0,0
@daryo|136577,v2,0,non_economic,0.0,0.0,0,0,0
@daryo|136578,v2,0,non_economic,0.0,0.0,0,0,0
@daryo|136579,v2,0,non_economic,0.0,0.0,0,0,0
@daryo|136580,v2,0,non_economic,0.0,0.0,0,0,0
@daryo|136581,v2,0,non_economic,0.0,0.0,0,0,0
@daryo|136582,v2,0,non_economic,0.0,0.0,0,0,0
@daryo|136583,v2,0,non_economic,0.0,0.0,0,0,1
@daryo|136584,v2,1,trade,0.9,0.6,0,0,0
@daryo|136585,v2,1,trade,0.9,0.6,0,0,0
@daryo|136586,v2,0,non_economic,0.0,0.0,0,0,0
@daryo|136587,v2,0,non_economic,0.0,0.0,0,0,0
@daryo|136588,v2,0,non_economic,0.0,0.0,0,0,0
@daryo|136590,v2,1,fiscal,0.6,-0.5,0,0,0
@daryo|136591,v2,0,non_economic,0.0,0.0,1,0,0
@daryo|136592,v2,0,non_economic,0.0,0.0,0,0,0
@daryo|136593,v2,1,prices_inflation,0.9,-0.6,0,0,0
@daryo|136594,v2,0,non_economic,0.0,0.0,0,0,0
@daryo|136595,v2,0,non_economic,0.0,0.0,1,0,0
@daryo|136596,v2,1,prices_inflation,0.8,-0.5,0,0,0
@daryo|136597,v2,0,non_economic,0.0,0.0,0,0,0
@daryo|136598,v2,1,currency_fx,0.9,0.6,0,0,0
@daryo|136599,v2,0,non_economic,0.0,0.0,0,0,0
@daryo|136600,v2,1,business,0.7,0.2,0,0,0
@daryo|136601,v2,0,non_economic,0.0,0.0,1,0,0
@daryo|136602,v2,1,prices_inflation,0.8,-0.5,0,0,0
@daryo|136603,v2,1,construction_realty,0.7,0.3,0,0,0
@daryo|136604,v2,0,non_economic,0.0,0.0,0,0,0
@daryo|136605,v2,0,non_economic,0.0,0.0,0,0,0
@daryo|136606,v2,1,construction_realty,0.6,-0.3,0,0,0
@daryo|136607,v2,1,banking_finance,0.8,0.5,0,0,0
@daryo|136608,v2,1,construction_realty,0.7,0.4,0,0,0
@daryo|136609,v2,0,non_economic,0.0,0.0,0,0,0
@daryo|136610,v2,1,labour_income,0.6,0.3,0,0,0
@daryo|136611,v2,0,non_economic,0.0,0.0,0,0,0
@daryo|136612,v2,0,non_economic,0.0,0.0,0,0,0
@daryo|136613,v2,1,energy_utility,0.8,0.5,0,0,0
@daryo|136614,v2,0,non_economic,0.0,0.0,0,0,0
@daryo|136615,v2,0,non_economic,0.0,0.0,0,1,0
@gazetauz|64164,v2,0,non_economic,0.0,0.0,0,0,0
@gazetauz|64165,v2,0,non_economic,0.0,0.0,0,0,0
@gazetauz|64166,v2,0,non_economic,0.0,0.0,0,0,0
@gazetauz|64167,v2,0,non_economic,0.0,0.0,1,0,0
@gazetauz|64168,v2,1,trade,0.8,0.5,0,0,0
@gazetauz|64169,v2,1,business,0.8,0.5,0,0,0
@gazetauz|64170,v2,1,business,0.6,0.0,0,0,0
@gazetauz|64171,v2,1,fiscal,0.7,-0.5,0,0,0
@gazetauz|64172,v2,1,construction_realty,0.9,0.7,1,0,0
@gazetauz|64173,v2,1,trade,0.8,0.6,0,0,0
@gazetauz|64174,v2,1,construction_realty,0.7,0.5,0,0,0
@gazetauz|64175,v2,1,banking_finance,0.8,0.6,0,0,0
@gazetauz|64176,v2,0,non_economic,0.0,0.0,0,0,0
@gazetauz|64177,v2,0,non_economic,0.0,0.0,0,0,0
@gazetauz|64178,v2,1,construction_realty,0.7,-0.4,0,0,0
@gazetauz|64183,v2,1,construction_realty,0.9,0.6,0,0,0
@gazetauz|64184,v2,0,non_economic,0.0,0.0,0,0,0
@gazetauz|64185,v2,0,non_economic,0.0,0.0,0,0,0
@gazetauz|64186,v2,0,non_economic,0.0,0.0,0,0,0
@gazetauz|64187,v2,0,non_economic,0.0,0.0,0,0,0
@kunuzofficial|174003,v2,0,non_economic,0.0,0.0,0,0,0
@kunuzofficial|174004,v2,1,prices_inflation,0.8,-0.6,0,0,0
@kunuzofficial|174005,v2,0,non_economic,0.0,0.0,0,0,0
@kunuzofficial|174006,v2,1,business,0.7,0.0,1,0,0
@kunuzofficial|174007,v2,0,non_economic,0.0,0.0,0,0,0
@kunuzofficial|174008,v2,0,non_economic,0.0,0.0,0,0,0
@kunuzofficial|174009,v2,0,non_economic,0.0,0.0,0,0,0
@kunuzofficial|174010,v2,0,non_economic,0.0,0.0,0,0,0
@kunuzofficial|174023,v2,0,non_economic,0.0,0.0,0,0,0
@kunuzofficial|174024,v2,0,non_economic,0.0,0.0,0,0,0
@spotuz|39935,v2,1,banking_finance,0.9,0.5,0,0,0
@spotuz|39936,v2,0,non_economic,0.0,0.0,0,0,0
@spotuz|39937,v2,1,construction_realty,0.8,0.4,0,0,0
@spotuz|39938,v2,0,non_economic,0.0,0.0,0,0,0
@spotuz|39939,v2,1,banking_finance,0.9,0.5,0,0,0
@spotuz|39940,v2,1,fiscal,0.7,0.3,0,0,0
@spotuz|39941,v2,1,business,0.8,0.5,0,0,0
@spotuz|39942,v2,1,macro,0.9,0.6,0,0,0
@spotuz|39943,v2,1,currency_fx,0.9,0.6,0,0,0
@spotuz|39944,v2,1,fiscal,0.8,0.5,0,0,0
@spotuz|39958,v2,0,non_economic,0.0,0.0,0,0,0
@spotuz|39959,v2,1,currency_fx,0.8,0.0,0,0,0
@spotuz|39960,v2,1,fiscal,0.7,-0.4,0,0,0
@spotuz|39961,v2,1,energy_utility,0.8,0.5,0,0,0
@spotuz|39962,v2,1,business,0.7,0.0,0,0,0
@spotuz|39963,v2,0,non_economic,0.0,0.0,1,0,0
@spotuz|39964,v2,0,non_economic,0.0,0.0,0,0,0
@spotuz|39965,v2,1,construction_realty,0.8,0.5,0,0,0
@spotuz|39966,v2,1,construction_realty,0.9,0.8,1,0,0
@spotuz|39967,v2,1,prices_inflation,0.8,-0.6,0,0,0
@spotuz|39968,v2,1,construction_realty,0.7,0.5,0,0,0
@spotuz|39969,v2,1,banking_finance,0.8,0.6,1,0,0
@spotuz|39970,v2,1,currency_fx,0.9,-0.6,0,0,0
@spotuz|39971,v2,1,fiscal,0.6,0.4,0,0,0
@spotuz|39972,v2,0,non_economic,0.0,0.0,0,0,0
@spotuz|39973,v2,0,non_economic,0.0,0.0,0,0,0
@spotuz|39974,v2,0,non_economic,0.0,0.0,0,0,0
@spotuz|39975,v2,1,construction_realty,0.7,0.5,0,0,0
@spotuz|39976,v2,1,business,0.9,0.6,0,0,0
@spotuz|39977,v2,1,banking_finance,0.8,0.5,0,0,0
@spotuz|39978,v2,1,construction_realty,0.7,0.0,0,0,0
@spotuz|39979,v2,0,non_economic,0.0,0.0,0,0,0
@uzdaily|84541,v2,1,energy_utility,0.8,0.0,0,0,0
@uzdaily|84542,v2,1,construction_realty,0.7,0.0,0,0,0
@uzdaily|84543,v2,0,non_economic,0.0,0.0,0,0,0
@uzdaily|84544,v2,0,non_economic,0.0,0.0,0,0,0
@uzdaily|84545,v2,0,non_economic,0.0,0.0,0,0,0
@uzdaily|84546,v2,0,non_economic,0.0,0.0,0,0,0
@uzdaily|84547,v2,1,trade,0.9,0.7,0,0,0
@uzdaily|84548,v2,0,non_economic,0.0,0.0,0,0,0
@uzdaily|84549,v2,0,non_economic,0.0,0.0,0,0,0
@uzdaily|84550,v2,1,trade,0.6,0.5,0,0,0
@uzdaily|84551,v2,0,non_economic,0.0,0.0,0,0,0
@uzdaily|84552,v2,0,non_economic,0.0,0.0,0,0,0
@uzdaily|84553,v2,1,business,0.8,0.6,0,0,0
@uzdaily|84554,v2,1,construction_realty,0.7,0.6,0,0,0
@uzdaily|84555,v2,1,construction_realty,0.7,0.6,0,0,0
@uzdaily|84556,v2,1,trade,0.8,0.7,0,0,0
@uzdaily|84557,v2,1,trade,0.9,0.7,0,0,0
@uzdaily|84558,v2,1,business,0.8,0.6,0,0,0
@uzdaily|84559,v2,1,trade,0.9,0.7,0,0,0
@uzdaily|84560,v2,1,business,0.8,0.6,0,0,0
@uzdaily|84561,v2,1,trade,0.9,0.7,0,0,0
@uzdaily|84562,v2,1,fiscal,0.8,0.6,0,0,0
@uzdaily|84563,v2,1,trade,0.9,0.7,0,0,0
@uzdaily|84564,v2,1,business,0.8,0.6,0,0,0
@uzdaily|84565,v2,1,trade,0.9,0.7,0,0,0
@uzdaily|84566,v2,1,business,0.9,0.7,0,0,0
@uzdaily|84567,v2,1,construction_realty,0.8,0.6,0,0,0
@uzdaily|84568,v2,1,banking_finance,0.9,0.0,0,0,0
@uzdaily|84569,v2,1,trade,0.9,0.0,0,0,0
@uzdaily|84570,v2,1,business,0.6,0.0,0,0,0
@uzdaily|84571,v2,1,business,0.6,0.0,0,0,0
@uzdaily|84572,v2,1,business,0.5,0.0,0,0,0
@uzdaily|84573,v2,1,business,0.5,0.0,0,0,0
@uzdaily|84574,v2,0,non_economic,0.0,0.0,0,0,0
@uzdaily|84575,v2,0,non_economic,0.0,0.0,0,0,0
@uzdaily|84576,v2,1,construction_realty,0.6,0.6,0,0,0
@uzdaily|84577,v2,0,non_economic,0.0,0.0,0,0,1
@uzdaily|84578,v2,1,macro,0.9,0.8,0,0,0
@uzdaily|84579,v2,1,business,0.7,0.6,0,0,0
@uzdaily|84581,v2,0,non_economic,0.0,0.0,0,0,0
@uzdaily|84582,v2,1,macro,0.9,0.8,0,0,0
@uzdaily|84583,v2,0,non_economic,0.0,0.0,0,0,0
@uzdaily|84584,v2,0,non_economic,0.0,0.0,0,0,0
@uzdaily|84585,v2,1,construction_realty,0.8,0.7,0,0,0
@uzdaily|84586,v2,1,energy_utility,0.8,-0.6,0,0,0
@uzdaily|84587,v2,1,macro,0.9,0.7,0,0,0
@uzdaily|84588,v2,1,construction_realty,0.8,0.0,0,0,0
@uzdaily|84589,v2,1,business,0.7,0.6,0,0,0
@uzdaily|84590,v2,1,fiscal,0.8,-0.6,0,0,0
@uzdaily|84591,v2,1,trade,0.7,0.6,0,0,0
@uzdaily|84592,v2,1,banking_finance,0.6,-0.4,0,0,0
@uzdaily|84593,v2,1,business,0.6,0.5,0,0,0
@uzdaily|84594,v2,1,business,0.5,0.4,0,0,0
@uzdaily|84595,v2,0,non_economic,0.0,0.0,0,0,0
@uzdaily|84596,v2,0,non_economic,0.0,0.0,0,0,0
@uzdaily|84597,v2,0,non_economic,0.0,0.0,0,0,0
@uzdaily|84598,v2,0,non_economic,0.0,0.0,0,0,0
@uzdaily|84600,v2,1,trade,0.9,0.7,0,0,0
@uzdaily|84601,v2,0,non_economic,0.0,0.0,0,0,0
@uzdaily|84602,v2,0,non_economic,0.0,0.0,0,0,0
@uzdaily|84603,v2,0,non_economic,0.0,0.0,0,0,0
@uzdaily|84604,v2,1,trade,0.9,0.6,0,0,0
@uzdaily|84605,v2,1,fiscal,0.9,0.6,0,0,0
@uzdaily|84606,v2,0,non_economic,0.0,0.0,0,0,0
@uzdaily|84607,v2,0,non_economic,0.0,0.0,0,0,0
@uzdaily|84608,v2,0,non_economic,0.0,0.0,0,0,0
@uzdaily|84609,v2,1,business,0.9,0.6,0,0,0
@uzdaily|84610,v2,1,trade,0.8,0.3,0,0,0
@uzdaily|84611,v2,1,trade,0.7,0.4,0,0,0
@uzdaily|84612,v2,0,non_economic,0.0,0.0,0,0,1
@uzdaily|84613,v2,0,non_economic,0.0,0.0,0,0,0
@uzdaily|84614,v2,1,labour_income,0.8,0.5,0,0,0
@uzdaily|84615,v2,0,non_economic,0.0,0.0,0,0,1
@uzdaily|84616,v2,0,non_economic,0.0,0.0,0,0,0
@uzdaily|84617,v2,0,non_economic,0.0,0.0,0,0,0
@uzdaily|84618,v2,1,trade,0.7,0.4,0,0,0
@uzdaily|84619,v2,1,trade,0.9,0.0,0,0,0
@uzdaily|84620,v2,1,trade,0.9,0.0,0,0,0
@uzdaily|84621,v2,1,business,0.9,0.0,0,0,0
@uzdaily|84622,v2,1,trade,0.9,-0.3,0,0,0
@uzdaily|84623,v2,1,business,0.9,0.5,0,0,0
@uzdaily|84624,v2,1,business,0.9,0.5,0,0,0
@daryo|136616,v2,0,non_economic,0.0,0.0,0,0,1
@daryo|136617,v2,0,non_economic,0.0,0.0,0,0,1
@daryo|136618,v2,0,non_economic,0.0,0.0,0,0,1
@daryo|136619,v2,0,non_economic,0.0,0.0,0,0,1
@daryo|136620,v2,0,non_economic,0.0,0.0,0,0,1
@daryo|136621,v2,0,non_economic,0.0,0.0,0,0,1
@daryo|136622,v2,0,non_economic,0.0,0.0,0,0,1
@daryo|136623,v2,0,non_economic,0.0,0.0,0,0,1
@daryo|136624,v2,0,non_economic,0.0,0.0,0,0,1
@daryo|136625,v2,0,non_economic,0.0,0.0,0,0,1
@daryo|136626,v2,1,banking_finance,0.8,0.0,1,0,0
@daryo|136627,v2,1,labour_income,0.9,0.7,0,0,0
@daryo|136628,v2,0,non_economic,0.0,0.0,0,0,0
@daryo|136629,v2,0,non_economic,0.0,0.0,0,0,0
@daryo|136630,v2,0,non_economic,0.0,0.0,0,0,1
@daryo|136631,v2,1,business,0.8,0.0,0,0,0
@daryo|136632,v2,0,non_economic,0.0,0.0,0,0,0
@daryo|136633,v2,0,non_economic,0.0,0.0,0,0,0
@daryo|136634,v2,0,non_economic,0.0,0.0,0,0,0
@daryo|136635,v2,0,non_economic,0.0,0.0,0,0,0
@daryo|136636,v2,0,non_economic,0.0,0.0,0,0,0
@daryo|136637,v2,1,fiscal,0.8,0.0,0,0,0
@daryo|136638,v2,0,non_economic,0.0,0.0,0,0,0
@daryo|136639,v2,0,non_economic,0.0,0.0,0,0,0
@daryo|136640,v2,0,non_economic,0.0,0.0,0,1,0
@gazetauz|64188,v2,0,non_economic,0.0,0.0,1,0,0
@gazetauz|64189,v2,0,non_economic,0.0,0.0,0,0,0
@gazetauz|64190,v2,0,non_economic,0.0,0.0,0,0,0
@gazetauz|64191,v2,1,business,0.9,0.7,0,0,0
@gazetauz|64192,v2,0,non_economic,0.0,0.0,0,0,1
@gazetauz|64193,v2,1,construction_realty,0.9,0.6,0,0,0
@gazetauz|64194,v2,0,non_economic,0.0,0.0,0,0,1
@gazetauz|64195,v2,1,banking_finance,0.8,0.5,0,0,0
@gazetauz|64196,v2,1,business,0.7,0.4,0,0,0
@gazetauz|64197,v2,0,non_economic,0.0,0.0,0,0,1
@gazetauz|64198,v2,0,non_economic,0.0,0.0,0,0,0
@kunuzofficial|174011,v2,0,non_economic,0.0,0.0,0,1,0
@kunuzofficial|174012,v2,0,non_economic,0.0,0.0,0,0,0
@kunuzofficial|174013,v2,1,construction_realty,0.8,0.6,0,0,0
@kunuzofficial|174014,v2,0,non_economic,0.0,0.0,0,0,0
@kunuzofficial|174015,v2,0,non_economic,0.0,0.0,0,0,0
@kunuzofficial|174017,v2,0,non_economic,0.0,0.0,0,0,0
@kunuzofficial|174019,v2,0,non_economic,0.0,0.0,0,0,0
@kunuzofficial|174020,v2,0,non_economic,0.0,0.0,0,0,0
@kunuzofficial|174021,v2,0,non_economic,0.0,0.0,0,1,0
@kunuzofficial|174022,v2,0,non_economic,0.0,0.0,0,0,0
@kunuzofficial|174025,v2,0,non_economic,0.0,0.0,0,0,0
@kunuzofficial|174026,v2,0,non_economic,0.0,0.0,0,0,1
@kunuzofficial|174027,v2,0,non_economic,0.0,0.0,0,0,0
@kunuzofficial|174028,v2,0,non_economic,0.0,0.0,1,0,0
@kunuzofficial|174029,v2,1,construction_realty,0.8,0.6,0,0,0
@kunuzofficial|174030,v2,1,prices_inflation,0.9,-0.6,0,0,0
@kunuzofficial|174031,v2,0,non_economic,0.0,0.0,0,0,1
@kunuzofficial|174034,v2,0,non_economic,0.0,0.0,0,0,1
@kunuzofficial|174035,v2,1,fiscal,0.8,0.5,0,0,0
@kunuzofficial|174036,v2,0,non_economic,0.0,0.0,0,0,0
@kunuzofficial|174037,v2,0,non_economic,0.0,0.0,0,0,0
@kunuzofficial|174039,v2,0,non_economic,0.0,0.0,0,0,0
@kunuzofficial|174040,v2,0,non_economic,0.0,0.0,0,0,0
@kunuzofficial|174041,v2,0,non_economic,0.0,0.0,0,0,0
@kunuzofficial|174042,v2,0,non_economic,0.0,0.0,0,0,0
@kunuzofficial|174043,v2,0,non_economic,0.0,0.0,0,0,0
@kunuzofficial|174044,v2,0,non_economic,0.0,0.0,0,0,0
@kunuzofficial|174045,v2,0,non_economic,0.0,0.0,0,0,0
@kunuzofficial|174046,v2,0,non_economic,0.0,0.0,0,0,0
@kunuzofficial|174047,v2,1,fiscal,0.8,0.5,0,0,0
@kunuzofficial|174048,v2,0,non_economic,0.0,0.0,0,0,0
@spotuz|39980,v2,1,banking_finance,0.7,0.0,0,0,0
@spotuz|39981,v2,1,business,0.6,0.0,1,0,0
@spotuz|39982,v2,1,business,0.6,0.0,1,0,0
@spotuz|39983,v2,1,energy_utility,0.8,0.6,0,0,0
@spotuz|39984,v2,0,non_economic,0.0,0.0,0,0,0
@spotuz|39985,v2,1,business,0.7,0.5,0,0,0
@spotuz|39986,v2,1,business,0.8,0.6,0,0,0
@spotuz|39987,v2,1,banking_finance,0.7,0.4,0,0,0
@spotuz|39988,v2,1,construction_realty,0.7,0.5,0,0,0
@spotuz|39989,v2,1,fiscal,0.8,0.6,0,0,0
@spotuz|39990,v2,1,construction_realty,0.7,0.5,0,0,0
@spotuz|39991,v2,0,non_economic,0.0,0.0,0,0,0
@spotuz|39992,v2,1,business,0.6,0.0,0,0,0
@spotuz|39993,v2,1,labour_income,0.9,0.5,0,0,0
@spotuz|39994,v2,1,currency_fx,0.8,0.0,0,0,0
@spotuz|39995,v2,1,fiscal,0.8,0.0,0,0,0
@uzdaily|84625,v2,0,non_economic,0.0,0.0,0,0,0
@uzdaily|84626,v2,0,non_economic,0.0,0.0,0,0,0
@uzdaily|84627,v2,1,trade,0.7,0.3,0,0,0
@uzdaily|84628,v2,0,non_economic,0.0,0.0,0,0,0
@uzdaily|84629,v2,1,macro,0.8,0.4,0,0,0
@uzdaily|84630,v2,1,macro,0.8,0.4,0,0,0
@uzdaily|84631,v2,0,non_economic,0.0,0.0,0,0,0
@uzdaily|84632,v2,1,trade,0.9,0.5,0,0,0
@uzdaily|84633,v2,0,non_economic,0.0,0.0,0,0,0
@uzdaily|84634,v2,0,non_economic,0.0,0.0,0,0,0
@uzdaily|84635,v2,1,business,0.8,0.6,0,0,0
@uzdaily|84636,v2,1,business,0.7,0.0,0,0,0
@uzdaily|84637,v2,1,construction_realty,0.6,0.4,0,0,0
@uzdaily|84638,v2,0,non_economic,0.0,0.0,0,0,0
@uzdaily|84639,v2,1,construction_realty,0.8,0.5,0,0,0
@uzdaily|84640,v2,1,macro,0.7,0.0,0,0,0
@uzdaily|84641,v2,0,non_economic,0.0,0.0,0,0,0
@uzdaily|84652,v2,0,non_economic,0.0,0.0,0,0,0
@uzdaily|84653,v2,0,non_economic,0.0,0.0,0,0,0
@uzdaily|84654,v2,0,non_economic,0.0,0.0,0,0,0
@uzdaily|84655,v2,0,non_economic,0.0,0.0,0,0,0
@uzdaily|84656,v2,0,non_economic,0.0,0.0,0,0,0
@uzdaily|84657,v2,0,non_economic,0.0,0.0,0,0,0
@uzdaily|84658,v2,0,non_economic,0.0,0.0,0,0,0
@uzdaily|84659,v2,0,non_economic,0.0,0.0,0,0,0
@uzdaily|84660,v2,0,non_economic,0.0,0.0,0,0,0
@uzdaily|84661,v2,0,non_economic,0.0,0.0,0,0,0
@uzdaily|84662,v2,1,banking_finance,0.9,0.7,0,0,0
@uzdaily|84663,v2,0,non_economic,0.0,0.0,0,0,0
@uzdaily|84664,v2,0,non_economic,0.0,0.0,0,0,0
@uzdaily|84665,v2,1,banking_finance,0.8,-0.3,0,0,0
@uzdaily|84666,v2,1,construction_realty,0.6,0.5,0,0,0
@uzdaily|84667,v2,0,non_economic,0.0,0.0,0,0,0
@uzdaily|84668,v2,0,non_economic,0.0,0.0,0,0,0
@uzdaily|84669,v2,0,non_economic,0.0,0.0,0,0,0
@uzdaily|84670,v2,0,non_economic,0.0,0.0,0,0,0
@uzdaily|84671,v2,1,banking_finance,0.7,0.6,0,0,0
@uzdaily|84672,v2,0,non_economic,0.0,0.0,0,0,1
@uzdaily|84673,v2,1,banking_finance,0.9,0.0,0,0,0
@uzdaily|84674,v2,0,non_economic,0.0,0.0,0,0,0
@uzdaily|84675,v2,0,non_economic,0.0,0.0,0,0,0
@uzdaily|84676,v2,1,labour_income,0.9,0.5,0,0,0
@uzdaily|84677,v2,0,non_economic,0.0,0.0,0,0,0
@uzdaily|84678,v2,1,fiscal,0.9,-0.6,0,0,0
@uzdaily|84679,v2,0,non_economic,0.0,0.0,0,0,0
@uzdaily|84680,v2,0,non_economic,0.0,0.0,0,0,0
@uzdaily|84681,v2,1,business,0.9,0.5,0,0,0
@uzdaily|84682,v2,1,business,0.8,0.5,0,0,0
@uzdaily|84683,v2,1,energy_utility,0.7,0.4,0,0,0
@uzdaily|84684,v2,0,non_economic,0.0,0.0,0,0,0
@uzdaily|84685,v2,0,non_economic,0.0,0.0,0,0,0
@uzdaily|84686,v2,1,trade,0.8,0.5,0,0,0
@daryo|136641,v2,0,non_economic,0.0,0.0,0,0,1
@daryo|136642,v2,0,non_economic,0.0,0.0,0,0,1
@daryo|136643,v2,0,non_economic,0.0,0.0,0,0,1
@daryo|136644,v2,0,non_economic,0.0,0.0,0,0,1
@daryo|136645,v2,0,non_economic,0.0,0.0,0,0,1
@daryo|136646,v2,0,non_economic,0.0,0.0,0,0,1
@daryo|136647,v2,0,non_economic,0.0,0.0,0,0,1
@daryo|136648,v2,0,non_economic,0.0,0.0,0,0,1
@daryo|136649,v2,0,non_economic,0.0,0.0,0,0,1
@daryo|136650,v2,0,non_economic,0.0,0.0,0,0,1
@daryo|136651,v2,1,prices_inflation,0.8,0.6,0,0,0
@daryo|136652,v2,0,non_economic,0.0,0.0,0,0,0
@daryo|136653,v2,0,non_economic,0.0,0.0,0,0,0
@daryo|136654,v2,0,non_economic,0.0,0.0,0,0,0
@daryo|136655,v2,0,non_economic,0.0,0.0,0,0,0
@daryo|136656,v2,1,banking_finance,0.8,0.7,0,0,0
@daryo|136657,v2,1,trade,0.7,0.5,0,0,0
@daryo|136658,v2,0,non_economic,0.0,0.0,0,0,0
@daryo|136659,v2,1,energy_utility,0.7,-0.6,0,0,0
@daryo|136660,v2,1,fiscal,0.6,0.5,0,0,0
@daryo|136661,v2,0,non_economic,0.0,0.0,0,0,0
@daryo|136662,v2,1,banking_finance,0.9,0.6,0,0,0
@daryo|136663,v2,0,non_economic,0.0,0.0,0,1,0
@gazetauz|64199,v2,0,non_economic,0.0,0.0,0,0,0
@gazetauz|64201,v2,0,non_economic,0.0,0.0,0,0,0
@gazetauz|64202,v2,0,non_economic,0.0,0.0,0,0,0
@gazetauz|64203,v2,0,non_economic,0.0,0.0,0,0,0
@kunuzofficial|174049,v2,0,non_economic,0.0,0.0,0,0,0
@kunuzofficial|174050,v2,0,non_economic,0.0,0.0,0,0,0
@kunuzofficial|174053,v2,0,non_economic,0.0,0.0,0,1,0
@kunuzofficial|174054,v2,0,non_economic,0.0,0.0,0,0,0
@kunuzofficial|174055,v2,1,banking_finance,0.6,-0.7,0,0,0
@kunuzofficial|174056,v2,0,non_economic,0.0,0.0,0,0,0
@kunuzofficial|174057,v2,0,non_economic,0.0,0.0,0,0,0
@kunuzofficial|174058,v2,0,non_economic,0.0,0.0,0,0,0
@kunuzofficial|174059,v2,0,non_economic,0.0,0.0,0,0,0
@kunuzofficial|174060,v2,0,non_economic,0.0,0.0,0,0,0
@kunuzofficial|174061,v2,0,non_economic,0.0,0.0,0,0,0
@kunuzofficial|174062,v2,1,business,0.7,0.6,0,0,0
@kunuzofficial|174063,v2,0,non_economic,0.0,0.0,0,0,0
@kunuzofficial|174064,v2,0,non_economic,0.0,0.0,0,0,1
@kunuzofficial|174065,v2,0,non_economic,0.0,0.0,0,0,1
@kunuzofficial|174066,v2,0,non_economic,0.0,0.0,0,0,1
@kunuzofficial|174067,v2,0,non_economic,0.0,0.0,0,0,1
@spotuz|39996,v2,1,business,0.8,0.3,0,0,0
@uzdaily|84642,v2,0,non_economic,0.0,0.0,0,0,1
@uzdaily|84643,v2,0,non_economic,0.0,0.0,0,0,1
@uzdaily|84644,v2,1,business,0.7,0.4,0,0,0
@uzdaily|84645,v2,1,fiscal,0.8,0.5,0,0,0
@uzdaily|84646,v2,0,non_economic,0.0,0.0,0,0,0
@uzdaily|84647,v2,0,non_economic,0.0,0.0,0,0,0
@uzdaily|84648,v2,1,business,0.8,0.5,0,0,0
@uzdaily|84649,v2,1,trade,0.7,0.4,0,0,0
@uzdaily|84650,v2,1,business,0.6,0.0,0,0,0
@uzdaily|84651,v2,0,non_economic,0.0,0.0,0,0,0
@uzdaily|84687,v2,1,energy_utility,0.7,0.5,0,0,0
@uzdaily|84688,v2,1,trade,0.8,0.5,0,0,0
@uzdaily|84689,v2,1,business,0.5,0.0,0,0,0
@uzdaily|84690,v2,1,business,0.8,0.6,0,0,0
@uzdaily|84691,v2,1,construction_realty,0.7,0.5,0,0,0
@uzdaily|84692,v2,0,non_economic,0.0,0.0,0,0,0
@uzdaily|84693,v2,1,banking_finance,0.9,0.0,0,0,0
@uzdaily|84694,v2,1,banking_finance,0.9,0.0,0,0,0
@uzdaily|84695,v2,0,non_economic,0.0,0.0,0,0,1
@uzdaily|84696,v2,0,non_economic,0.0,0.0,0,0,0
@uzdaily|84697,v2,0,non_economic,0.0,0.0,0,0,1
@uzdaily|84698,v2,0,non_economic,0.0,0.0,0,0,1
@uzdaily|84699,v2,0,non_economic,0.0,0.0,0,0,1
@uzdaily|84700,v2,0,non_economic,0.0,0.0,0,0,1
@uzdaily|84701,v2,0,non_economic,0.0,0.0,0,0,1
@uzdaily|84702,v2,0,non_economic,0.0,0.0,0,0,0
@uzdaily|84703,v2,1,trade,0.9,0.6,0,0,0
@uzdaily|84704,v2,1,labour_income,0.8,0.7,0,0,0
@uzdaily|84705,v2,1,trade,0.9,0.6,0,0,0
@uzdaily|84706,v2,0,non_economic,0.0,0.0,0,0,0
@uzdaily|84707,v2,1,trade,0.8,0.0,0,0,0
@uzdaily|84708,v2,1,trade,0.8,0.0,0,0,0
@uzdaily|84709,v2,1,trade,0.8,0.6,0,0,0
@uzdaily|84710,v2,0,non_economic,0.0,0.0,0,0,0
@uzdaily|84711,v2,0,non_economic,0.0,0.0,0,0,0
@uzdaily|84712,v2,0,non_economic,0.0,0.0,0,0,0
@uzdaily|84713,v2,0,non_economic,0.0,0.0,0,0,0
@uzdaily|84714,v2,0,non_economic,0.0,0.0,0,0,0
@uzdaily|84715,v2,0,non_economic,0.0,0.0,0,0,0
@uzdaily|84716,v2,0,non_economic,0.0,0.0,0,0,0
@uzdaily|84717,v2,0,non_economic,0.0,0.0,0,0,0
@uzdaily|84718,v2,0,non_economic,0.0,0.0,0,0,0
@uzdaily|84719,v2,0,non_economic,0.0,0.0,0,0,0
@uzdaily|84720,v2,0,non_economic,0.0,0.0,0,0,0
@uzdaily|84721,v2,0,non_economic,0.0,0.0,0,0,0
@uzdaily|84722,v2,1,business,0.7,0.0,0,0,0
@daryo|136664,v2,1,fiscal,0.9,-0.7,0,0,0
@daryo|136665,v2,0,non_economic,0.0,0.0,0,0,0
@daryo|136666,v2,0,non_economic,0.0,0.0,0,0,1
@daryo|136667,v2,0,non_economic,0.0,0.0,0,0,0
@daryo|136668,v2,0,non_economic,0.0,0.0,0,0,1
@daryo|136669,v2,0,non_economic,0.0,0.0,0,0,0
@daryo|136670,v2,0,non_economic,0.0,0.0,0,0,0
@daryo|136671,v2,1,trade,0.9,0.7,0,0,0
@daryo|136672,v2,0,non_economic,0.0,0.0,0,0,1
@daryo|136673,v2,0,non_economic,0.0,0.0,0,0,0
@daryo|136674,v2,1,construction_realty,0.8,0.3,1,0,0
@daryo|136675,v2,0,non_economic,0.0,0.0,0,0,0
@daryo|136676,v2,0,non_economic,0.0,0.0,0,0,0
@daryo|136677,v2,0,non_economic,0.0,0.0,0,0,0
@daryo|136678,v2,1,business,0.7,0.5,0,0,0
@daryo|136679,v2,0,non_economic,0.0,0.0,0,0,0
@daryo|136680,v2,0,non_economic,0.0,0.0,0,0,1
@daryo|136681,v2,0,non_economic,0.0,0.0,1,0,0
@daryo|136682,v2,1,trade,0.9,-0.6,0,0,0
@daryo|136683,v2,0,non_economic,0.0,0.0,0,0,0
@daryo|136684,v2,0,non_economic,0.0,0.0,1,0,0
@daryo|136685,v2,0,non_economic,0.0,0.0,0,0,0
@daryo|136686,v2,1,trade,0.9,0.7,0,0,0
@daryo|136687,v2,0,non_economic,0.0,0.0,0,0,0
@daryo|136688,v2,1,currency_fx,0.9,0.6,0,0,0
@daryo|136689,v2,1,construction_realty,0.9,0.6,1,0,0
@daryo|136690,v2,1,banking_finance,0.9,-0.5,0,0,0
@daryo|136691,v2,0,non_economic,0.0,0.0,0,0,0
@daryo|136692,v2,1,trade,0.9,-0.6,0,0,0
@daryo|136693,v2,0,non_economic,0.0,0.0,0,0,1
@daryo|136694,v2,0,non_economic,0.0,0.0,0,0,1
@daryo|136695,v2,0,non_economic,0.0,0.0,0,0,0
@daryo|136696,v2,0,non_economic,0.0,0.0,0,0,0
@daryo|136697,v2,0,non_economic,0.0,0.0,0,0,0
@daryo|136698,v2,0,non_economic,0.0,0.0,0,0,0
@daryo|136699,v2,1,fiscal,0.8,-0.6,0,0,0
@daryo|136700,v2,0,non_economic,0.0,0.0,0,0,1
@daryo|136701,v2,0,non_economic,0.0,0.0,0,0,0
@daryo|136702,v2,0,non_economic,0.0,0.0,0,0,0
@daryo|136703,v2,0,non_economic,0.0,0.0,0,0,0
@daryo|136704,v2,0,non_economic,0.0,0.0,0,1,0
@gazetauz|64204,v2,1,banking_finance,0.9,0.5,0,0,0
@gazetauz|64205,v2,1,trade,0.8,0.4,0,0,0
@gazetauz|64206,v2,0,non_economic,0.0,0.0,0,0,0
@gazetauz|64207,v2,1,trade,0.7,0.3,0,0,0
@gazetauz|64208,v2,0,non_economic,0.0,0.0,0,0,0
@gazetauz|64209,v2,1,banking_finance,0.9,0.6,0,0,0
@gazetauz|64210,v2,1,energy_utility,0.8,0.5,0,0,0
@gazetauz|64211,v2,0,non_economic,0.0,0.0,0,0,0
@gazetauz|64212,v2,0,non_economic,0.0,0.0,0,0,0
@gazetauz|64213,v2,0,non_economic,0.0,0.0,1,0,0
@gazetauz|64214,v2,0,non_economic,0.0,0.0,0,0,0
@gazetauz|64215,v2,0,non_economic,0.0,0.0,0,0,0
@gazetauz|64216,v2,1,trade,0.9,0.6,0,0,0
@gazetauz|64217,v2,1,trade,0.9,0.6,0,0,0
@gazetauz|64218,v2,0,non_economic,0.0,0.0,0,0,0
@gazetauz|64219,v2,1,banking_finance,0.8,0.0,0,0,0
@gazetauz|64220,v2,1,banking_finance,0.8,-0.6,0,0,0
@gazetauz|64221,v2,1,construction_realty,0.7,0.0,0,0,0
@gazetauz|64222,v2,0,non_economic,0.0,0.0,0,0,0
@kunuzofficial|174068,v2,0,non_economic,0.0,0.0,0,0,0
@kunuzofficial|174069,v2,0,non_economic,0.0,0.0,0,0,0
@kunuzofficial|174070,v2,0,non_economic,0.0,0.0,0,0,0
@kunuzofficial|174071,v2,0,non_economic,0.0,0.0,0,0,0
@kunuzofficial|174072,v2,0,non_economic,0.0,0.0,0,0,0
@kunuzofficial|174074,v2,0,non_economic,0.0,0.0,0,0,0
@kunuzofficial|174075,v2,0,non_economic,0.0,0.0,0,0,0
@kunuzofficial|174076,v2,0,non_economic,0.0,0.0,0,0,0
@kunuzofficial|174077,v2,1,construction_realty,0.8,0.0,1,0,0
@kunuzofficial|174078,v2,0,non_economic,0.0,0.0,0,0,0
@kunuzofficial|174081,v2,1,banking_finance,0.9,0.0,0,0,0
@kunuzofficial|174082,v2,0,non_economic,0.0,0.0,0,1,1
@kunuzofficial|174083,v2,0,non_economic,0.0,0.0,0,0,0
@kunuzofficial|174084,v2,0,non_economic,0.0,0.0,0,0,0
@kunuzofficial|174085,v2,0,non_economic,0.0,0.0,0,0,0
@kunuzofficial|174086,v2,1,business,0.85,0.5,0,0,0
@kunuzofficial|174087,v2,0,non_economic,0.0,0.0,0,0,1
@kunuzofficial|174088,v2,0,non_economic,0.0,0.0,0,0,0
@kunuzofficial|174089,v2,1,trade,0.9,0.0,0,0,0
@spotuz|39997,v2,1,trade,0.9,0.6,0,0,0
@spotuz|39998,v2,1,business,0.9,0.0,0,0,0
@spotuz|39999,v2,1,business,0.2,0.0,1,0,0
@spotuz|40000,v2,1,fiscal,0.8,-0.6,0,0,0
@spotuz|40001,v2,1,business,0.9,0.0,0,0,0
@spotuz|40002,v2,1,business,0.7,0.0,0,0,0
@spotuz|40003,v2,1,business,0.6,0.0,0,0,0
@spotuz|40004,v2,1,banking_finance,0.8,0.0,0,0,0
@spotuz|40005,v2,1,business,0.6,0.0,0,0,0
@spotuz|40006,v2,1,construction_realty,0.8,0.0,0,0,0
@spotuz|40007,v2,1,trade,0.9,0.6,0,0,0
@spotuz|40008,v2,1,banking_finance,0.6,0.0,1,0,0
@spotuz|40009,v2,1,business,0.7,0.5,0,0,0
@spotuz|40010,v2,1,currency_fx,0.9,0.6,0,0,0
@spotuz|40011,v2,1,energy_utility,0.8,0.4,0,0,0
@spotuz|40012,v2,1,banking_finance,0.8,0.5,0,0,0
@spotuz|40013,v2,1,business,0.6,0.0,0,0,0
@spotuz|40014,v2,1,labour_income,0.9,-0.5,0,0,0
@spotuz|40015,v2,1,banking_finance,0.7,0.0,1,0,0
@spotuz|40016,v2,1,construction_realty,0.8,0.4,0,0,0
@spotuz|40017,v2,1,banking_finance,0.8,0.5,0,0,0
@uzdaily|84723,v2,0,non_economic,0.0,0.0,0,0,0
@uzdaily|84724,v2,0,non_economic,0.0,0.0,0,0,0
@uzdaily|84725,v2,0,non_economic,0.0,0.0,0,0,0
@uzdaily|84726,v2,0,non_economic,0.0,0.0,0,0,0
@uzdaily|84727,v2,0,non_economic,0.0,0.0,0,0,0
@uzdaily|84728,v2,0,non_economic,0.0,0.0,0,0,0
@uzdaily|84729,v2,0,non_economic,0.0,0.0,0,0,0
@uzdaily|84730,v2,0,non_economic,0.0,0.0,0,0,0
@uzdaily|84731,v2,0,non_economic,0.0,0.0,0,0,0
@uzdaily|84732,v2,0,non_economic,0.0,0.0,0,0,0
@uzdaily|84743,v2,1,business,0.8,0.5,0,0,0
@uzdaily|84744,v2,1,business,0.7,0.4,0,0,0
@uzdaily|84745,v2,0,non_economic,0.0,0.0,0,0,0
@uzdaily|84746,v2,0,non_economic,0.0,0.0,0,0,0
@uzdaily|84747,v2,1,construction_realty,0.6,0.4,0,0,0
@uzdaily|84748,v2,0,non_economic,0.0,0.0,0,0,0
@uzdaily|84749,v2,0,non_economic,0.0,0.0,0,0,0
@uzdaily|84750,v2,0,non_economic,0.0,0.0,0,0,0
@uzdaily|84751,v2,0,non_economic,0.0,0.0,0,0,0
@uzdaily|84752,v2,1,banking_finance,0.7,-0.6,0,0,0
@uzdaily|84753,v2,1,construction_realty,0.8,0.0,0,0,0
@uzdaily|84754,v2,1,trade,0.7,0.5,0,0,0
@uzdaily|84755,v2,1,banking_finance,0.8,0.3,0,0,0
@uzdaily|84756,v2,1,banking_finance,0.8,0.5,0,0,0
@uzdaily|84757,v2,1,energy_utility,0.7,0.4,0,0,0
@uzdaily|84758,v2,0,non_economic,0.0,0.0,0,0,0
@uzdaily|84759,v2,0,non_economic,0.0,0.0,0,0,0
@uzdaily|84760,v2,1,trade,0.6,0.5,0,0,0
@uzdaily|84761,v2,0,non_economic,0.0,0.0,0,0,0
@uzdaily|84762,v2,0,non_economic,0.0,0.0,0,0,0
@uzdaily|84763,v2,0,non_economic,0.0,0.0,0,0,1
@uzdaily|84764,v2,1,trade,0.9,0.5,0,0,0
@uzdaily|84765,v2,1,banking_finance,0.9,0.0,0,0,0
@uzdaily|84766,v2,0,non_economic,0.0,0.0,0,0,0
@uzdaily|84767,v2,1,energy_utility,0.9,-0.6,0,0,0
@uzdaily|84768,v2,1,business,0.9,0.6,0,0,0
@uzdaily|84769,v2,0,non_economic,0.0,0.0,0,0,0
@uzdaily|84770,v2,1,business,0.9,0.5,0,0,0
@uzdaily|84771,v2,1,banking_finance,0.9,0.0,0,0,0
@uzdaily|84772,v2,1,trade,0.9,0.6,0,0,0
@uzdaily|84773,v2,1,business,0.8,0.5,0,0,0
@uzdaily|84774,v2,0,non_economic,0.0,0.0,0,0,0
@uzdaily|84775,v2,1,business,0.7,0.6,0,0,0
@uzdaily|84776,v2,1,trade,0.8,0.6,0,0,0
@uzdaily|84777,v2,0,non_economic,0.0,0.0,0,0,0
@uzdaily|84778,v2,1,fiscal,0.9,-0.5,0,0,0
@uzdaily|84779,v2,0,non_economic,0.0,0.0,0,0,0
@uzdaily|84780,v2,0,non_economic,0.0,0.0,0,0,0
@uzdaily|84781,v2,0,non_economic,0.0,0.0,0,0,0
@uzdaily|84782,v2,1,business,0.8,0.6,0,0,0
@uzdaily|84783,v2,1,trade,0.9,0.5,0,0,0
@uzdaily|84784,v2,1,trade,0.9,0.5,0,0,0
@uzdaily|84785,v2,1,trade,0.9,0.5,0,0,0
@uzdaily|84786,v2,0,non_economic,0.0,0.0,0,0,0
@uzdaily|84787,v2,1,business,0.8,0.4,0,0,0
@uzdaily|84788,v2,1,banking_finance,0.9,0.5,0,0,0
@uzdaily|84789,v2,0,non_economic,0.0,0.0,0,0,0
@uzdaily|84790,v2,1,energy_utility,0.9,0.5,0,0,0
@uzdaily|84791,v2,0,non_economic,0.0,0.0,0,0,0
@uzdaily|84792,v2,1,trade,0.8,0.4,0,0,0
@uzdaily|84793,v2,0,non_economic,0.0,0.0,0,0,0
@uzdaily|84794,v2,0,non_economic,0.0,0.0,0,0,0
@uzdaily|84795,v2,1,trade,0.8,0.5,0,0,0
@uzdaily|84733,v2,1,trade,0.9,0.0,0,0,0
@uzdaily|84734,v2,1,banking_finance,0.8,0.0,0,0,0
@uzdaily|84735,v2,1,banking_finance,0.8,-0.5,0,0,0
@uzdaily|84736,v2,0,non_economic,0.0,0.0,0,0,0
@uzdaily|84737,v2,1,business,0.7,0.5,0,0,0
@uzdaily|84738,v2,0,non_economic,0.0,0.0,0,0,0
@uzdaily|84739,v2,0,non_economic,0.0,0.0,0,0,0
@uzdaily|84740,v2,1,banking_finance,0.8,0.0,0,0,0
@uzdaily|84741,v2,1,trade,0.8,0.0,0,0,0
@uzdaily|84742,v2,1,banking_finance,0.8,0.5,0,0,0
@daryo|136705,v2,0,non_economic,0.0,0.0,0,0,1
@daryo|136706,v2,0,non_economic,0.0,0.0,0,0,1
@daryo|136707,v2,0,non_economic,0.0,0.0,0,0,1
@daryo|136708,v2,0,non_economic,0.0,0.0,1,0,1
@daryo|136709,v2,0,non_economic,0.0,0.0,0,0,1
@daryo|136710,v2,0,non_economic,0.0,0.0,0,0,1
@daryo|136711,v2,0,non_economic,0.0,0.0,0,0,1
@daryo|136713,v2,0,non_economic,0.0,0.0,0,0,1
@daryo|136714,v2,0,non_economic,0.0,0.0,0,0,1
@daryo|136715,v2,0,non_economic,0.0,0.0,0,0,1
@daryo|136716,v2,0,non_economic,0.0,0.0,0,0,0
@daryo|136717,v2,1,business,0.8,0.5,0,0,0
@daryo|136718,v2,1,trade,0.7,0.5,0,0,0
@daryo|136719,v2,1,trade,0.7,0.5,0,0,0
@daryo|136720,v2,1,trade,0.8,0.5,0,0,0
@daryo|136721,v2,0,non_economic,0.0,0.0,0,0,0
@daryo|136722,v2,0,non_economic,0.0,0.0,0,0,0
@daryo|136723,v2,0,non_economic,0.0,0.0,1,0,0
@daryo|136724,v2,1,business,0.8,0.5,0,0,0
@daryo|136725,v2,1,labour_income,0.7,-0.5,0,0,0
@daryo|136726,v2,0,non_economic,0.0,0.0,0,0,0
@daryo|136727,v2,1,business,0.8,0.6,0,0,0
@daryo|136728,v2,0,non_economic,0.0,0.0,0,0,1
@daryo|136729,v2,0,non_economic,0.0,0.0,0,0,0
@daryo|136730,v2,0,non_economic,0.0,0.0,1,0,0
@daryo|136731,v2,0,non_economic,0.0,0.0,0,0,0
@daryo|136732,v2,1,currency_fx,0.9,-0.6,0,0,0
@daryo|136734,v2,0,non_economic,0.0,0.0,0,0,0
@daryo|136735,v2,1,business,0.7,0.5,0,0,0
@daryo|136736,v2,0,non_economic,0.0,0.0,0,0,0
@daryo|136737,v2,1,energy_utility,0.9,0.3,0,0,0
@daryo|136738,v2,0,non_economic,0.0,0.0,0,0,1
@daryo|136739,v2,0,non_economic,0.0,0.0,0,0,0
@daryo|136740,v2,0,non_economic,0.0,0.0,0,0,0
@daryo|136741,v2,0,non_economic,0.0,0.0,0,0,0
@daryo|136742,v2,0,non_economic,0.0,0.0,0,0,0
@daryo|136743,v2,0,non_economic,0.0,0.0,0,0,0
@daryo|136744,v2,0,non_economic,0.0,0.0,0,0,0
@daryo|136745,v2,0,non_economic,0.0,0.0,0,0,1
@daryo|136746,v2,0,non_economic,0.0,0.0,0,0,1
@daryo|136747,v2,1,energy_utility,0.9,0.0,0,1,0
@gazetauz|64223,v2,1,banking_finance,0.8,0.5,1,0,0
@gazetauz|64224,v2,0,non_economic,0.0,0.0,0,0,0
@gazetauz|64225,v2,0,non_economic,0.0,0.0,0,0,0
@gazetauz|64226,v2,1,construction_realty,0.7,0.4,0,0,0
@gazetauz|64227,v2,1,construction_realty,0.8,0.5,1,0,0
@gazetauz|64228,v2,1,construction_realty,0.8,0.5,0,0,0
@gazetauz|64229,v2,1,business,0.7,0.5,1,0,0
@gazetauz|64230,v2,1,labour_income,0.6,-0.4,0,0,0
@gazetauz|64231,v2,1,energy_utility,0.8,0.0,0,0,0
@gazetauz|64232,v2,1,banking_finance,0.8,0.0,1,0,0
@gazetauz|64233,v2,1,energy_utility,0.9,0.0,0,0,0
@gazetauz|64234,v2,1,fiscal,0.9,0.6,0,0,0
@gazetauz|64235,v2,1,labour_income,0.8,-0.4,0,0,0
@gazetauz|64236,v2,1,labour_income,0.8,0.5,0,0,0
@gazetauz|64237,v2,1,labour_income,0.8,0.0,0,0,0
@gazetauz|64238,v2,1,business,0.7,0.0,0,0,0
@gazetauz|64239,v2,0,non_economic,0.0,0.0,0,0,0
@gazetauz|64240,v2,1,trade,0.8,0.6,0,0,0
@gazetauz|64241,v2,1,trade,0.8,0.6,0,0,0
@gazetauz|64242,v2,0,non_economic,0.0,0.0,0,0,1
@gazetauz|64243,v2,1,construction_realty,0.8,0.6,0,0,0
@gazetauz|64244,v2,0,non_economic,0.0,0.0,0,0,1
@gazetauz|64245,v2,1,energy_utility,0.9,0.7,0,0,0
@gazetauz|64246,v2,1,trade,0.85,0.6,0,0,0
@gazetauz|64247,v2,0,non_economic,0.0,0.0,0,0,0
@kunuzofficial|174090,v2,0,non_economic,0.0,0.0,0,0,0
@kunuzofficial|174092,v2,1,business,0.6,0.5,0,0,0
@kunuzofficial|174093,v2,1,energy_utility,0.7,0.0,0,0,0
@kunuzofficial|174095,v2,0,non_economic,0.0,0.0,0,0,0
@kunuzofficial|174109,v2,1,fiscal,0.8,-0.5,0,0,0
@kunuzofficial|174112,v2,1,business,0.6,0.0,0,0,0
@kunuzofficial|174113,v2,0,non_economic,0.0,0.0,0,0,1
@kunuzofficial|174115,v2,0,non_economic,0.0,0.0,0,1,0
@kunuzofficial|174116,v2,0,non_economic,0.0,0.0,0,0,0
@kunuzofficial|174117,v2,0,non_economic,0.0,0.0,0,0,1
@spotuz|40018,v2,1,trade,0.7,0.6,0,0,0
@spotuz|40019,v2,1,energy_utility,0.8,0.5,0,0,0
@spotuz|40020,v2,1,banking_finance,0.8,0.6,0,0,0
@spotuz|40021,v2,1,construction_realty,0.8,0.5,0,0,0
@spotuz|40024,v2,1,business,0.8,0.0,0,0,0
@spotuz|40025,v2,1,business,0.7,0.0,0,0,0
@spotuz|40026,v2,1,construction_realty,0.8,0.0,0,0,0
@spotuz|40027,v2,1,business,0.8,0.0,0,0,0
@spotuz|40032,v2,1,construction_realty,0.9,0.0,1,0,0
@spotuz|40033,v2,1,business,0.8,0.0,0,0,0
@spotuz|40034,v2,1,labour_income,0.9,-0.5,0,0,0
@spotuz|40035,v2,1,labour_income,0.9,-0.5,0,0,0
@spotuz|40036,v2,0,non_economic,0.0,0.0,1,0,0
@spotuz|40037,v2,1,labour_income,0.9,0.5,0,0,0
@spotuz|40038,v2,1,fiscal,0.9,0.0,0,0,0
@spotuz|40039,v2,1,currency_fx,0.9,-0.6,0,0,0
@spotuz|40040,v2,1,fiscal,0.8,-0.5,0,0,0
@spotuz|40041,v2,1,fiscal,0.8,0.4,0,0,0
@spotuz|40042,v2,1,banking_finance,0.8,0.5,0,0,0
@spotuz|40043,v2,1,energy_utility,0.8,-0.4,0,0,0
@spotuz|40044,v2,1,construction_realty,0.8,0.5,0,0,0
@spotuz|40045,v2,0,non_economic,0.0,0.0,0,0,0
@spotuz|40046,v2,1,fiscal,0.9,-0.4,0,0,0
@uzdaily|84796,v2,1,trade,0.7,0.2,0,0,0
@uzdaily|84797,v2,0,non_economic,0.0,0.0,0,0,0
@uzdaily|84798,v2,0,non_economic,0.0,0.0,0,0,0
@uzdaily|84799,v2,1,banking_finance,0.9,0.6,0,0,0
@uzdaily|84800,v2,0,non_economic,0.0,0.0,0,0,0
@uzdaily|84801,v2,0,non_economic,0.0,0.0,0,0,0
@uzdaily|84802,v2,0,non_economic,0.0,0.0,0,0,0
@uzdaily|84803,v2,1,business,0.8,0.5,0,0,0
@uzdaily|84804,v2,0,non_economic,0.0,0.0,0,0,0
@uzdaily|84805,v2,0,non_economic,0.0,0.0,0,0,0
@uzdaily|84806,v2,1,banking_finance,0.8,0.5,0,0,0
@uzdaily|84807,v2,0,non_economic,0.0,0.0,0,0,0
@uzdaily|84808,v2,1,construction_realty,0.8,0.0,0,0,0
@uzdaily|84809,v2,1,trade,0.7,0.0,0,0,0
@uzdaily|84810,v2,1,banking_finance,0.6,-0.3,0,0,0
@uzdaily|84811,v2,1,business,0.7,0.4,0,0,0
@uzdaily|84812,v2,1,business,0.7,0.4,0,0,0
@uzdaily|84813,v2,0,non_economic,0.0,0.0,0,0,0
@uzdaily|84814,v2,0,non_economic,0.0,0.0,0,0,1
@uzdaily|84815,v2,1,energy_utility,0.6,-0.3,0,0,0
@uzdaily|84816,v2,1,banking_finance,0.7,0.4,0,0,0
@uzdaily|84827,v2,1,trade,0.9,0.0,0,0,0
@uzdaily|84828,v2,1,trade,0.8,0.5,0,0,0
@uzdaily|84829,v2,1,business,0.8,0.4,0,0,0
@uzdaily|84830,v2,0,non_economic,0.0,0.0,0,0,0
@uzdaily|84831,v2,0,non_economic,0.0,0.0,0,0,0
@uzdaily|84832,v2,1,business,0.7,-0.3,0,0,0
@uzdaily|84833,v2,1,energy_utility,0.9,0.4,0,0,0
@uzdaily|84834,v2,0,non_economic,0.0,0.0,0,0,0
@uzdaily|84835,v2,1,trade,0.8,0.3,0,0,0
@uzdaily|84836,v2,1,trade,0.9,0.5,0,0,0
@uzdaily|84837,v2,0,non_economic,0.0,0.0,0,0,0
@uzdaily|84838,v2,1,trade,0.8,0.6,0,0,0
@uzdaily|84839,v2,1,banking_finance,0.9,0.6,0,0,0
@uzdaily|84840,v2,1,business,0.9,0.6,0,0,0
@uzdaily|84841,v2,1,business,0.9,0.6,0,0,0
@uzdaily|84842,v2,1,trade,0.8,0.6,0,0,0
@uzdaily|84843,v2,1,business,0.9,0.6,0,0,0
@uzdaily|84844,v2,1,business,0.9,0.6,0,0,0
@uzdaily|84845,v2,0,non_economic,0.0,0.0,0,0,0
@uzdaily|84846,v2,0,non_economic,0.0,0.0,0,0,0
@uzdaily|84847,v2,1,labour_income,0.8,-0.6,0,0,0
@uzdaily|84848,v2,1,banking_finance,0.7,0.5,0,0,0
@uzdaily|84849,v2,1,trade,0.6,0.4,0,0,0
@uzdaily|84850,v2,1,trade,0.8,0.5,0,0,0
@uzdaily|84851,v2,1,construction_realty,0.7,0.4,0,0,0
@uzdaily|84852,v2,1,construction_realty,0.8,0.0,0,0,0
@uzdaily|84853,v2,1,trade,0.8,0.5,0,0,0
@uzdaily|84854,v2,0,non_economic,0.0,0.0,0,0,1
@uzdaily|84855,v2,1,business,0.6,0.4,0,0,0
@uzdaily|84856,v2,1,business,0.5,0.0,0,0,0
@uzdaily|84857,v2,0,non_economic,0.0,0.0,0,0,1
@uzdaily|84858,v2,0,non_economic,0.0,0.0,0,0,1
@uzdaily|84859,v2,0,non_economic,0.0,0.0,0,0,1
@uzdaily|84860,v2,0,non_economic,0.0,0.0,0,0,1
@uzdaily|84861,v2,0,non_economic,0.0,0.0,0,0,1
@uzdaily|84862,v2,0,non_economic,0.0,0.0,0,0,1
@uzdaily|84863,v2,0,non_economic,0.0,0.0,0,0,1
@uzdaily|84864,v2,0,non_economic,0.0,0.0,0,0,1
@uzdaily|84865,v2,0,non_economic,0.0,0.0,0,0,1
@uzdaily|84866,v2,0,non_economic,0.0,0.0,0,0,1
@uzdaily|84867,v2,0,non_economic,0.0,0.0,0,0,0
@uzdaily|84868,v2,1,banking_finance,0.9,0.6,0,0,0
@uzdaily|84869,v2,0,non_economic,0.0,0.0,0,0,0
@uzdaily|84870,v2,0,non_economic,0.0,0.0,0,0,0
@uzdaily|84871,v2,1,fiscal,0.8,0.5,0,0,0
@uzdaily|84872,v2,1,fiscal,0.8,-0.6,0,0,0
@uzdaily|84873,v2,0,non_economic,0.0,0.0,0,0,0
@uzdaily|84874,v2,1,energy_utility,0.8,0.5,0,0,0
@uzdaily|84875,v2,0,non_economic,0.0,0.0,0,0,0
@uzdaily|84876,v2,0,non_economic,0.0,0.0,0,0,0
@uzdaily|84877,v2,1,energy_utility,0.9,0.7,0,0,0
@kunuzofficial|174096,v2,0,non_economic,0.0,0.0,1,0,0
@kunuzofficial|174098,v2,0,non_economic,0.0,0.0,0,0,0
@kunuzofficial|174099,v2,0,non_economic,0.0,0.0,0,0,0
@kunuzofficial|174100,v2,0,non_economic,0.0,0.0,0,0,0
@kunuzofficial|174102,v2,0,non_economic,0.0,0.0,0,0,0
@kunuzofficial|174103,v2,0,non_economic,0.0,0.0,0,0,0
@kunuzofficial|174105,v2,0,non_economic,0.0,0.0,0,1,0
@kunuzofficial|174106,v2,0,non_economic,0.0,0.0,0,0,0
@kunuzofficial|174107,v2,1,labour_income,0.8,-0.6,0,0,0
@kunuzofficial|174108,v2,1,banking_finance,0.9,0.5,0,0,0
@daryo|136748,v2,0,non_economic,0.0,0.0,0,0,0
@daryo|136749,v2,1,energy_utility,0.8,0.6,0,0,0
@daryo|136750,v2,0,non_economic,0.0,0.0,0,0,1
@daryo|136751,v2,0,non_economic,0.0,0.0,0,0,0
@daryo|136752,v2,0,non_economic,0.0,0.0,0,0,0
@daryo|136753,v2,0,non_economic,0.0,0.0,0,0,0
@daryo|136754,v2,0,non_economic,0.0,0.0,0,0,1
@daryo|136755,v2,1,banking_finance,0.8,0.7,0,0,0
@daryo|136756,v2,0,non_economic,0.0,0.0,0,0,0
@daryo|136757,v2,0,non_economic,0.0,0.0,0,0,0
@daryo|136758,v2,0,non_economic,0.0,0.0,0,0,0
@daryo|136759,v2,1,banking_finance,0.9,0.0,0,0,0
@daryo|136760,v2,1,labour_income,0.6,0.0,0,0,0
@daryo|136761,v2,1,trade,0.8,0.5,0,0,0
@daryo|136762,v2,1,business,0.9,0.6,0,0,0
@daryo|136763,v2,1,labour_income,0.8,0.6,0,0,0
@daryo|136764,v2,0,non_economic,0.0,0.0,0,0,0
@daryo|136765,v2,0,non_economic,0.0,0.0,0,0,0
@daryo|136766,v2,0,non_economic,0.0,0.0,0,0,0
@daryo|136767,v2,1,business,0.8,0.5,0,0,0
@daryo|136768,v2,0,non_economic,0.0,0.0,1,0,0
@daryo|136769,v2,0,non_economic,0.0,0.0,0,0,0
@daryo|136770,v2,0,non_economic,0.0,0.0,0,0,1
@daryo|136771,v2,1,fiscal,0.9,0.6,0,0,0
@daryo|136772,v2,0,non_economic,0.0,0.0,0,0,0
@daryo|136776,v2,1,currency_fx,0.9,-0.6,0,0,0
@daryo|136777,v2,0,non_economic,0.0,0.0,0,0,1
@daryo|136778,v2,0,non_economic,0.0,0.0,1,0,0
@daryo|136779,v2,0,non_economic,0.0,0.0,0,0,1
@daryo|136780,v2,0,non_economic,0.0,0.0,0,0,1
@daryo|136781,v2,1,labour_income,0.9,0.5,0,0,0
@daryo|136782,v2,0,non_economic,0.0,0.0,1,0,0
@daryo|136783,v2,0,non_economic,0.0,0.0,0,0,0
@daryo|136784,v2,0,non_economic,0.0,0.0,0,0,0
@daryo|136785,v2,0,non_economic,0.0,0.0,0,0,0
@daryo|136786,v2,0,non_economic,0.0,0.3,0,0,0
@daryo|136787,v2,0,non_economic,0.0,0.0,0,0,0
@daryo|136788,v2,0,non_economic,0.0,0.0,0,0,0
@daryo|136789,v2,1,macro,0.95,0.4,0,1,0
@gazetauz|64248,v2,1,fiscal,0.85,0.6,0,0,0
@gazetauz|64249,v2,0,non_economic,0.0,0.0,0,0,0
@gazetauz|64250,v2,0,non_economic,0.0,0.0,0,0,0
@gazetauz|64251,v2,0,non_economic,0.0,0.0,0,0,0
@gazetauz|64252,v2,1,banking_finance,0.9,0.2,1,0,0
@gazetauz|64253,v2,1,trade,0.8,0.3,0,0,0
@gazetauz|64254,v2,1,macro,0.9,0.1,0,0,0
@gazetauz|64255,v2,1,construction_realty,0.85,0.4,0,0,0
@gazetauz|64256,v2,1,business,0.8,0.3,0,0,0
@gazetauz|64257,v2,1,macro,0.95,0.35,0,0,0
@gazetauz|64258,v2,1,fiscal,0.9,0.25,0,0,0
@gazetauz|64259,v2,0,non_economic,0.0,0.0,0,0,1
@gazetauz|64260,v2,0,non_economic,0.0,0.0,0,0,0
@gazetauz|64261,v2,1,business,0.8,0.6,0,0,0
@gazetauz|64262,v2,0,non_economic,0.0,0.0,0,0,0
@gazetauz|64263,v2,1,business,0.7,0.5,0,0,0
@gazetauz|64264,v2,1,business,0.6,0.4,0,0,0
@gazetauz|64265,v2,0,non_economic,0.0,0.0,0,0,0
@gazetauz|64272,v2,0,non_economic,0.0,0.0,0,0,0
@gazetauz|64273,v2,1,banking_finance,0.7,0.5,0,0,0
@gazetauz|64274,v2,0,non_economic,0.0,0.0,0,0,1
@gazetauz|64275,v2,1,construction_realty,0.9,0.0,0,0,0
@kunuzofficial|174118,v2,0,non_economic,0.0,0.0,0,0,0
@kunuzofficial|174119,v2,0,non_economic,0.0,0.0,0,0,0
@kunuzofficial|174120,v2,0,non_economic,0.0,0.0,0,0,0
@kunuzofficial|174121,v2,0,non_economic,0.0,0.0,0,0,0
@kunuzofficial|174122,v2,0,non_economic,0.0,0.0,0,0,0
@kunuzofficial|174123,v2,0,non_economic,0.0,0.0,0,0,0
@kunuzofficial|174124,v2,0,non_economic,0.0,0.0,0,0,0
@kunuzofficial|174125,v2,1,banking_finance,0.9,0.0,0,0,0
@kunuzofficial|174126,v2,0,non_economic,0.0,0.0,0,0,0
@kunuzofficial|174127,v2,0,non_economic,0.0,0.0,0,0,1
@kunuzofficial|174130,v2,0,non_economic,0.0,0.0,0,0,0
@kunuzofficial|174131,v2,0,non_economic,0.0,0.0,0,0,0
@kunuzofficial|174132,v2,1,banking_finance,0.8,0.6,1,0,0
@kunuzofficial|174133,v2,0,non_economic,0.0,0.0,0,1,1
@kunuzofficial|174134,v2,0,non_economic,0.0,0.0,0,0,0
@kunuzofficial|174135,v2,0,non_economic,0.0,0.0,0,0,0
@kunuzofficial|174137,v2,1,construction_realty,0.7,0.0,0,0,0
@kunuzofficial|174140,v2,0,non_economic,0.0,0.0,0,0,0
@kunuzofficial|174141,v2,0,non_economic,0.0,0.0,0,1,0
@kunuzofficial|174142,v2,0,non_economic,0.0,0.0,0,0,1
@kunuzofficial|174143,v2,0,non_economic,0.0,0.0,0,0,1
@kunuzofficial|174144,v2,0,non_economic,0.0,0.0,0,0,1
@kunuzofficial|174145,v2,0,non_economic,0.0,0.0,0,0,1
@spotuz|40047,v2,0,non_economic,0.0,0.0,0,0,1
@spotuz|40048,v2,0,non_economic,0.0,0.0,0,0,1
@spotuz|40049,v2,1,banking_finance,0.8,0.6,0,0,0
@spotuz|40050,v2,1,trade,0.7,0.6,1,0,0
@spotuz|40051,v2,1,trade,0.6,0.5,0,0,0
@spotuz|40052,v2,1,business,0.5,0.2,0,0,0
@spotuz|40063,v2,1,currency_fx,0.9,-0.6,0,0,0
@spotuz|40064,v2,1,business,0.8,0.5,0,0,0
@spotuz|40065,v2,1,banking_finance,0.9,0.6,1,0,0
@spotuz|40066,v2,1,construction_realty,0.7,0.4,0,0,0
@spotuz|40067,v2,1,business,0.6,0.4,0,0,0
@spotuz|40068,v2,1,business,0.8,0.5,0,0,0
@uzdaily|84817,v2,1,trade,0.6,0.4,0,0,0
@uzdaily|84818,v2,0,non_economic,0.0,0.0,0,0,0
@uzdaily|84819,v2,1,trade,0.8,0.5,0,0,0
@uzdaily|84820,v2,0,non_economic,0.0,0.0,0,0,0
@uzdaily|84821,v2,0,non_economic,0.0,0.0,0,0,0
@uzdaily|84822,v2,1,trade,0.6,0.5,0,0,0
@uzdaily|84823,v2,1,macro,0.5,0.4,0,0,0
@uzdaily|84824,v2,0,non_economic,0.0,0.0,0,0,0
@uzdaily|84825,v2,1,energy_utility,0.7,0.0,0,0,0
@uzdaily|84826,v2,1,construction_realty,0.6,0.4,0,0,0
@uzdaily|84878,v2,1,business,0.6,0.4,0,0,0
@uzdaily|84879,v2,0,non_economic,0.0,0.0,0,0,0
@uzdaily|84880,v2,0,non_economic,0.0,0.0,0,0,0
@uzdaily|84881,v2,1,construction_realty,0.7,0.4,0,0,0
@uzdaily|84882,v2,0,non_economic,0.0,0.0,0,0,0
@uzdaily|84883,v2,0,non_economic,0.0,0.0,0,0,0
@uzdaily|84884,v2,0,non_economic,0.0,0.0,0,0,0
@uzdaily|84885,v2,0,non_economic,0.0,0.0,0,0,0
@uzdaily|84886,v2,1,energy_utility,0.8,0.5,0,0,0
@uzdaily|84887,v2,1,business,0.7,0.4,0,0,0
@uzdaily|84888,v2,1,banking_finance,0.8,0.4,0,0,0
@uzdaily|84889,v2,1,business,0.6,0.0,0,0,0
@uzdaily|84890,v2,1,business,0.6,0.4,0,0,0
@uzdaily|84891,v2,0,non_economic,0.0,0.0,0,0,0
@uzdaily|84892,v2,0,non_economic,0.0,0.0,0,0,1
@uzdaily|84893,v2,1,fiscal,0.8,0.0,0,0,0
@uzdaily|84894,v2,1,banking_finance,0.9,0.0,0,0,0
@uzdaily|84895,v2,1,energy_utility,0.7,0.5,0,0,0
@uzdaily|84896,v2,1,trade,0.8,0.5,0,0,0
@uzdaily|84898,v2,1,business,0.6,0.0,0,0,0
@uzdaily|84899,v2,1,business,0.7,0.5,0,0,0
@uzdaily|84900,v2,1,trade,0.7,0.5,0,0,0
@uzdaily|84901,v2,0,non_economic,0.0,0.0,0,0,1
@uzdaily|84902,v2,1,business,0.7,0.5,0,0,0
@uzdaily|84903,v2,1,business,0.9,0.6,0,0,0
@uzdaily|84904,v2,1,business,0.9,0.6,0,0,0
@uzdaily|84905,v2,1,trade,0.9,0.6,0,0,0
@uzdaily|84906,v2,1,trade,0.9,0.6,0,0,0
@uzdaily|84907,v2,1,business,0.9,0.6,0,0,0
@uzdaily|84908,v2,1,business,0.9,0.6,0,0,0
@uzdaily|84909,v2,1,business,0.9,0.6,0,0,0
@uzdaily|84910,v2,1,business,0.9,0.6,0,0,0
@uzdaily|84911,v2,0,non_economic,0.0,0.0,0,0,0
@uzdaily|84912,v2,0,non_economic,0.0,0.0,0,0,0
@uzdaily|84913,v2,0,non_economic,0.0,0.0,0,0,1
@uzdaily|84914,v2,1,business,0.9,0.5,0,0,0
@uzdaily|84915,v2,1,banking_finance,0.9,0.6,0,0,0
@uzdaily|84916,v2,1,banking_finance,0.9,-0.6,0,0,0
@uzdaily|84917,v2,1,trade,0.8,0.4,0,0,0
@uzdaily|84918,v2,1,construction_realty,0.8,0.5,0,0,0
@uzdaily|84919,v2,0,non_economic,0.0,0.0,0,0,0
@uzdaily|84920,v2,0,non_economic,0.0,0.0,0,0,0
@uzdaily|84921,v2,0,non_economic,0.0,0.0,0,0,0
@uzdaily|84922,v2,1,trade,0.8,0.4,0,0,0
@uzdaily|84923,v2,0,non_economic,0.0,0.0,0,0,1
@uzdaily|84924,v2,0,non_economic,0.0,0.0,0,0,1
@uzdaily|84925,v2,0,non_economic,0.0,0.0,0,0,1
@uzdaily|84926,v2,0,non_economic,0.0,0.0,0,0,1
@spotuz|40053,v2,1,business,0.8,0.3,0,0,0
@spotuz|40054,v2,1,business,0.7,0.4,0,0,0
@spotuz|40055,v2,1,prices_inflation,0.9,-0.5,0,0,0
@spotuz|40056,v2,1,business,0.7,0.4,0,0,0
@spotuz|40057,v2,1,business,0.7,0.4,0,0,0
@spotuz|40058,v2,0,non_economic,0.0,0.0,1,0,0
@spotuz|40059,v2,1,business,0.7,0.4,0,0,0
@spotuz|40060,v2,1,banking_finance,0.6,0.4,0,0,0
@spotuz|40061,v2,1,banking_finance,0.8,0.5,0,0,0
@spotuz|40062,v2,1,construction_realty,0.8,0.4,0,0,0
@daryo|136790,v2,0,non_economic,0.0,0.0,0,0,0
@daryo|136791,v2,0,non_economic,0.0,0.0,0,0,0
@daryo|136792,v2,1,business,0.8,0.0,1,0,0
@daryo|136793,v2,0,non_economic,0.0,0.0,0,0,0
@daryo|136794,v2,0,non_economic,0.0,0.0,0,0,0
@daryo|136796,v2,0,non_economic,0.0,0.0,0,0,0
@daryo|136797,v2,0,non_economic,0.0,0.0,0,0,0
@daryo|136798,v2,1,fiscal,0.7,-0.6,0,0,0
@daryo|136799,v2,0,non_economic,0.0,0.0,0,0,1
@daryo|136800,v2,0,non_economic,0.0,0.0,0,0,0
@daryo|136801,v2,1,construction_realty,0.9,-0.5,0,0,0
@daryo|136802,v2,0,non_economic,0.0,0.0,0,0,0
@daryo|136803,v2,0,non_economic,0.0,0.0,0,0,0
@daryo|136804,v2,0,non_economic,0.0,0.0,0,0,0
@daryo|136806,v2,0,non_economic,0.0,0.0,0,0,0
@daryo|136808,v2,1,fiscal,0.8,-0.6,0,0,0
@daryo|136809,v2,1,banking_finance,0.7,0.5,1,0,0
@daryo|136810,v2,0,non_economic,0.0,0.0,0,0,0
@daryo|136811,v2,1,currency_fx,0.9,0.6,0,0,0
@daryo|136812,v2,1,construction_realty,0.8,0.5,1,0,0
@daryo|136813,v2,0,non_economic,0.0,0.0,0,0,1
@daryo|136814,v2,1,banking_finance,0.9,0.6,0,0,0
@daryo|136815,v2,0,non_economic,0.0,0.0,0,0,1
@daryo|136816,v2,0,non_economic,0.0,0.0,0,0,0
@daryo|136818,v2,0,non_economic,0.0,0.0,0,0,0
@daryo|136819,v2,1,construction_realty,0.6,0.0,0,0,0
@daryo|136820,v2,0,non_economic,0.0,0.0,0,0,1
@daryo|136821,v2,1,business,0.8,0.5,0,0,0
@daryo|136822,v2,0,non_economic,0.0,0.0,0,0,1
@daryo|136823,v2,1,prices_inflation,0.9,-0.6,0,0,0
@daryo|136824,v2,0,non_economic,0.0,0.0,0,0,0
@gazetauz|64276,v2,0,non_economic,0.0,0.0,0,0,0
@gazetauz|64277,v2,0,non_economic,0.0,0.0,0,0,0
@gazetauz|64278,v2,0,non_economic,0.0,0.0,0,0,0
@gazetauz|64279,v2,0,non_economic,0.0,0.0,0,0,0
@gazetauz|64280,v2,0,non_economic,0.0,0.0,0,0,0
@gazetauz|64282,v2,0,non_economic,0.0,0.0,0,0,1
@gazetauz|64283,v2,0,non_economic,0.0,0.0,0,0,0
@gazetauz|64284,v2,0,non_economic,0.0,0.0,0,0,0
@gazetauz|64285,v2,1,fiscal,0.8,-0.6,0,0,0
@gazetauz|64286,v2,1,construction_realty,0.8,0.0,0,0,0
@gazetauz|64287,v2,0,non_economic,0.0,0.0,0,0,0
@gazetauz|64288,v2,1,fiscal,0.9,0.6,0,0,0
@gazetauz|64289,v2,0,non_economic,0.0,0.0,0,0,0
@gazetauz|64290,v2,1,business,0.8,0.5,1,0,0
@gazetauz|64291,v2,0,non_economic,0.0,0.0,0,0,1
@gazetauz|64292,v2,0,non_economic,0.0,0.0,0,0,0
@gazetauz|64293,v2,0,non_economic,0.0,0.0,0,0,0
@gazetauz|64294,v2,0,non_economic,0.0,0.0,0,0,0
@gazetauz|64295,v2,0,non_economic,0.0,0.0,0,0,0
@gazetauz|64296,v2,0,non_economic,0.0,0.0,0,0,0
@kunuzofficial|174146,v2,0,non_economic,0.0,0.0,0,0,0
@kunuzofficial|174148,v2,1,business,0.8,0.0,1,0,0
@kunuzofficial|174149,v2,0,non_economic,0.0,0.0,0,0,1
@kunuzofficial|174150,v2,1,business,0.7,0.0,0,0,0
@kunuzofficial|174151,v2,0,non_economic,0.0,0.0,0,0,0
@kunuzofficial|174152,v2,0,non_economic,0.0,0.0,0,0,0
@kunuzofficial|174154,v2,0,non_economic,0.0,0.0,0,0,0
@kunuzofficial|174155,v2,1,business,0.8,0.0,1,0,0
@kunuzofficial|174156,v2,0,non_economic,0.0,0.0,0,0,1
@kunuzofficial|174157,v2,1,fiscal,0.9,0.0,0,0,0
@kunuzofficial|174158,v2,1,construction_realty,0.8,-0.6,0,0,0
@kunuzofficial|174160,v2,0,non_economic,0.0,0.0,0,0,1
@kunuzofficial|174161,v2,0,non_economic,0.0,0.0,0,0,1
@kunuzofficial|174162,v2,1,business,0.7,0.0,1,0,0
@kunuzofficial|174163,v2,0,non_economic,0.0,0.0,0,0,1
@kunuzofficial|174164,v2,1,business,0.8,0.0,1,0,0
@kunuzofficial|174165,v2,0,non_economic,0.0,0.0,0,0,1
@kunuzofficial|174166,v2,0,non_economic,0.0,0.0,0,0,1
@kunuzofficial|174167,v2,1,business,0.8,0.5,0,1,0
@kunuzofficial|174169,v2,0,non_economic,0.0,0.0,0,0,1
@kunuzofficial|174170,v2,0,non_economic,0.0,0.0,0,0,0
@kunuzofficial|174171,v2,0,non_economic,0.0,0.0,0,0,0
@spotuz|40069,v2,1,business,0.3,0.0,1,0,0
@spotuz|40070,v2,1,labour_income,0.9,0.7,0,0,0
@spotuz|40071,v2,1,business,0.8,0.6,0,0,0
@spotuz|40072,v2,1,banking_finance,0.4,0.0,1,0,0
@spotuz|40073,v2,1,business,0.8,0.0,0,0,0
@spotuz|40074,v2,1,fiscal,0.9,0.6,0,0,0
@spotuz|40075,v2,1,banking_finance,0.8,0.0,0,0,0
@spotuz|40076,v2,1,fiscal,0.9,-0.6,0,0,0
@spotuz|40077,v2,1,banking_finance,0.85,0.5,0,0,0
@spotuz|40078,v2,1,business,0.6,0.3,0,0,0
@spotuz|40079,v2,1,fiscal,0.9,0.6,0,0,0
@spotuz|40080,v2,1,business,0.85,0.2,0,0,0
@spotuz|40081,v2,0,non_economic,0.0,0.0,0,0,0
@spotuz|40082,v2,1,currency_fx,0.9,-0.7,0,0,0
@spotuz|40083,v2,1,business,0.85,0.0,0,0,0
@spotuz|40084,v2,0,non_economic,0.0,0.0,0,0,0
@spotuz|40085,v2,1,business,0.8,0.0,0,0,0
@spotuz|40086,v2,0,non_economic,0.0,0.0,0,0,1
@spotuz|40087,v2,1,banking_finance,0.8,0.6,0,0,0
@spotuz|40088,v2,1,fiscal,0.9,0.7,0,0,0
@spotuz|40089,v2,0,non_economic,0.0,0.0,0,0,0
@spotuz|40090,v2,1,business,0.85,0.6,0,0,0
@spotuz|40091,v2,1,labour_income,0.9,-0.5,0,0,0
@uzdaily|84927,v2,0,non_economic,0.0,0.0,0,0,0
@uzdaily|84928,v2,1,banking_finance,0.8,-0.4,0,0,0
@uzdaily|84929,v2,0,non_economic,0.0,0.0,0,0,0
@uzdaily|84930,v2,1,trade,0.85,0.6,0,0,0
@uzdaily|84931,v2,1,trade,0.8,0.0,0,0,0
@uzdaily|84932,v2,0,non_economic,0.0,0.0,0,0,0
@uzdaily|84933,v2,0,non_economic,0.0,0.0,0,0,0
@uzdaily|84934,v2,1,trade,0.8,0.0,0,0,0
@uzdaily|84935,v2,0,non_economic,0.0,0.0,0,0,0
@uzdaily|84936,v2,0,non_economic,0.0,0.0,0,0,0
@uzdaily|84937,v2,1,construction_realty,0.9,0.0,0,0,0
@uzdaily|84938,v2,1,construction_realty,0.7,0.0,0,0,0
@uzdaily|84939,v2,1,banking_finance,0.9,0.0,0,0,0
@uzdaily|84940,v2,1,business,0.7,0.0,0,0,0
@uzdaily|84941,v2,0,non_economic,0.0,0.0,0,0,0
@uzdaily|84942,v2,0,non_economic,0.0,0.0,0,0,0
@uzdaily|84943,v2,0,non_economic,0.0,0.0,0,0,0
@uzdaily|84944,v2,1,fiscal,0.9,-0.7,0,0,0
@uzdaily|84945,v2,0,non_economic,0.0,0.0,0,0,0
@uzdaily|84946,v2,0,non_economic,0.0,0.0,0,0,0
@uzdaily|84947,v2,0,non_economic,0.0,0.0,0,0,0
@uzdaily|84948,v2,0,non_economic,0.0,0.0,0,0,0
@uzdaily|84949,v2,0,non_economic,0.0,0.0,0,0,0
@uzdaily|84950,v2,1,trade,0.9,0.6,0,0,0
@uzdaily|84951,v2,1,banking_finance,0.9,0.6,0,0,0
@uzdaily|84952,v2,1,trade,0.8,0.5,0,0,0
@uzdaily|84953,v2,1,business,0.7,0.5,0,0,0
@uzdaily|84954,v2,1,macro,0.8,0.6,0,0,0
@uzdaily|84955,v2,1,fiscal,0.8,0.6,0,0,0
@uzdaily|84956,v2,1,banking_finance,0.8,0.5,0,0,0
@uzdaily|84957,v2,1,banking_finance,0.7,0.5,0,0,0
@uzdaily|84958,v2,1,trade,0.8,0.5,0,0,0
@uzdaily|84959,v2,1,banking_finance,0.7,0.5,0,0,0
@uzdaily|84960,v2,0,non_economic,0.0,0.0,0,0,0
@uzdaily|84961,v2,0,non_economic,0.0,0.0,0,0,0
@uzdaily|84962,v2,1,banking_finance,0.8,0.3,0,0,0
@uzdaily|84963,v2,0,non_economic,0.0,0.0,0,0,0
@uzdaily|84964,v2,1,macro,0.7,0.5,0,0,0
@uzdaily|84965,v2,1,trade,0.6,0.4,0,0,0
@uzdaily|84966,v2,0,non_economic,0.0,0.0,0,0,0
@uzdaily|84967,v2,1,trade,0.5,0.2,0,0,0
@uzdaily|84968,v2,1,fiscal,0.8,0.3,0,0,0
@uzdaily|84969,v2,0,non_economic,0.0,0.0,0,0,0
@uzdaily|84970,v2,1,labour_income,0.5,0.1,0,0,0
@uzdaily|84971,v2,1,business,0.9,0.3,0,0,0
@uzdaily|84972,v2,1,business,0.8,0.0,0,0,0
@uzdaily|84973,v2,0,non_economic,0.0,0.0,0,0,0
@uzdaily|84974,v2,1,business,0.8,0.4,0,0,0
@uzdaily|84975,v2,0,non_economic,0.0,0.0,0,0,0
@uzdaily|84976,v2,1,business,0.7,0.3,0,0,0
@uzdaily|84977,v2,0,non_economic,0.0,0.0,0,0,0
@uzdaily|84978,v2,0,non_economic,0.0,0.0,0,0,0
@uzdaily|84979,v2,1,trade,0.7,0.3,0,0,0
@uzdaily|84980,v2,1,business,0.8,0.4,0,0,0
@uzdaily|84981,v2,1,business,0.9,0.7,0,0,0
@uzdaily|84982,v2,1,macro,0.9,0.6,0,0,0
@uzdaily|84983,v2,1,trade,0.85,0.6,0,0,0
@uzdaily|84984,v2,0,non_economic,0.0,0.0,0,0,0
@daryo|136825,v2,0,non_economic,0.0,0.0,0,0,0
@daryo|136826,v2,0,non_economic,0.0,0.0,0,1,0
@daryo|136827,v2,0,non_economic,0.0,0.0,0,0,0
@daryo|136828,v2,1,energy_utility,0.7,0.3,0,0,0
@daryo|136829,v2,0,non_economic,0.0,0.0,0,0,0
@daryo|136830,v2,1,business,0.8,0.5,0,0,0
@daryo|136831,v2,0,non_economic,0.0,0.0,0,0,0
@daryo|136832,v2,0,non_economic,0.0,0.0,0,0,0
@daryo|136833,v2,0,non_economic,0.0,0.0,0,0,0
@daryo|136834,v2,0,non_economic,0.0,0.0,0,0,0
@daryo|136835,v2,1,labour_income,0.9,0.0,0,0,0
@daryo|136836,v2,0,non_economic,0.0,0.0,0,0,0
@daryo|136837,v2,0,non_economic,0.0,0.0,0,0,0
@daryo|136838,v2,0,non_economic,0.0,0.0,0,0,0
@daryo|136839,v2,1,construction_realty,0.9,0.0,1,0,0
@daryo|136840,v2,0,non_economic,0.0,0.0,0,0,0
@daryo|136845,v2,1,labour_income,0.8,-0.6,0,0,0
@daryo|136846,v2,1,business,0.7,0.5,0,0,0
@daryo|136847,v2,1,business,0.9,0.5,1,0,0
@daryo|136848,v2,1,business,0.8,0.6,0,0,0
@daryo|136853,v2,0,non_economic,0.0,0.0,0,0,0
@daryo|136854,v2,0,non_economic,0.0,0.0,0,0,0
@daryo|136856,v2,0,non_economic,0.0,0.0,0,0,0
@daryo|136857,v2,0,non_economic,0.0,0.0,0,0,0
@daryo|136858,v2,1,construction_realty,0.6,0.5,0,0,0
@daryo|136859,v2,1,currency_fx,0.9,-0.6,0,0,0
@daryo|136860,v2,0,non_economic,0.0,0.0,0,0,0
@daryo|136861,v2,1,banking_finance,0.8,0.0,1,0,0
@daryo|136862,v2,0,non_economic,0.0,0.0,0,0,0
@daryo|136863,v2,0,non_economic,0.0,0.0,0,0,0
@daryo|136864,v2,0,non_economic,0.0,0.0,0,0,0
@daryo|136865,v2,0,non_economic,0.0,0.0,0,0,0
@daryo|136866,v2,1,macro,0.9,0.7,0,0,0
@daryo|136870,v2,1,business,0.8,0.6,0,0,0
@daryo|136871,v2,0,non_economic,0.0,0.0,0,0,0
@daryo|136874,v2,0,non_economic,0.0,0.0,0,0,1
@daryo|136875,v2,0,non_economic,0.0,0.0,0,0,1
@daryo|136876,v2,1,labour_income,0.7,0.5,0,0,0
@daryo|136879,v2,0,non_economic,0.0,0.0,0,0,0
@daryo|136880,v2,0,non_economic,0.0,0.0,0,0,0
@daryo|136884,v2,0,non_economic,0.0,0.0,0,0,0
@daryo|136885,v2,0,non_economic,0.0,0.0,0,1,0
@gazetauz|64297,v2,1,business,0.7,0.5,1,0,0
@gazetauz|64298,v2,1,business,0.6,0.0,0,0,0
@gazetauz|64299,v2,1,construction_realty,0.6,0.4,0,0,0
@gazetauz|64300,v2,1,labour_income,0.6,0.3,0,0,0
@gazetauz|64301,v2,1,fiscal,0.5,-0.4,0,0,0
@gazetauz|64302,v2,0,non_economic,0.0,0.0,0,0,0
@gazetauz|64303,v2,1,business,0.7,0.5,1,0,0
@gazetauz|64304,v2,1,macro,0.8,0.6,0,0,0
@gazetauz|64305,v2,0,non_economic,0.0,0.0,0,0,0
@gazetauz|64306,v2,1,prices_inflation,0.9,0.5,0,0,0
@gazetauz|64307,v2,1,banking_finance,0.8,0.4,0,0,0
@gazetauz|64308,v2,0,non_economic,0.0,0.0,0,0,0
@gazetauz|64309,v2,0,non_economic,0.0,0.0,0,0,0
@gazetauz|64310,v2,0,non_economic,0.0,0.0,0,0,0
@gazetauz|64311,v2,0,non_economic,0.0,0.0,0,0,0
@gazetauz|64312,v2,0,non_economic,0.0,0.0,0,0,0
@gazetauz|64313,v2,0,non_economic,0.0,0.0,0,0,0
@gazetauz|64315,v2,1,business,0.7,0.6,0,0,0
@gazetauz|64316,v2,0,non_economic,0.0,0.0,0,0,0
@gazetauz|64317,v2,0,non_economic,0.0,0.0,0,0,0
@gazetauz|64318,v2,1,banking_finance,0.8,0.5,1,0,0
@gazetauz|64319,v2,0,non_economic,0.0,0.0,0,0,0
@gazetauz|64320,v2,1,construction_realty,0.9,0.6,0,0,0
@gazetauz|64321,v2,0,non_economic,0.0,0.0,0,0,0
@gazetauz|64322,v2,0,non_economic,0.0,0.0,0,0,0
@kunuzofficial|174172,v2,0,non_economic,0.0,0.0,0,0,0
@kunuzofficial|174173,v2,0,non_economic,0.0,0.0,0,0,0
@kunuzofficial|174174,v2,0,non_economic,0.0,0.0,0,0,1
@kunuzofficial|174175,v2,0,non_economic,0.0,0.0,0,0,1
@kunuzofficial|174176,v2,0,non_economic,0.0,0.0,0,0,1
@kunuzofficial|174177,v2,0,non_economic,0.0,0.0,0,0,1
@kunuzofficial|174178,v2,1,fiscal,0.9,-0.7,0,0,0
@kunuzofficial|174179,v2,0,non_economic,0.0,0.0,0,0,1
@kunuzofficial|174180,v2,0,non_economic,0.0,0.0,0,0,1
@kunuzofficial|174183,v2,0,non_economic,0.0,0.0,0,0,1
@kunuzofficial|174184,v2,1,business,0.8,0.6,0,0,0
@kunuzofficial|174185,v2,0,non_economic,0.0,0.0,0,0,1
@kunuzofficial|174186,v2,0,non_economic,0.0,0.0,0,0,1
@kunuzofficial|174199,v2,0,non_economic,0.0,0.0,0,0,0
@kunuzofficial|174200,v2,0,non_economic,0.0,0.0,0,0,0
@spotuz|40093,v2,1,business,0.8,0.0,1,0,0
@spotuz|40094,v2,1,business,0.9,0.5,0,0,0
@spotuz|40095,v2,1,banking_finance,0.85,0.0,0,0,0
@spotuz|40096,v2,1,prices_inflation,0.9,-0.6,0,0,0
@spotuz|40097,v2,1,prices_inflation,0.8,-0.5,0,0,0
@spotuz|40098,v2,1,fiscal,0.85,0.6,0,0,0
@spotuz|40099,v2,1,business,0.7,0.0,1,0,0
@spotuz|40100,v2,1,banking_finance,0.9,0.0,0,0,0
@spotuz|40101,v2,1,business,0.9,0.6,0,0,0
@spotuz|40102,v2,1,business,0.7,0.5,1,0,0
@spotuz|40103,v2,1,macro,0.8,0.5,0,0,0
@spotuz|40104,v2,1,macro,0.8,0.5,0,0,0
@spotuz|40105,v2,1,trade,0.7,0.5,0,0,0
@spotuz|40106,v2,0,non_economic,0.0,0.0,0,0,0
@spotuz|40107,v2,1,currency_fx,0.9,-0.6,0,0,0
@spotuz|40108,v2,1,fiscal,0.8,0.5,0,0,0
@spotuz|40109,v2,1,banking_finance,0.7,0.5,1,0,0
@spotuz|40110,v2,1,business,0.7,-0.4,0,0,0
@spotuz|40111,v2,1,business,0.9,0.7,0,0,0
@spotuz|40112,v2,1,business,0.85,0.6,0,0,0
@spotuz|40113,v2,1,macro,0.8,0.6,0,0,0
@spotuz|40114,v2,0,non_economic,0.0,0.0,0,0,0
@uzdaily|84985,v2,1,trade,0.9,0.6,0,0,0
@uzdaily|84986,v2,1,trade,0.85,0.6,0,0,0
@uzdaily|84987,v2,1,trade,0.8,0.6,0,0,0
@uzdaily|84988,v2,1,trade,0.8,0.6,0,0,0
@uzdaily|84989,v2,1,trade,0.8,0.6,0,0,0
@uzdaily|84990,v2,1,trade,0.8,0.6,0,0,0
@uzdaily|84991,v2,1,construction_realty,0.9,0.5,0,0,0
@uzdaily|84992,v2,0,non_economic,0.0,0.0,0,0,0
@uzdaily|84993,v2,1,business,0.8,0.4,0,0,0
@uzdaily|84994,v2,1,banking_finance,0.9,-0.3,0,0,0
@uzdaily|84995,v2,1,construction_realty,0.7,0.4,0,0,0
@uzdaily|84996,v2,1,labour_income,0.8,0.5,0,0,0
@uzdaily|84997,v2,1,energy_utility,0.8,0.5,0,0,0
@uzdaily|84998,v2,1,business,0.6,0.4,0,0,0
@uzdaily|84999,v2,1,trade,0.7,0.4,0,0,0
@uzdaily|85000,v2,1,fiscal,0.8,0.5,0,0,0
@uzdaily|85001,v2,0,non_economic,0.0,0.0,0,0,0
@uzdaily|85002,v2,1,banking_finance,0.9,0.5,0,0,0
@uzdaily|85003,v2,1,banking_finance,0.8,0.0,0,0,0
@uzdaily|85004,v2,1,fiscal,0.9,0.6,0,0,0
@uzdaily|85005,v2,0,non_economic,0.0,0.0,0,0,0
@uzdaily|85006,v2,0,non_economic,0.0,0.0,0,0,0
@uzdaily|85007,v2,1,banking_finance,0.9,0.5,0,0,0
@uzdaily|85008,v2,1,banking_finance,0.8,0.0,0,0,0
@uzdaily|85009,v2,0,non_economic,0.0,0.0,0,0,0
@uzdaily|85010,v2,0,non_economic,0.0,0.0,0,0,0
@uzdaily|85011,v2,1,business,0.8,0.3,0,0,0
@uzdaily|85012,v2,1,trade,0.7,0.4,0,0,0
@uzdaily|85013,v2,0,non_economic,0.0,0.0,0,0,0
@uzdaily|85014,v2,0,non_economic,0.0,0.0,0,0,0
@uzdaily|85015,v2,1,business,0.7,0.3,0,0,0
@uzdaily|85016,v2,0,non_economic,0.0,0.0,0,0,0
@uzdaily|85017,v2,1,construction_realty,0.6,0.0,0,0,0
@uzdaily|85018,v2,1,banking_finance,0.8,0.0,0,0,0
@uzdaily|85019,v2,0,non_economic,0.0,0.0,0,0,0
@uzdaily|85020,v2,0,non_economic,0.0,0.0,0,0,0
@uzdaily|85021,v2,0,non_economic,0.0,0.0,0,0,1
@uzdaily|85022,v2,0,non_economic,0.0,0.0,0,0,1
@uzdaily|85023,v2,0,non_economic,0.0,0.0,0,0,1
@uzdaily|85024,v2,0,non_economic,0.0,0.0,0,0,1
@uzdaily|85025,v2,0,non_economic,0.0,0.0,0,0,1
@uzdaily|85026,v2,0,non_economic,0.0,0.0,0,0,1
@uzdaily|85027,v2,0,non_economic,0.0,0.0,0,0,1
@uzdaily|85028,v2,0,non_economic,0.0,0.0,0,0,1
@uzdaily|85029,v2,0,non_economic,0.0,0.0,0,0,1
@uzdaily|85030,v2,0,non_economic,0.0,0.0,0,0,1
@uzdaily|85031,v2,0,non_economic,0.0,0.0,0,0,0
@uzdaily|85032,v2,1,construction_realty,0.8,0.5,0,0,0
@uzdaily|85033,v2,1,construction_realty,0.7,0.5,0,0,0
@uzdaily|85034,v2,1,business,0.6,0.3,0,0,0
@uzdaily|85035,v2,0,non_economic,0.0,0.0,0,0,0
@uzdaily|85036,v2,1,banking_finance,0.8,0.4,0,0,0
@uzdaily|85037,v2,0,non_economic,0.0,0.0,0,0,0
@uzdaily|85038,v2,0,non_economic,0.0,0.0,0,0,0
@uzdaily|85039,v2,1,trade,0.7,0.4,0,0,0
@uzdaily|85040,v2,1,trade,0.8,0.1,0,0,0
@uzdaily|85041,v2,1,trade,0.9,0.3,0,0,0
@uzdaily|85042,v2,0,non_economic,0.0,0.0,0,0,0
@uzdaily|85043,v2,1,labour_income,0.6,0.5,0,0,0
@uzdaily|85044,v2,0,non_economic,0.0,0.0,0,0,0
@uzdaily|85045,v2,1,construction_realty,0.8,0.6,0,0,0
@uzdaily|85046,v2,1,business,0.7,0.5,0,0,0
@uzdaily|85047,v2,0,non_economic,0.0,0.0,0,0,0
@uzdaily|85048,v2,1,business,0.7,0.5,0,0,0
@uzdaily|85049,v2,1,trade,0.7,0.5,0,0,0
@uzdaily|85050,v2,1,macro,0.9,-0.4,0,0,0
@uzdaily|85051,v2,1,construction_realty,0.9,0.6,0,0,0
@uzdaily|85052,v2,1,construction_realty,0.9,0.6,0,0,0
@uzdaily|85053,v2,1,trade,0.8,0.5,0,0,0
@uzdaily|85054,v2,1,currency_fx,0.9,0.0,0,0,0
@uzdaily|85055,v2,0,non_economic,0.0,0.0,0,0,0
@uzdaily|85056,v2,0,non_economic,0.0,0.0,0,0,0
@uzdaily|85057,v2,0,non_economic,0.0,0.0,0,0,0
@uzdaily|85058,v2,1,currency_fx,0.9,0.6,0,0,0
@uzdaily|85059,v2,0,non_economic,0.0,0.0,0,0,0
@uzdaily|85060,v2,1,fiscal,0.9,0.6,0,0,0
@uzdaily|85061,v2,1,prices_inflation,0.9,-0.6,0,0,0
@uzdaily|85062,v2,1,business,0.9,0.6,0,0,0
@daryo|136886,v2,0,non_economic,0.0,0.0,0,0,0
@daryo|136887,v2,0,non_economic,0.0,0.0,0,0,0
@daryo|136888,v2,0,non_economic,0.0,0.0,0,0,0
@daryo|136889,v2,0,non_economic,0.0,0.0,0,0,0
@daryo|136890,v2,0,non_economic,0.0,0.0,0,0,0
@daryo|136891,v2,0,non_economic,0.0,0.0,0,0,0
@daryo|136892,v2,1,business,0.9,0.7,0,0,0
@daryo|136898,v2,1,energy_utility,0.8,0.6,0,0,0
@daryo|136899,v2,0,non_economic,0.0,0.0,0,0,0
@daryo|136900,v2,1,construction_realty,0.85,0.6,0,0,0
@daryo|136902,v2,1,construction_realty,0.8,0.6,0,0,0
@daryo|136903,v2,1,banking_finance,0.85,0.5,0,0,0
@daryo|136904,v2,1,construction_realty,0.6,0.3,0,0,0
@daryo|136905,v2,1,banking_finance,0.85,0.5,0,0,0
@daryo|136906,v2,0,non_economic,0.0,0.0,0,0,1
@daryo|136907,v2,1,construction_realty,0.8,0.0,1,0,0
@daryo|136908,v2,0,non_economic,0.0,0.0,0,0,0
@daryo|136909,v2,0,non_economic,0.0,0.0,0,0,1
@daryo|136910,v2,1,labour_income,0.8,0.4,0,0,0
@daryo|136911,v2,1,fiscal,0.85,-0.5,0,0,0
@daryo|136912,v2,0,non_economic,0.0,0.0,0,0,0
@daryo|136913,v2,0,non_economic,0.0,0.0,0,0,0
@daryo|136914,v2,1,fiscal,0.8,0.6,0,0,0
@daryo|136915,v2,0,non_economic,0.0,0.0,0,0,0
@daryo|136916,v2,1,trade,0.8,0.6,0,0,0
@daryo|136917,v2,1,banking_finance,0.8,-0.6,0,0,0
@daryo|136918,v2,0,non_economic,0.0,0.0,0,0,0
@daryo|136919,v2,0,non_economic,0.0,0.0,0,0,0
@daryo|136920,v2,0,non_economic,0.0,0.0,0,0,0
@daryo|136921,v2,0,non_economic,0.0,0.0,0,0,0
@daryo|136922,v2,0,non_economic,0.0,0.0,0,0,0
@daryo|136923,v2,0,non_economic,0.0,0.0,0,0,0
@daryo|136924,v2,1,fiscal,0.8,0.0,0,0,0
@daryo|136925,v2,0,non_economic,0.0,0.0,0,1,0
@gazetauz|64323,v2,0,non_economic,0.0,0.0,0,0,0
@gazetauz|64324,v2,0,non_economic,0.0,0.0,0,0,0
@gazetauz|64325,v2,0,non_economic,0.0,0.0,0,0,0
@gazetauz|64326,v2,1,labour_income,0.6,0.5,0,0,0
@gazetauz|64327,v2,1,energy_utility,0.9,0.6,0,0,0
@gazetauz|64328,v2,0,non_economic,0.0,0.0,0,0,0
@gazetauz|64329,v2,0,non_economic,0.0,0.0,0,0,0
@gazetauz|64330,v2,0,non_economic,0.0,0.0,0,0,0
@gazetauz|64331,v2,0,non_economic,0.0,0.0,0,0,0
@gazetauz|64332,v2,0,non_economic,0.0,0.0,0,0,0
@kunuzofficial|174187,v2,1,fiscal,0.6,0.5,0,0,0
@kunuzofficial|174189,v2,1,business,0.7,0.6,0,0,0
@kunuzofficial|174190,v2,0,non_economic,0.0,0.0,0,0,0
@kunuzofficial|174191,v2,1,banking_finance,0.8,0.6,0,0,0
@kunuzofficial|174192,v2,1,business,0.7,0.5,0,0,0
@kunuzofficial|174193,v2,0,non_economic,0.0,0.0,0,0,0
@kunuzofficial|174194,v2,0,non_economic,0.0,0.0,0,0,0
@kunuzofficial|174195,v2,0,non_economic,0.0,0.0,0,1,0
@kunuzofficial|174196,v2,1,banking_finance,0.9,0.0,0,0,0
@kunuzofficial|174197,v2,0,non_economic,0.0,0.0,0,0,0
@kunuzofficial|174201,v2,0,non_economic,0.0,0.0,0,0,0
@kunuzofficial|174202,v2,0,non_economic,0.0,0.0,0,0,1
@kunuzofficial|174203,v2,0,non_economic,0.0,0.0,0,0,0
@kunuzofficial|174204,v2,0,non_economic,0.0,0.0,0,0,0
@kunuzofficial|174206,v2,1,energy_utility,0.8,0.6,0,0,0
@kunuzofficial|174207,v2,0,non_economic,0.0,0.0,0,0,1
@kunuzofficial|174208,v2,1,business,0.9,0.7,0,0,0
@kunuzofficial|174209,v2,1,fiscal,0.9,0.6,0,0,0
@kunuzofficial|174210,v2,1,construction_realty,0.8,0.6,0,0,0
@kunuzofficial|174211,v2,1,labour_income,0.9,0.7,0,0,0
@kunuzofficial|174212,v2,0,non_economic,0.0,0.0,0,0,0
@kunuzofficial|174213,v2,1,labour_income,0.9,-0.6,0,0,0
@kunuzofficial|174214,v2,1,labour_income,0.5,0.0,0,0,0
@kunuzofficial|174215,v2,0,non_economic,0.0,0.0,0,0,0
@kunuzofficial|174216,v2,0,non_economic,0.0,0.0,0,0,0
@kunuzofficial|174217,v2,0,non_economic,0.0,0.0,0,0,0
@kunuzofficial|174218,v2,1,labour_income,0.8,-0.3,0,0,0
@kunuzofficial|174219,v2,0,non_economic,0.0,0.0,0,0,0
@kunuzofficial|174220,v2,1,labour_income,0.7,0.1,0,0,0
@kunuzofficial|174221,v2,0,non_economic,0.0,0.0,0,0,0
@kunuzofficial|174222,v2,1,fiscal,0.6,-0.4,0,0,0
@spotuz|40115,v2,1,banking_finance,0.9,-0.2,0,0,0
@spotuz|40116,v2,1,banking_finance,0.9,-0.2,0,0,0
@spotuz|40117,v2,1,construction_realty,0.8,0.2,0,0,0
@spotuz|40118,v2,1,banking_finance,0.9,0.1,0,0,0
@spotuz|40119,v2,1,banking_finance,0.9,0.1,0,0,0
@spotuz|40120,v2,1,trade,0.9,0.6,0,0,0
@spotuz|40121,v2,1,business,0.8,0.2,0,0,0
@uzdaily|85063,v2,0,non_economic,0.0,0.0,0,0,0
@uzdaily|85064,v2,1,construction_realty,0.8,0.5,0,0,0
@uzdaily|85065,v2,1,energy_utility,0.8,0.5,0,0,0
@uzdaily|85066,v2,1,business,0.7,0.5,0,0,0
@uzdaily|85067,v2,0,non_economic,0.0,0.0,0,0,0
@uzdaily|85068,v2,1,fiscal,0.7,0.6,0,0,0
@uzdaily|85069,v2,1,trade,0.8,0.5,0,0,0
@uzdaily|85070,v2,1,energy_utility,0.8,0.5,0,0,0
@uzdaily|85071,v2,1,business,0.9,0.8,0,0,0
@uzdaily|85072,v2,1,energy_utility,0.9,0.8,0,0,0
@uzdaily|85073,v2,1,business,0.9,0.8,0,0,0
@uzdaily|85074,v2,1,business,0.9,0.8,0,0,0
@uzdaily|85075,v2,1,trade,0.9,0.8,0,0,0
@uzdaily|85076,v2,1,business,0.9,0.8,0,0,0
@uzdaily|85077,v2,1,trade,0.9,0.8,0,0,0
@uzdaily|85078,v2,1,trade,0.9,0.8,0,0,0
@uzdaily|85079,v2,1,energy_utility,0.9,0.8,0,0,0
@uzdaily|85080,v2,1,business,0.9,0.8,0,0,0
@uzdaily|85081,v2,1,business,0.9,0.0,0,0,0
@uzdaily|85082,v2,1,business,0.9,0.0,0,0,0
@uzdaily|85083,v2,1,trade,0.8,0.0,0,0,0
@uzdaily|85084,v2,1,business,0.8,0.0,0,0,0
@uzdaily|85085,v2,1,business,0.8,0.0,0,0,0
@uzdaily|85086,v2,0,non_economic,0.0,0.0,0,0,0
@uzdaily|85087,v2,0,non_economic,0.0,0.0,0,0,0
@uzdaily|85088,v2,1,business,0.8,0.0,0,0,0
@uzdaily|85089,v2,1,business,0.8,0.0,0,0,0
@uzdaily|85090,v2,1,business,0.8,0.0,0,0,0
@uzdaily|85091,v2,1,business,0.8,0.6,0,0,0
@uzdaily|85092,v2,1,business,0.8,0.6,0,0,0
@uzdaily|85093,v2,1,business,0.7,0.0,0,0,0
@uzdaily|85094,v2,1,business,0.8,0.6,0,0,0
@uzdaily|85095,v2,1,business,0.8,0.6,0,0,0
@uzdaily|85096,v2,1,business,0.8,0.6,0,0,0
@uzdaily|85097,v2,1,labour_income,0.7,0.5,0,0,0
@uzdaily|85098,v2,1,banking_finance,0.9,0.5,0,0,0
@uzdaily|85099,v2,1,trade,0.8,0.5,0,0,0
@uzdaily|85100,v2,1,banking_finance,0.7,-0.5,0,0,0
@uzdaily|85101,v2,1,business,0.9,0.7,0,0,0
@uzdaily|85102,v2,0,non_economic,0.0,0.0,0,0,0
@uzdaily|85103,v2,1,trade,0.9,0.6,0,0,0
@uzdaily|85104,v2,1,energy_utility,0.9,0.6,0,0,0
@uzdaily|85105,v2,1,trade,0.9,0.6,0,0,0
@uzdaily|85106,v2,1,business,0.9,0.6,0,0,0
@uzdaily|85107,v2,1,energy_utility,0.9,-0.5,0,0,0
@uzdaily|85108,v2,1,trade,0.9,0.6,0,0,0
@uzdaily|85109,v2,1,construction_realty,0.9,0.6,0,0,0
@uzdaily|85110,v2,1,labour_income,0.9,0.6,0,0,0
@uzdaily|85111,v2,1,business,0.8,0.6,0,0,0
@uzdaily|85112,v2,1,banking_finance,0.8,0.6,0,0,0
@uzdaily|85113,v2,0,non_economic,0.0,0.0,0,0,0
@uzdaily|85114,v2,0,non_economic,0.0,0.0,0,0,0
@uzdaily|85115,v2,0,non_economic,0.0,0.0,0,0,0
@daryo|136926,v2,0,non_economic,0.0,0.0,0,0,0
@daryo|136927,v2,0,non_economic,0.0,0.0,0,0,1
@daryo|136928,v2,0,non_economic,0.0,0.0,0,0,1
@daryo|136929,v2,1,banking_finance,0.9,0.5,0,0,0
@daryo|136930,v2,0,non_economic,0.0,0.0,0,0,0
@daryo|136931,v2,0,non_economic,0.0,0.0,0,0,1
@daryo|136932,v2,0,non_economic,0.0,0.0,0,0,0
@daryo|136933,v2,0,non_economic,0.0,0.0,0,0,1
@daryo|136934,v2,0,non_economic,0.0,0.0,0,0,0
@daryo|136935,v2,0,non_economic,0.0,0.0,0,0,0
@daryo|136936,v2,0,non_economic,0.0,0.0,0,0,1
@daryo|136937,v2,0,non_economic,0.0,0.0,0,0,1
@daryo|136938,v2,0,non_economic,0.0,0.0,0,0,0
@daryo|136939,v2,0,non_economic,0.0,0.0,1,0,0
@daryo|136940,v2,0,non_economic,0.0,0.0,0,0,0
@daryo|136941,v2,0,non_economic,0.0,0.0,0,0,1
@daryo|136942,v2,1,business,0.7,0.5,0,0,0
@daryo|136943,v2,0,non_economic,0.0,0.0,0,0,1
@daryo|136944,v2,1,banking_finance,0.9,-0.4,0,0,0
@daryo|136945,v2,0,non_economic,0.0,0.0,0,0,1
@daryo|136946,v2,0,non_economic,0.0,0.0,0,0,0
@daryo|136947,v2,1,trade,0.8,-0.6,0,0,0
@daryo|136948,v2,0,non_economic,0.0,0.0,0,1,0
@gazetauz|64336,v2,0,non_economic,0.0,0.0,0,0,0
@gazetauz|64337,v2,1,construction_realty,0.8,0.6,0,0,0
@gazetauz|64338,v2,1,business,0.7,-0.7,0,0,0
@gazetauz|64339,v2,1,business,0.8,0.6,0,0,0
@gazetauz|64340,v2,0,non_economic,0.0,0.0,0,0,0
@kunuzofficial|174223,v2,0,non_economic,0.0,0.0,0,0,0
@kunuzofficial|174224,v2,0,non_economic,0.0,0.0,0,1,0
@kunuzofficial|174225,v2,0,non_economic,0.0,0.0,0,0,1
@kunuzofficial|174226,v2,0,non_economic,0.0,0.0,0,0,0
@kunuzofficial|174227,v2,0,non_economic,0.0,0.0,0,0,0
@kunuzofficial|174228,v2,0,non_economic,0.0,0.0,0,0,1
@kunuzofficial|174229,v2,0,non_economic,0.0,0.0,0,0,0
@kunuzofficial|174230,v2,0,non_economic,0.0,0.0,0,0,0
@kunuzofficial|174231,v2,0,non_economic,0.0,0.0,0,0,0
@kunuzofficial|174232,v2,0,non_economic,0.0,0.0,0,0,0
@kunuzofficial|174233,v2,0,non_economic,0.0,0.0,1,0,0
@kunuzofficial|174234,v2,1,fiscal,0.8,0.3,0,0,0
@kunuzofficial|174235,v2,0,non_economic,0.0,0.0,0,0,1
@kunuzofficial|174236,v2,0,non_economic,0.0,0.0,1,0,0
@kunuzofficial|174237,v2,0,non_economic,0.0,0.0,0,0,0
@kunuzofficial|174238,v2,0,non_economic,0.0,0.0,1,0,0
@kunuzofficial|174239,v2,1,energy_utility,0.8,-0.6,0,0,0
@kunuzofficial|174240,v2,0,non_economic,0.0,0.0,0,0,0
@kunuzofficial|174241,v2,1,banking_finance,0.7,0.5,0,0,0
@spotuz|40122,v2,1,business,0.7,0.0,0,0,0
@spotuz|40123,v2,1,trade,0.8,0.6,0,0,0
@spotuz|40124,v2,1,trade,0.8,0.6,0,0,0
@spotuz|40125,v2,1,business,0.8,0.6,0,0,0
@spotuz|40126,v2,1,fiscal,0.7,0.5,0,0,0
@spotuz|40127,v2,1,trade,0.8,0.5,0,0,0
@spotuz|40128,v2,0,non_economic,0.0,0.0,0,0,0
@spotuz|40129,v2,0,non_economic,0.0,0.0,0,0,0
@spotuz|40130,v2,1,energy_utility,0.7,0.5,0,0,0
@spotuz|40131,v2,1,construction_realty,0.9,-0.5,0,0,0
@spotuz|40132,v2,1,construction_realty,0.8,0.5,0,0,0
@spotuz|40133,v2,1,labour_income,0.7,0.5,0,0,0
@spotuz|40134,v2,1,fiscal,0.9,-0.6,0,0,0
@uzdaily|85116,v2,0,non_economic,0.0,0.0,0,0,0
@uzdaily|85117,v2,0,non_economic,0.0,0.0,0,0,0
@uzdaily|85118,v2,0,non_economic,0.0,0.0,0,0,0
@uzdaily|85119,v2,0,non_economic,0.0,0.0,0,0,0
@uzdaily|85120,v2,0,non_economic,0.0,0.0,0,0,0
@uzdaily|85121,v2,0,non_economic,0.0,0.0,0,0,0
@uzdaily|85122,v2,0,non_economic,0.0,0.0,0,0,0
@uzdaily|85123,v2,0,non_economic,0.0,0.0,0,0,0
@uzdaily|85124,v2,0,non_economic,0.0,0.0,0,0,0
@uzdaily|85125,v2,0,non_economic,0.0,0.0,0,0,0
@uzdaily|85126,v2,1,trade,0.9,0.0,0,0,0
@uzdaily|85127,v2,1,trade,0.9,0.0,0,0,0
@uzdaily|85128,v2,1,fiscal,0.8,0.0,0,0,0
@uzdaily|85129,v2,0,non_economic,0.0,0.0,0,0,0
@uzdaily|85130,v2,1,business,0.8,0.0,0,0,0
@uzdaily|85131,v2,0,non_economic,0.0,0.0,0,0,0
@uzdaily|85132,v2,1,business,0.8,0.0,0,0,0
@uzdaily|85133,v2,1,business,0.8,0.0,0,0,0
@uzdaily|85134,v2,1,business,0.8,0.0,0,0,0
@uzdaily|85135,v2,0,non_economic,0.0,0.0,0,0,0
@uzdaily|85136,v2,0,non_economic,0.0,0.0,0,0,0
@uzdaily|85137,v2,0,non_economic,0.0,0.0,0,0,0
@uzdaily|85138,v2,0,non_economic,0.0,0.0,0,0,0
@uzdaily|85139,v2,0,non_economic,0.0,0.0,0,0,0
@uzdaily|85140,v2,0,non_economic,0.0,0.0,0,0,0
@uzdaily|85141,v2,0,non_economic,0.0,0.0,0,0,0
@uzdaily|85142,v2,0,non_economic,0.0,0.0,0,0,0
@uzdaily|85143,v2,0,non_economic,0.0,0.0,0,0,0
@uzdaily|85144,v2,0,non_economic,0.0,0.0,0,0,0
@uzdaily|85145,v2,0,non_economic,0.0,0.0,0,0,0
@uzdaily|85146,v2,0,non_economic,0.0,0.0,0,0,0
@uzdaily|85147,v2,0,non_economic,0.0,0.0,0,0,0
@uzdaily|85148,v2,0,non_economic,0.0,0.0,0,0,0
@uzdaily|85149,v2,0,non_economic,0.0,0.0,0,0,0
@uzdaily|85150,v2,0,non_economic,0.0,0.0,0,0,0
@daryo|136949,v2,0,non_economic,0.0,0.0,0,0,0
@daryo|136950,v2,1,fiscal,0.9,0.6,0,0,0
@daryo|136951,v2,1,banking_finance,0.9,0.6,0,0,0
@daryo|136952,v2,0,non_economic,0.0,0.0,0,0,0
@daryo|136953,v2,0,non_economic,0.0,0.0,0,0,0
@daryo|136954,v2,0,non_economic,0.0,0.0,0,0,0
@daryo|136955,v2,0,non_economic,0.0,0.0,0,0,0
@daryo|136956,v2,0,non_economic,0.0,0.0,0,0,0
@daryo|136957,v2,0,non_economic,0.0,0.0,0,0,0
@daryo|136958,v2,0,non_economic,0.0,0.0,0,0,0
@daryo|136959,v2,0,non_economic,0.0,0.0,0,0,0
@daryo|136960,v2,0,non_economic,0.0,0.0,0,0,0
@daryo|136961,v2,0,non_economic,0.0,0.0,0,0,0
@daryo|136962,v2,0,non_economic,0.0,0.0,0,0,0
@daryo|136963,v2,0,non_economic,0.0,0.0,0,0,0
@daryo|136964,v2,1,energy_utility,0.7,0.0,0,0,0
@daryo|136965,v2,1,banking_finance,0.8,0.5,0,0,0
@daryo|136966,v2,0,non_economic,0.0,0.0,0,0,0
@daryo|136967,v2,0,non_economic,0.0,0.0,0,0,0
@daryo|136968,v2,1,construction_realty,0.8,0.5,0,0,0
@daryo|136969,v2,1,construction_realty,0.8,0.5,0,0,0
@daryo|136970,v2,1,currency_fx,0.9,0.6,0,0,0
@daryo|136971,v2,1,business,0.4,0.2,1,0,0
@daryo|136972,v2,0,non_economic,0.0,0.0,0,0,0
@daryo|136973,v2,0,non_economic,0.0,0.0,0,0,0
@daryo|136974,v2,0,non_economic,0.0,0.0,0,0,0
@daryo|136975,v2,1,business,0.6,0.4,0,0,0
@daryo|136976,v2,0,non_economic,0.0,0.0,0,0,0
@daryo|136979,v2,0,non_economic,0.0,0.0,0,0,0
@daryo|136981,v2,1,construction_realty,0.7,0.5,0,0,0
@daryo|136982,v2,0,non_economic,0.0,0.0,0,0,1
@daryo|136983,v2,0,non_economic,0.0,0.0,0,0,0
@daryo|136984,v2,0,non_economic,0.0,0.0,0,0,0
@daryo|136985,v2,0,non_economic,0.0,0.0,0,0,0
@daryo|136986,v2,0,non_economic,0.0,0.0,0,0,0
@daryo|136987,v2,0,non_economic,0.0,0.0,0,1,0
@gazetauz|64341,v2,0,non_economic,0.0,0.0,0,0,0
@gazetauz|64342,v2,0,non_economic,0.0,0.0,0,0,0
@gazetauz|64343,v2,0,non_economic,0.0,0.0,0,0,0
@gazetauz|64344,v2,1,business,0.6,0.7,0,0,0
@gazetauz|64345,v2,0,non_economic,0.0,0.0,0,0,0
@gazetauz|64346,v2,1,construction_realty,0.8,0.0,0,0,0
@gazetauz|64347,v2,0,non_economic,0.0,0.0,0,0,0
@gazetauz|64348,v2,0,non_economic,0.0,0.0,0,0,0
@gazetauz|64349,v2,1,trade,0.6,0.0,0,0,0
@gazetauz|64350,v2,1,labour_income,0.8,0.5,0,0,0
@gazetauz|64351,v2,1,business,0.7,0.3,1,0,0
@gazetauz|64352,v2,0,non_economic,0.0,0.0,0,0,0
@gazetauz|64353,v2,1,trade,0.8,-0.5,0,0,0
@gazetauz|64354,v2,1,banking_finance,0.7,0.0,0,0,0
@gazetauz|64355,v2,1,business,0.3,0.0,1,0,0
@gazetauz|64356,v2,0,non_economic,0.0,0.0,0,0,0
@gazetauz|64357,v2,0,non_economic,0.0,0.0,0,0,0
@kunuzofficial|174242,v2,1,business,0.3,0.0,1,0,0
@kunuzofficial|174243,v2,0,non_economic,0.0,0.0,0,0,0
@kunuzofficial|174244,v2,0,non_economic,0.0,0.0,0,0,0
@kunuzofficial|174245,v2,0,non_economic,0.0,0.0,0,0,0
@kunuzofficial|174246,v2,1,banking_finance,0.8,-0.6,0,0,0
@kunuzofficial|174247,v2,0,non_economic,0.0,0.0,0,0,0
@kunuzofficial|174248,v2,0,non_economic,0.0,0.0,0,0,0
@kunuzofficial|174249,v2,0,non_economic,0.0,0.0,0,0,0
@kunuzofficial|174250,v2,1,banking_finance,0.8,0.5,1,0,0
@kunuzofficial|174251,v2,0,non_economic,0.0,0.0,0,1,1
@kunuzofficial|174252,v2,0,non_economic,0.0,0.0,0,0,0
@kunuzofficial|174253,v2,1,banking_finance,0.8,0.4,1,0,0
@kunuzofficial|174254,v2,1,fiscal,0.9,0.6,0,0,0
@kunuzofficial|174255,v2,1,macro,0.7,-0.5,0,0,0
@kunuzofficial|174256,v2,0,non_economic,0.0,0.0,0,0,1
@kunuzofficial|174257,v2,0,non_economic,0.0,0.0,0,0,0
@kunuzofficial|174259,v2,0,non_economic,0.0,0.0,0,0,0
@kunuzofficial|174260,v2,1,banking_finance,0.9,0.0,0,0,0
@kunuzofficial|174261,v2,0,non_economic,0.0,0.0,0,1,0
@kunuzofficial|174262,v2,0,non_economic,0.0,0.0,0,0,0
@kunuzofficial|174263,v2,0,non_economic,0.0,0.0,0,0,0
@kunuzofficial|174264,v2,0,non_economic,0.0,0.0,0,0,0
@kunuzofficial|174265,v2,0,non_economic,0.0,0.0,0,0,0
@spotuz|40135,v2,1,business,0.8,0.0,1,0,0
@spotuz|40136,v2,1,business,0.8,0.0,0,0,0
@spotuz|40137,v2,1,business,0.8,0.0,1,0,0
@spotuz|40138,v2,1,business,0.8,0.0,0,0,0
@spotuz|40139,v2,1,business,0.8,0.7,0,0,0
@spotuz|40140,v2,0,non_economic,0.0,0.0,0,0,0
@spotuz|40141,v2,1,business,0.7,0.6,0,0,0
@spotuz|40142,v2,1,business,0.8,0.0,0,0,0
@spotuz|40143,v2,1,banking_finance,0.9,0.0,1,0,0
@spotuz|40144,v2,1,prices_inflation,0.9,-0.6,0,0,0
@spotuz|40145,v2,1,banking_finance,0.8,0.5,0,0,0
@spotuz|40146,v2,1,construction_realty,0.8,0.5,0,0,0
@spotuz|40147,v2,1,currency_fx,0.9,0.6,0,0,0
@spotuz|40148,v2,1,business,0.7,0.4,0,0,0
@spotuz|40149,v2,1,construction_realty,0.9,0.6,0,0,0
@spotuz|40150,v2,0,non_economic,0.0,0.0,0,0,0
@spotuz|40151,v2,1,macro,0.9,-0.7,0,0,0
@spotuz|40152,v2,1,prices_inflation,0.9,-0.8,0,0,0
@uzdaily|85151,v2,1,business,0.8,0.5,0,0,0
@uzdaily|85152,v2,1,macro,0.8,0.6,0,0,0
@uzdaily|85153,v2,1,banking_finance,0.8,0.6,0,0,0
@uzdaily|85154,v2,0,non_economic,0.0,0.0,0,0,0
@uzdaily|85155,v2,1,trade,0.8,0.5,0,0,0
@uzdaily|85156,v2,0,non_economic,0.0,0.0,0,0,0
@uzdaily|85167,v2,1,banking_finance,0.9,0.6,0,0,0
@uzdaily|85168,v2,1,fiscal,0.8,-0.5,0,0,0
@uzdaily|85169,v2,0,non_economic,0.0,0.0,0,0,0
@uzdaily|85170,v2,1,trade,0.6,0.0,0,0,0
@uzdaily|85171,v2,0,non_economic,0.0,0.0,0,0,0
@uzdaily|85172,v2,0,non_economic,0.0,0.0,0,0,1
@uzdaily|85173,v2,0,non_economic,0.0,0.0,0,0,0
@uzdaily|85174,v2,0,non_economic,0.0,0.0,0,0,0
@uzdaily|85175,v2,0,non_economic,0.0,0.0,0,0,0
@uzdaily|85176,v2,1,banking_finance,0.8,0.7,0,0,0
@uzdaily|85177,v2,0,non_economic,0.0,0.0,0,0,0
@uzdaily|85178,v2,1,energy_utility,0.8,0.6,0,0,0
@uzdaily|85179,v2,1,trade,0.7,0.4,0,0,0
@uzdaily|85180,v2,1,energy_utility,0.8,0.6,0,0,0
@uzdaily|85181,v2,0,non_economic,0.0,0.0,0,0,0
@uzdaily|85182,v2,0,non_economic,0.0,0.0,0,0,0
@uzdaily|85183,v2,0,non_economic,0.0,0.0,0,0,0
@uzdaily|85184,v2,1,construction_realty,0.5,0.5,0,0,0
@uzdaily|85185,v2,0,non_economic,0.0,0.0,0,0,0
@uzdaily|85186,v2,1,construction_realty,0.6,0.5,0,0,0
@uzdaily|85187,v2,0,non_economic,0.0,0.0,0,0,0
@uzdaily|85188,v2,0,non_economic,0.0,0.0,0,0,0
@uzdaily|85189,v2,0,non_economic,0.0,0.0,0,0,0
@uzdaily|85190,v2,0,non_economic,0.0,0.0,0,0,0
@uzdaily|85191,v2,0,non_economic,0.0,0.0,0,0,0
@uzdaily|85192,v2,0,non_economic,0.0,0.0,0,0,0
@daryo|136988,v2,0,non_economic,0.0,0.0,0,0,0
@daryo|136989,v2,0,non_economic,0.0,0.0,0,0,0
@daryo|136993,v2,1,banking_finance,0.8,0.0,1,0,0
@daryo|136994,v2,0,non_economic,0.0,0.0,0,0,1
@daryo|136995,v2,0,non_economic,0.0,0.0,0,0,1
@daryo|136996,v2,0,non_economic,0.0,0.0,0,0,0
@daryo|136997,v2,1,business,0.7,0.0,1,0,0
@daryo|136998,v2,1,construction_realty,0.8,0.5,0,0,0
@daryo|136999,v2,0,non_economic,0.0,0.0,0,0,0
@daryo|137000,v2,0,non_economic,0.0,0.0,0,0,0
@daryo|137011,v2,0,non_economic,0.0,0.0,0,0,0
@daryo|137012,v2,0,non_economic,0.0,0.0,0,0,0
@daryo|137013,v2,0,non_economic,0.0,0.0,0,0,0
@daryo|137014,v2,1,business,0.6,0.0,0,0,0
@daryo|137015,v2,0,non_economic,0.0,0.0,0,0,0
@daryo|137016,v2,0,non_economic,0.0,0.0,0,0,0
@daryo|137017,v2,1,construction_realty,0.8,0.5,1,0,0
@daryo|137018,v2,0,non_economic,0.0,0.0,0,0,0
@daryo|137019,v2,1,fiscal,0.7,-0.6,0,0,0
@daryo|137020,v2,0,non_economic,0.0,0.0,0,0,1
@daryo|137021,v2,1,currency_fx,0.9,0.6,0,0,0
@daryo|137022,v2,0,non_economic,0.0,0.0,0,0,0
@daryo|137023,v2,1,energy_utility,0.7,0.5,0,0,0
@daryo|137024,v2,0,non_economic,0.0,0.0,0,0,0
@daryo|137025,v2,0,non_economic,0.0,0.0,1,0,0
@daryo|137026,v2,0,non_economic,0.0,0.0,0,0,0
@daryo|137027,v2,1,business,0.6,0.4,0,0,0
@daryo|137028,v2,0,non_economic,0.0,0.0,0,0,0
@daryo|137029,v2,0,non_economic,0.0,0.0,0,0,0
@daryo|137030,v2,0,non_economic,0.0,0.0,0,0,0
@daryo|137031,v2,0,non_economic,0.0,0.0,0,0,0
@daryo|137032,v2,0,non_economic,0.0,0.0,0,0,0
@daryo|137033,v2,0,non_economic,0.0,0.0,0,0,0
@daryo|137034,v2,0,non_economic,0.0,0.0,0,1,0
@gazetauz|64358,v2,1,construction_realty,0.9,0.5,0,0,0
@gazetauz|64359,v2,0,non_economic,0.0,0.0,0,0,0
@gazetauz|64360,v2,0,non_economic,0.0,0.0,0,0,0
@gazetauz|64361,v2,1,business,0.8,0.0,1,0,0
@gazetauz|64362,v2,0,non_economic,0.0,0.0,0,0,0
@gazetauz|64363,v2,1,fiscal,0.9,0.0,0,0,0
@gazetauz|64364,v2,1,energy_utility,0.8,0.2,0,0,0
@gazetauz|64365,v2,1,banking_finance,0.7,0.1,0,0,0
@gazetauz|64366,v2,1,labour_income,0.6,0.0,0,0,0
@gazetauz|64367,v2,0,non_economic,0.0,0.0,0,0,0
@gazetauz|64368,v2,0,non_economic,0.0,0.0,0,0,0
@gazetauz|64369,v2,0,non_economic,0.0,0.0,0,0,0
@gazetauz|64370,v2,1,business,0.6,0.0,0,0,0
@gazetauz|64371,v2,1,macro,0.9,0.3,0,0,0
@gazetauz|64372,v2,1,macro,0.8,0.2,0,0,0
@gazetauz|64373,v2,1,construction_realty,0.7,0.5,1,0,0
@gazetauz|64374,v2,0,non_economic,0.0,0.0,0,0,0
@gazetauz|64375,v2,1,construction_realty,0.8,0.0,0,0,0
@gazetauz|64376,v2,0,non_economic,0.0,0.0,0,0,0
@gazetauz|64377,v2,1,energy_utility,0.9,0.5,0,0,0
@gazetauz|64378,v2,0,non_economic,0.0,0.0,0,0,0
@gazetauz|64379,v2,1,construction_realty,0.7,0.4,0,0,0
@gazetauz|64380,v2,1,energy_utility,0.9,0.5,0,0,0
@gazetauz|64381,v2,0,non_economic,0.0,0.0,0,0,0
@kunuzofficial|174266,v2,0,non_economic,0.0,0.0,0,0,0
@kunuzofficial|174270,v2,1,labour_income,0.8,0.5,0,0,0
@kunuzofficial|174271,v2,0,non_economic,0.0,0.0,0,0,0
@kunuzofficial|174272,v2,1,banking_finance,0.8,0.0,1,0,0
@kunuzofficial|174273,v2,0,non_economic,0.0,0.0,0,0,0
@kunuzofficial|174274,v2,0,non_economic,0.0,0.0,0,0,0
@kunuzofficial|174275,v2,1,energy_utility,0.7,-0.5,0,0,0
@kunuzofficial|174276,v2,1,business,0.6,0.5,0,0,0
@kunuzofficial|174277,v2,1,energy_utility,0.6,-0.5,0,0,0
@kunuzofficial|174278,v2,0,non_economic,0.0,0.0,0,0,0
@kunuzofficial|174279,v2,0,non_economic,0.0,0.0,0,0,0
@kunuzofficial|174280,v2,1,prices_inflation,0.8,-0.6,0,0,0
@kunuzofficial|174281,v2,0,non_economic,0.0,0.0,0,0,0
@kunuzofficial|174282,v2,0,non_economic,0.0,0.0,0,0,0
@kunuzofficial|174283,v2,0,non_economic,0.0,0.0,0,0,0
@kunuzofficial|174284,v2,1,labour_income,0.8,0.0,0,0,0
@kunuzofficial|174285,v2,1,business,0.7,0.5,0,0,0
@kunuzofficial|174286,v2,1,construction_realty,0.6,0.0,0,0,0
@kunuzofficial|174287,v2,0,non_economic,0.0,0.0,0,0,0
@kunuzofficial|174288,v2,0,non_economic,0.0,0.0,0,0,0
@kunuzofficial|174289,v2,1,construction_realty,0.5,-0.3,0,0,0
@kunuzofficial|174290,v2,1,construction_realty,0.7,0.4,0,0,0
@kunuzofficial|174291,v2,0,non_economic,0.0,0.0,0,0,0
@kunuzofficial|174292,v2,0,non_economic,0.0,0.0,0,0,0
@kunuzofficial|174293,v2,0,non_economic,0.0,0.0,0,1,0
@kunuzofficial|174294,v2,0,non_economic,0.0,0.0,0,0,0
@kunuzofficial|174295,v2,1,business,0.9,0.0,0,0,0
@spotuz|40153,v2,0,non_economic,0.0,0.0,0,0,0
@spotuz|40157,v2,1,banking_finance,0.85,0.5,0,0,0
@spotuz|40158,v2,1,banking_finance,0.8,0.4,0,0,0
@spotuz|40159,v2,0,non_economic,0.0,0.0,0,0,0
@spotuz|40160,v2,1,banking_finance,0.9,-0.6,0,0,0
@spotuz|40161,v2,0,non_economic,0.0,0.0,0,0,0
@spotuz|40162,v2,1,fiscal,0.8,0.0,0,0,0
@spotuz|40163,v2,1,banking_finance,0.9,0.7,0,0,0
@spotuz|40164,v2,1,business,0.6,0.0,0,0,0
@spotuz|40165,v2,0,non_economic,0.0,0.0,0,0,0
@spotuz|40166,v2,1,business,0.7,0.5,0,0,0
@spotuz|40167,v2,1,business,0.7,0.5,0,0,0
@spotuz|40168,v2,1,currency_fx,0.9,0.6,0,0,0
@spotuz|40169,v2,1,construction_realty,0.8,0.0,0,0,0
@spotuz|40170,v2,1,business,0.7,0.5,0,0,0
@spotuz|40171,v2,1,energy_utility,0.9,0.3,0,0,0
@spotuz|40172,v2,1,energy_utility,0.8,0.3,0,0,0
@spotuz|40173,v2,1,energy_utility,0.7,0.4,0,0,0
@spotuz|40174,v2,0,non_economic,0.0,0.0,0,0,0
@uzdaily|85157,v2,1,trade,0.8,0.5,0,0,0
@uzdaily|85158,v2,0,non_economic,0.0,0.0,0,0,0
@uzdaily|85159,v2,0,non_economic,0.0,0.0,0,0,0
@uzdaily|85160,v2,0,non_economic,0.0,0.0,0,0,0
@uzdaily|85161,v2,0,non_economic,0.0,0.0,0,0,0
@uzdaily|85162,v2,0,non_economic,0.0,0.0,0,0,0
@uzdaily|85163,v2,0,non_economic,0.0,0.0,0,0,0
@uzdaily|85164,v2,1,banking_finance,0.9,-0.6,0,0,0
@uzdaily|85165,v2,0,non_economic,0.0,0.0,0,0,0
@uzdaily|85166,v2,1,business,0.8,0.5,0,0,0
@uzdaily|85193,v2,0,non_economic,0.0,0.0,0,0,0
@uzdaily|85194,v2,1,labour_income,0.7,0.0,0,0,0
@uzdaily|85195,v2,1,banking_finance,0.8,-0.7,0,0,0
@uzdaily|85196,v2,0,non_economic,0.0,0.0,0,0,0
@uzdaily|85197,v2,1,business,0.6,0.4,0,0,0
@uzdaily|85198,v2,1,construction_realty,0.7,0.0,0,0,0
@uzdaily|85199,v2,1,business,0.9,0.2,0,0,0
@uzdaily|85200,v2,0,non_economic,0.0,0.0,0,0,0
@uzdaily|85201,v2,0,non_economic,0.0,0.0,0,0,0
@uzdaily|85202,v2,0,non_economic,0.0,0.0,0,0,0
@uzdaily|85203,v2,1,prices_inflation,0.9,-0.8,0,0,0
@uzdaily|85204,v2,0,non_economic,0.0,0.0,0,0,0
@uzdaily|85205,v2,1,construction_realty,0.8,0.6,0,0,0
@uzdaily|85206,v2,1,prices_inflation,0.9,0.7,0,0,0
@uzdaily|85207,v2,0,non_economic,0.0,0.0,0,0,0
@uzdaily|85208,v2,0,non_economic,0.0,0.0,0,0,0
@uzdaily|85209,v2,0,non_economic,0.0,0.0,0,0,0
@uzdaily|85210,v2,0,non_economic,0.0,0.0,0,0,0
@uzdaily|85211,v2,0,non_economic,0.0,0.0,0,0,0
@uzdaily|85212,v2,0,non_economic,0.0,0.0,0,0,0
@uzdaily|85213,v2,1,business,0.8,0.0,0,0,0
@uzdaily|85214,v2,1,trade,0.8,0.5,0,0,0
@uzdaily|85215,v2,0,non_economic,0.0,0.0,0,0,0
@uzdaily|85216,v2,0,non_economic,0.0,0.0,0,0,0
@uzdaily|85217,v2,1,business,0.7,0.5,0,0,0
@uzdaily|85218,v2,0,non_economic,0.0,0.0,0,0,0
@uzdaily|85219,v2,0,non_economic,0.0,0.0,0,0,0
@uzdaily|85220,v2,1,energy_utility,0.9,0.5,0,0,0
@uzdaily|85221,v2,1,business,0.9,0.5,0,0,0
@uzdaily|85222,v2,0,non_economic,0.0,0.0,0,0,0
@uzdaily|85223,v2,1,energy_utility,0.9,0.5,0,0,0
@uzdaily|85224,v2,0,non_economic,0.0,0.0,0,0,0
@uzdaily|85225,v2,0,non_economic,0.0,0.0,0,0,0
@uzdaily|85226,v2,0,non_economic,0.0,0.0,0,0,0
@uzdaily|85227,v2,0,non_economic,0.0,0.0,0,0,0
@uzdaily|85228,v2,0,non_economic,0.0,0.0,0,0,0
@uzdaily|85229,v2,1,construction_realty,0.9,0.6,0,0,0
@uzdaily|85230,v2,0,non_economic,0.0,0.0,0,0,0
@uzdaily|85231,v2,0,non_economic,0.0,0.0,0,0,0
@uzdaily|85232,v2,1,energy_utility,0.8,0.5,0,0,0
@uzdaily|85233,v2,0,non_economic,0.0,0.0,0,0,0
@uzdaily|85234,v2,0,non_economic,0.0,0.0,0,0,0
@uzdaily|85235,v2,1,business,0.7,0.4,0,0,0
@uzdaily|85236,v2,1,banking_finance,0.8,0.5,0,0,0
@uzdaily|85237,v2,1,business,0.7,0.4,0,0,0
@uzdaily|85238,v2,1,business,0.6,0.3,0,0,0
@uzdaily|85239,v2,1,business,0.6,0.0,0,0,0
@uzdaily|85240,v2,1,business,0.7,0.0,0,0,0
@uzdaily|85241,v2,0,non_economic,0.0,0.0,0,0,0
@uzdaily|85242,v2,0,non_economic,0.0,0.0,0,0,0
@uzdaily|85243,v2,0,non_economic,0.0,0.0,0,0,0
@uzdaily|85244,v2,1,business,0.5,0.0,0,0,0
@uzdaily|85245,v2,1,business,0.8,0.6,0,0,0
@uzdaily|85246,v2,1,energy_utility,0.7,0.5,0,0,0
@daryo|137001,v2,1,banking_finance,0.9,0.2,0,0,0
@daryo|137002,v2,0,non_economic,0.0,0.0,0,0,0
@daryo|137003,v2,0,non_economic,0.0,0.0,0,0,0
@daryo|137004,v2,0,non_economic,0.0,0.0,0,0,0
@daryo|137005,v2,0,non_economic,0.0,0.0,0,0,0
@daryo|137006,v2,1,business,0.4,0.3,0,0,0
@daryo|137007,v2,0,non_economic,0.0,0.0,0,0,0
@daryo|137008,v2,0,non_economic,0.0,0.0,0,0,1
@daryo|137009,v2,1,banking_finance,0.8,0.2,0,0,0
@daryo|137010,v2,1,construction_realty,0.9,0.5,0,0,0
@daryo|137035,v2,0,non_economic,0.0,0.0,0,0,0
@daryo|137036,v2,0,non_economic,0.0,0.0,0,0,0
@daryo|137037,v2,0,non_economic,0.0,0.0,0,0,0
@daryo|137042,v2,1,business,0.8,0.5,0,0,0
@daryo|137043,v2,0,non_economic,0.0,0.0,0,0,0
@daryo|137044,v2,1,labour_income,0.7,0.3,0,0,0
@daryo|137045,v2,1,business,0.6,0.4,0,0,0
@daryo|137050,v2,1,labour_income,0.7,-0.5,0,0,0
@daryo|137051,v2,1,business,0.8,0.5,0,0,0
@daryo|137052,v2,1,fiscal,0.8,-0.6,0,0,0
@daryo|137053,v2,1,construction_realty,0.9,0.7,0,0,0
@daryo|137055,v2,0,non_economic,0.0,0.0,0,0,1
@daryo|137056,v2,1,business,0.7,0.6,0,0,0
@daryo|137057,v2,1,business,0.6,0.0,0,0,0
@daryo|137058,v2,1,construction_realty,0.8,0.5,1,0,0
@daryo|137059,v2,0,non_economic,0.0,0.0,0,0,1
@daryo|137060,v2,0,non_economic,0.0,0.0,0,0,0
@daryo|137061,v2,1,business,0.9,0.8,0,0,0
@daryo|137062,v2,0,non_economic,0.0,0.0,0,0,0
@daryo|137063,v2,0,non_economic,0.0,0.0,0,0,0
@daryo|137064,v2,0,non_economic,0.0,0.0,0,0,0
@daryo|137065,v2,0,non_economic,0.0,0.0,0,0,0
@daryo|137066,v2,0,non_economic,0.0,0.0,0,0,0
@daryo|137067,v2,0,non_economic,0.0,0.0,0,0,0
@daryo|137068,v2,0,non_economic,0.0,0.0,0,0,0
@daryo|137069,v2,1,business,0.8,0.6,0,0,0
@daryo|137070,v2,1,business,0.8,0.6,0,0,0
@daryo|137071,v2,1,currency_fx,0.9,-0.6,0,0,0
@daryo|137072,v2,0,non_economic,0.0,0.0,0,0,0
@daryo|137073,v2,0,non_economic,0.0,0.0,0,0,0
@daryo|137074,v2,0,non_economic,0.0,0.0,0,0,0
@daryo|137075,v2,1,business,0.8,0.6,0,0,0
@daryo|137077,v2,1,trade,0.9,0.7,0,0,0
@daryo|137078,v2,0,non_economic,0.0,0.0,0,0,0
@daryo|137079,v2,1,business,0.7,0.6,0,0,0
@daryo|137080,v2,1,business,0.8,0.7,1,0,0
@daryo|137081,v2,0,non_economic,0.0,0.0,0,0,0
@daryo|137082,v2,0,non_economic,0.0,0.0,0,0,0
@daryo|137083,v2,0,non_economic,0.0,0.0,0,0,0
@daryo|137084,v2,1,business,0.7,0.6,0,0,0
@daryo|137085,v2,1,business,0.8,0.2,0,0,0
@daryo|137086,v2,0,non_economic,0.0,0.0,0,0,0
@daryo|137087,v2,1,business,0.7,0.3,0,0,0
@daryo|137088,v2,1,construction_realty,0.6,0.1,0,0,0
@daryo|137089,v2,0,non_economic,0.0,0.0,0,1,0
@gazetauz|64382,v2,1,energy_utility,0.9,-0.6,0,0,0
@gazetauz|64383,v2,1,business,0.8,0.0,0,0,0
@gazetauz|64384,v2,1,business,0.7,0.0,0,0,0
@gazetauz|64385,v2,1,business,0.8,0.0,0,0,0
@gazetauz|64386,v2,1,business,0.8,0.0,0,0,0
@gazetauz|64387,v2,1,business,0.85,0.6,0,0,0
@gazetauz|64388,v2,1,construction_realty,0.9,0.5,0,0,0
@gazetauz|64389,v2,1,construction_realty,0.88,0.4,0,0,0
@gazetauz|64390,v2,1,business,0.6,0.5,0,0,0
@gazetauz|64391,v2,1,construction_realty,0.92,0.5,0,0,0
@gazetauz|64392,v2,0,non_economic,0.0,0.0,0,0,0
@gazetauz|64393,v2,1,business,0.9,0.6,0,0,0
@gazetauz|64394,v2,0,non_economic,0.0,0.0,0,0,0
@gazetauz|64395,v2,0,non_economic,0.0,0.0,0,0,0
@gazetauz|64396,v2,0,non_economic,0.0,0.0,0,0,0
@gazetauz|64408,v2,1,construction_realty,0.9,0.5,0,0,0
@kunuzofficial|174296,v2,0,non_economic,0.0,0.0,0,0,1
@kunuzofficial|174297,v2,1,business,0.8,0.5,1,0,0
@kunuzofficial|174298,v2,1,prices_inflation,0.9,0.4,0,0,0
@kunuzofficial|174304,v2,0,non_economic,0.0,0.0,0,0,1
@kunuzofficial|174308,v2,0,non_economic,0.0,0.0,0,0,0
@kunuzofficial|174309,v2,1,banking_finance,0.7,0.5,0,0,0
@kunuzofficial|174313,v2,1,business,0.8,0.3,1,0,0
@kunuzofficial|174314,v2,1,construction_realty,0.9,0.4,0,0,0
@kunuzofficial|174316,v2,0,non_economic,0.0,0.0,0,0,1
@kunuzofficial|174318,v2,0,non_economic,0.0,0.0,0,0,0
@kunuzofficial|174319,v2,0,non_economic,0.0,0.0,0,0,0
@kunuzofficial|174321,v2,1,business,0.9,0.6,0,0,0
@kunuzofficial|174323,v2,0,non_economic,0.0,0.0,0,0,0
@kunuzofficial|174324,v2,0,non_economic,0.0,0.0,0,0,0
@kunuzofficial|174325,v2,1,business,0.5,0.0,1,0,0
@kunuzofficial|174326,v2,1,labour_income,0.8,-0.5,0,0,0
@kunuzofficial|174327,v2,0,non_economic,0.0,0.0,0,0,0
@kunuzofficial|174330,v2,0,non_economic,0.0,0.0,0,0,0
@kunuzofficial|174331,v2,0,non_economic,0.0,0.0,0,0,0
@kunuzofficial|174333,v2,1,construction_realty,0.8,0.0,0,0,0
@kunuzofficial|174334,v2,0,non_economic,0.0,0.0,0,0,0
@kunuzofficial|174335,v2,1,macro,0.9,0.0,0,1,0
@kunuzofficial|174337,v2,0,non_economic,0.0,0.0,0,0,0
@kunuzofficial|174338,v2,0,non_economic,0.0,0.0,0,0,0
@kunuzofficial|174339,v2,0,non_economic,0.0,0.0,0,0,1
@spotuz|40175,v2,1,business,0.8,0.0,1,0,0
@spotuz|40177,v2,1,construction_realty,0.8,0.0,0,0,0
@spotuz|40178,v2,0,non_economic,0.0,0.0,0,0,1
@spotuz|40179,v2,1,business,0.8,0.0,1,0,0
@spotuz|40180,v2,1,construction_realty,0.9,0.6,0,0,0
@spotuz|40181,v2,1,banking_finance,0.7,0.5,0,0,0
@spotuz|40182,v2,1,business,0.2,0.0,1,0,0
@spotuz|40183,v2,1,construction_realty,0.8,0.6,0,0,0
@spotuz|40184,v2,1,construction_realty,0.8,0.5,0,0,0
@spotuz|40185,v2,1,business,0.7,0.4,0,0,0
@spotuz|40186,v2,1,energy_utility,0.9,0.7,0,0,0
@spotuz|40187,v2,1,banking_finance,0.6,0.0,0,0,0
@spotuz|40188,v2,1,banking_finance,0.7,0.0,0,0,0
@spotuz|40189,v2,1,construction_realty,0.9,0.6,0,0,0
@uzdaily|85250,v2,0,non_economic,0.0,0.0,0,0,0
@uzdaily|85251,v2,0,non_economic,0.0,0.0,0,0,0
@uzdaily|85252,v2,0,non_economic,0.0,0.0,0,0,0
@uzdaily|85253,v2,0,non_economic,0.0,0.0,0,0,0
@uzdaily|85254,v2,0,non_economic,0.0,0.0,0,0,0
@uzdaily|85255,v2,0,non_economic,0.0,0.0,0,0,0
@uzdaily|85256,v2,0,non_economic,0.0,0.0,0,0,0
@uzdaily|85257,v2,0,non_economic,0.0,0.0,0,0,0
@uzdaily|85258,v2,0,non_economic,0.0,0.0,0,0,0
@uzdaily|85259,v2,0,non_economic,0.0,0.0,0,0,0
@uzdaily|85260,v2,1,trade,0.9,0.0,0,0,0
@uzdaily|85261,v2,1,banking_finance,0.9,0.8,0,0,0
@uzdaily|85262,v2,0,non_economic,0.0,0.0,0,0,0
@uzdaily|85263,v2,1,business,0.9,0.7,0,0,0
@uzdaily|85264,v2,1,trade,0.9,0.7,0,0,0
@uzdaily|85265,v2,1,business,0.9,0.7,0,0,0
@uzdaily|85266,v2,1,labour_income,0.9,0.7,0,0,0
@uzdaily|85267,v2,1,trade,0.9,0.7,0,0,0
@uzdaily|85268,v2,0,non_economic,0.0,0.0,0,0,0
@uzdaily|85269,v2,1,business,0.9,0.7,0,0,0
@uzdaily|85270,v2,1,business,0.6,0.0,0,0,0
@uzdaily|85271,v2,1,business,0.6,0.0,0,0,0
@uzdaily|85272,v2,0,non_economic,0.0,0.0,0,0,0
@uzdaily|85273,v2,0,non_economic,0.0,0.0,0,0,0
@uzdaily|85274,v2,1,macro,0.9,0.8,0,0,0
@uzdaily|85275,v2,1,banking_finance,0.7,0.0,0,0,0
@uzdaily|85276,v2,1,construction_realty,0.8,0.6,0,0,0
@uzdaily|85277,v2,1,business,0.8,0.7,0,0,0
@uzdaily|85278,v2,1,energy_utility,0.8,0.6,0,0,0
@uzdaily|85279,v2,1,business,0.9,0.7,0,0,0
@uzdaily|85280,v2,0,non_economic,0.0,0.0,0,0,0
@uzdaily|85281,v2,1,business,0.8,0.5,0,0,0
@uzdaily|85282,v2,1,business,0.8,0.5,0,0,0
@uzdaily|85283,v2,1,business,0.7,0.5,0,0,0
@uzdaily|85284,v2,1,business,0.7,0.5,0,0,0
@uzdaily|85285,v2,0,non_economic,0.0,0.0,0,0,0
@uzdaily|85286,v2,1,energy_utility,0.8,0.5,0,0,0
@uzdaily|85287,v2,0,non_economic,0.0,0.0,0,0,0
@uzdaily|85288,v2,0,non_economic,0.0,0.0,0,0,0
@uzdaily|85289,v2,1,business,0.6,0.5,0,0,0
@uzdaily|85290,v2,1,labour_income,0.8,0.6,0,0,0
@uzdaily|85291,v2,0,non_economic,0.0,0.0,0,0,0
@uzdaily|85292,v2,1,macro,0.9,0.7,0,0,0
@uzdaily|85293,v2,0,non_economic,0.0,0.0,0,0,0
@uzdaily|85294,v2,0,non_economic,0.0,0.0,0,0,0
@uzdaily|85295,v2,1,business,0.85,0.6,0,0,0
@uzdaily|85297,v2,0,non_economic,0.0,0.0,0,0,0
@uzdaily|85298,v2,1,labour_income,0.7,0.5,0,0,0
@uzdaily|85299,v2,1,business,0.75,0.6,0,0,0
@uzdaily|85300,v2,0,non_economic,0.0,0.0,0,0,0
@uzdaily|85301,v2,0,non_economic,0.0,0.0,0,0,0
@uzdaily|85302,v2,0,non_economic,0.0,0.0,0,0,0
@uzdaily|85303,v2,0,non_economic,0.0,0.0,0,0,0
@uzdaily|85304,v2,0,non_economic,0.0,0.0,0,0,0
@uzdaily|85305,v2,0,non_economic,0.0,0.0,0,0,0
@uzdaily|85306,v2,0,non_economic,0.0,0.0,0,0,0
@uzdaily|85307,v2,0,non_economic,0.0,0.0,0,0,0
@uzdaily|85308,v2,0,non_economic,0.0,0.0,0,0,0
@uzdaily|85309,v2,0,non_economic,0.0,0.0,0,0,0
@gazetauz|64397,v2,1,business,0.8,0.3,0,0,0
@gazetauz|64398,v2,1,fiscal,0.7,0.5,0,0,0
@gazetauz|64399,v2,0,non_economic,0.0,0.0,0,0,1
@gazetauz|64400,v2,1,business,0.8,0.3,0,0,0
@gazetauz|64401,v2,0,non_economic,0.0,0.0,0,0,0
@gazetauz|64402,v2,0,non_economic,0.0,0.0,0,0,0
@gazetauz|64403,v2,1,business,0.8,0.3,0,0,0
@gazetauz|64404,v2,0,non_economic,0.0,0.0,0,0,0
@gazetauz|64406,v2,0,non_economic,0.0,0.0,0,0,0
@gazetauz|64407,v2,1,business,0.8,0.3,0,0,0
@spotuz|40190,v2,1,currency_fx,0.9,-0.6,0,0,0
@spotuz|40191,v2,1,business,0.8,0.5,0,0,0
@spotuz|40192,v2,0,non_economic,0.0,0.0,0,0,0
@spotuz|40193,v2,0,non_economic,0.0,0.0,0,0,0
@spotuz|40194,v2,1,business,0.8,0.6,0,0,0
@spotuz|40195,v2,0,non_economic,0.0,0.0,0,0,0
@spotuz|40196,v2,1,banking_finance,0.8,-0.3,0,0,0
@uzdaily|85247,v2,1,business,0.7,0.4,0,0,0
@uzdaily|85248,v2,0,non_economic,0.0,0.0,0,0,0
@uzdaily|85249,v2,1,business,0.7,0.5,0,0,0
@daryo|137090,v2,0,non_economic,0.0,0.0,0,0,0
@daryo|137091,v2,0,non_economic,0.0,0.0,0,0,0
@daryo|137092,v2,0,non_economic,0.0,0.0,0,0,0
@daryo|137093,v2,0,non_economic,0.0,0.0,0,0,0
@daryo|137094,v2,0,non_economic,0.0,0.0,0,0,0
@daryo|137095,v2,0,non_economic,0.0,0.0,0,0,0
@daryo|137096,v2,0,non_economic,0.0,0.0,0,0,0
@daryo|137102,v2,0,non_economic,0.0,0.0,0,0,0
@daryo|137103,v2,0,non_economic,0.0,0.0,0,0,0
@daryo|137104,v2,0,non_economic,0.0,0.0,0,0,0
@daryo|137106,v2,1,business,0.9,0.6,0,0,0
@daryo|137107,v2,0,non_economic,0.0,0.0,1,0,0
@daryo|137108,v2,0,non_economic,0.0,0.0,0,0,1
@daryo|137109,v2,1,business,0.85,0.5,0,0,0
@daryo|137110,v2,1,business,0.8,0.4,0,0,0
@daryo|137111,v2,1,business,0.8,0.4,0,0,0
@daryo|137112,v2,0,non_economic,0.0,0.0,0,0,1
@daryo|137113,v2,0,non_economic,0.0,0.0,1,0,0
@daryo|137114,v2,0,non_economic,0.0,0.0,0,0,0
@daryo|137115,v2,0,non_economic,0.0,0.0,0,0,0
@daryo|137116,v2,1,business,0.8,0.3,0,0,0
@daryo|137117,v2,0,non_economic,0.0,0.0,0,0,1
@daryo|137118,v2,1,business,0.7,0.4,1,0,0
@daryo|137119,v2,0,non_economic,0.0,0.0,0,0,0
@daryo|137120,v2,1,currency_fx,0.9,-0.6,0,0,0
@daryo|137121,v2,0,non_economic,0.0,0.0,0,0,0
@daryo|137122,v2,1,banking_finance,0.8,0.4,0,0,0
@daryo|137123,v2,0,non_economic,0.0,0.0,0,0,1
@daryo|137124,v2,0,non_economic,0.0,0.0,0,0,0
@daryo|137125,v2,1,business,0.7,0.4,1,0,0
@gazetauz|64411,v2,0,non_economic,0.0,0.0,0,0,0
@gazetauz|64412,v2,0,non_economic,0.0,0.0,0,0,0
@gazetauz|64413,v2,0,non_economic,0.0,0.0,0,0,0
@gazetauz|64414,v2,1,prices_inflation,0.7,-0.5,0,0,0
@gazetauz|64415,v2,0,non_economic,0.0,0.0,0,0,0
@gazetauz|64416,v2,1,fiscal,0.8,-0.7,0,0,0
@gazetauz|64417,v2,1,banking_finance,0.6,0.0,1,0,0
@gazetauz|64418,v2,0,non_economic,0.0,0.0,0,0,0
@gazetauz|64419,v2,1,trade,0.8,0.6,0,0,0
@gazetauz|64420,v2,1,business,0.6,0.0,0,0,0
@gazetauz|64421,v2,1,fiscal,0.9,0.7,0,0,0
@gazetauz|64422,v2,1,banking_finance,0.9,0.6,0,0,0
@gazetauz|64423,v2,1,fiscal,0.8,0.6,0,0,0
@gazetauz|64424,v2,0,non_economic,0.0,0.0,0,0,0
@gazetauz|64425,v2,0,non_economic,0.0,0.0,0,0,0
@gazetauz|64426,v2,0,non_economic,0.0,0.0,0,0,0
@gazetauz|64427,v2,0,non_economic,0.0,0.0,0,0,0
@gazetauz|64428,v2,0,non_economic,0.0,0.0,0,0,0
@gazetauz|64429,v2,0,non_economic,0.0,0.0,0,0,0
@gazetauz|64430,v2,0,non_economic,0.0,0.0,0,0,0
@gazetauz|64431,v2,1,banking_finance,0.9,0.6,0,0,0
@gazetauz|64432,v2,0,non_economic,0.0,0.0,0,0,0
@gazetauz|64433,v2,0,non_economic,0.0,0.0,0,0,0
@gazetauz|64434,v2,0,non_economic,0.0,0.0,0,0,0
@gazetauz|64435,v2,1,macro,0.8,0.5,0,0,0
@gazetauz|64436,v2,0,non_economic,0.0,0.0,0,0,0
@gazetauz|64437,v2,0,non_economic,0.0,0.0,0,0,0
@gazetauz|64438,v2,0,non_economic,0.0,0.0,0,0,0
@gazetauz|64439,v2,1,construction_realty,0.7,0.4,0,0,0
@gazetauz|64440,v2,0,non_economic,0.0,0.0,0,0,0
@kunuzofficial|174340,v2,0,non_economic,0.0,0.0,0,0,0
@kunuzofficial|174341,v2,0,non_economic,0.0,0.0,0,0,0
@kunuzofficial|174342,v2,0,non_economic,0.0,0.0,0,0,0
@kunuzofficial|174343,v2,0,non_economic,0.0,0.0,0,0,0
@kunuzofficial|174344,v2,1,energy_utility,0.8,-0.6,0,0,0
@kunuzofficial|174345,v2,1,business,0.6,0.5,0,0,0
@kunuzofficial|174346,v2,1,construction_realty,0.7,0.6,0,0,0
@kunuzofficial|174347,v2,0,non_economic,0.0,0.0,0,0,0
@kunuzofficial|174348,v2,0,non_economic,0.0,0.0,0,0,0
@kunuzofficial|174349,v2,0,non_economic,0.0,0.0,0,0,0
@kunuzofficial|174350,v2,0,non_economic,0.0,0.0,0,0,1
@kunuzofficial|174351,v2,0,non_economic,0.0,0.0,0,0,0
@kunuzofficial|174352,v2,0,non_economic,0.0,0.0,0,0,0
@kunuzofficial|174353,v2,0,non_economic,0.0,0.0,0,0,0
@kunuzofficial|174354,v2,0,non_economic,0.0,0.0,0,0,0
@kunuzofficial|174355,v2,0,non_economic,0.0,0.0,0,0,0
@kunuzofficial|174356,v2,1,business,0.8,0.6,0,0,0
@kunuzofficial|174357,v2,1,business,0.9,0.7,1,0,0
@kunuzofficial|174358,v2,0,non_economic,0.0,0.0,0,1,1
@kunuzofficial|174359,v2,1,fiscal,0.9,0.7,0,0,0
@kunuzofficial|174371,v2,0,non_economic,0.0,0.0,0,0,0
@kunuzofficial|174372,v2,0,non_economic,0.0,0.0,0,0,0
@kunuzofficial|174373,v2,0,non_economic,0.0,0.0,0,0,0
@spotuz|40197,v2,1,banking_finance,0.9,0.5,1,0,0
@spotuz|40198,v2,1,construction_realty,0.85,0.0,0,0,0
@spotuz|40199,v2,1,construction_realty,0.9,0.6,0,0,0
@spotuz|40200,v2,1,energy_utility,0.9,0.6,0,0,0
@spotuz|40201,v2,1,business,0.85,0.5,1,0,0
@spotuz|40202,v2,1,business,0.9,0.6,0,0,0
@spotuz|40203,v2,1,business,0.9,0.6,0,0,0
@spotuz|40204,v2,1,business,0.8,0.0,1,0,0
@spotuz|40205,v2,1,construction_realty,0.9,0.6,0,0,0
@spotuz|40206,v2,1,business,0.8,0.5,0,0,0
@spotuz|40207,v2,1,trade,0.9,0.7,0,0,0
@spotuz|40208,v2,1,banking_finance,0.8,0.0,0,0,0
@spotuz|40210,v2,0,non_economic,0.0,0.0,0,0,0
@spotuz|40211,v2,1,banking_finance,0.9,0.6,0,0,0
@spotuz|40212,v2,0,non_economic,0.0,0.0,1,0,0
@spotuz|40213,v2,1,currency_fx,0.9,0.6,0,0,0
@spotuz|40214,v2,1,banking_finance,0.9,-0.4,0,0,0
@spotuz|40215,v2,1,fiscal,0.9,0.7,0,0,0
@spotuz|40216,v2,0,non_economic,0.0,0.0,0,0,0
@spotuz|40217,v2,1,business,0.6,0.5,0,0,0
@spotuz|40218,v2,1,banking_finance,0.85,0.2,0,0,0
@spotuz|40219,v2,1,energy_utility,0.9,0.6,0,0,0
@spotuz|40220,v2,1,construction_realty,0.88,0.6,0,0,0
@spotuz|40221,v2,1,business,0.9,0.0,1,0,0
@spotuz|40222,v2,1,macro,0.92,0.7,0,0,0
@spotuz|40223,v2,1,banking_finance,0.88,0.1,0,0,0
@uzdaily|85310,v2,1,business,0.85,0.0,0,0,0
@uzdaily|85311,v2,1,business,0.9,0.0,0,0,0
@uzdaily|85312,v2,0,non_economic,0.0,0.0,0,0,0
@uzdaily|85313,v2,0,non_economic,0.0,0.0,0,0,0
@uzdaily|85314,v2,1,trade,0.8,0.5,0,0,0
@uzdaily|85315,v2,1,construction_realty,0.8,0.5,0,0,0
@uzdaily|85316,v2,1,construction_realty,0.8,0.0,0,0,0
@uzdaily|85317,v2,0,non_economic,0.0,0.0,0,0,0
@uzdaily|85318,v2,0,non_economic,0.0,0.0,0,0,0
@uzdaily|85319,v2,0,non_economic,0.0,0.0,0,0,0
@uzdaily|85320,v2,0,non_economic,0.0,0.0,0,0,0
@uzdaily|85321,v2,0,non_economic,0.0,0.0,0,0,0
@uzdaily|85322,v2,0,non_economic,0.0,0.0,0,0,0
@uzdaily|85323,v2,1,business,0.8,0.3,0,0,0
@uzdaily|85324,v2,1,energy_utility,0.7,0.4,0,0,0
@uzdaily|85325,v2,1,energy_utility,0.9,0.2,0,0,0
@uzdaily|85326,v2,0,non_economic,0.0,0.0,0,0,0
@uzdaily|85327,v2,0,non_economic,0.0,0.0,0,0,0
@uzdaily|85328,v2,1,business,0.6,0.3,0,0,0
@uzdaily|85329,v2,1,business,0.7,0.4,0,0,0
@uzdaily|85330,v2,1,business,0.5,0.2,0,0,0
@uzdaily|85331,v2,1,trade,0.9,0.0,0,0,1
@uzdaily|85332,v2,1,business,0.8,0.5,0,0,0
@uzdaily|85333,v2,1,macro,0.9,0.6,0,0,0
@uzdaily|85334,v2,1,trade,0.8,0.4,0,0,0
@uzdaily|85335,v2,0,non_economic,0.0,0.0,0,0,0
@uzdaily|85336,v2,0,non_economic,0.0,0.0,0,0,0
@uzdaily|85337,v2,1,trade,0.8,0.4,0,0,0
@uzdaily|85338,v2,1,banking_finance,0.9,0.5,0,0,0
@uzdaily|85339,v2,1,construction_realty,0.8,0.4,0,0,0
@uzdaily|85340,v2,0,non_economic,0.0,0.0,0,0,0
@uzdaily|85341,v2,1,business,0.9,0.0,0,0,0
@uzdaily|85342,v2,1,business,0.8,0.0,0,0,0
@uzdaily|85343,v2,1,trade,0.7,0.0,0,0,0
@uzdaily|85344,v2,1,macro,0.95,0.8,0,0,0
@uzdaily|85345,v2,1,energy_utility,0.7,0.5,0,0,0
@uzdaily|85346,v2,1,business,0.6,0.0,0,0,0
@uzdaily|85347,v2,1,business,0.6,0.0,0,0,0
@uzdaily|85348,v2,1,currency_fx,0.9,0.6,0,0,0
@uzdaily|85349,v2,0,non_economic,0.0,0.0,0,0,0
@uzdaily|85350,v2,1,trade,0.8,0.0,0,0,0
@uzdaily|85351,v2,1,trade,0.9,0.6,0,0,0
@uzdaily|85352,v2,0,non_economic,0.0,0.0,0,0,0
@uzdaily|85353,v2,0,non_economic,0.0,0.0,0,0,0
@uzdaily|85354,v2,0,non_economic,0.0,0.0,0,0,0
@uzdaily|85355,v2,0,non_economic,0.0,0.0,0,0,0
@uzdaily|85356,v2,0,non_economic,0.0,0.0,0,0,0
@uzdaily|85357,v2,1,banking_finance,0.85,0.7,0,0,0
@uzdaily|85358,v2,1,trade,0.8,0.6,0,0,0
@uzdaily|85359,v2,1,trade,0.8,0.6,0,0,0
@uzdaily|85360,v2,0,non_economic,0.0,0.0,0,0,0
@uzdaily|85361,v2,1,trade,0.9,0.0,0,0,0
@uzdaily|85362,v2,1,business,0.8,0.0,0,0,0
@uzdaily|85363,v2,0,non_economic,0.0,0.0,0,0,0
@uzdaily|85364,v2,1,business,0.8,0.0,0,0,0
@uzdaily|85365,v2,1,business,0.8,0.0,0,0,0
@uzdaily|85366,v2,1,trade,0.8,0.0,0,0,0
@uzdaily|85367,v2,1,business,0.8,0.0,0,0,0
@uzdaily|85368,v2,0,non_economic,0.0,0.0,0,0,0
@uzdaily|85369,v2,1,business,0.8,0.0,0,0,0
@uzdaily|85370,v2,1,trade,0.8,0.0,0,0,0
@uzdaily|85371,v2,1,banking_finance,0.9,0.0,0,0,0
@uzdaily|85372,v2,0,non_economic,0.0,0.0,0,0,1
@uzdaily|85373,v2,1,business,0.8,0.6,0,0,0
@uzdaily|85374,v2,0,non_economic,0.0,0.0,0,0,0
@uzdaily|85375,v2,0,non_economic,0.0,0.0,0,0,0
@uzdaily|85376,v2,1,banking_finance,0.8,0.0,0,0,0
@uzdaily|85377,v2,1,business,0.7,0.5,0,0,0
@uzdaily|85378,v2,1,business,0.8,0.6,0,0,0
@uzdaily|85379,v2,1,business,0.8,0.6,0,0,0
@uzdaily|85380,v2,0,non_economic,0.0,0.0,0,0,0
@uzdaily|85381,v2,1,business,0.8,0.5,0,0,0
@uzdaily|85382,v2,1,business,0.7,0.4,0,0,0
@uzdaily|85383,v2,0,non_economic,0.0,0.0,0,0,0
@uzdaily|85384,v2,1,trade,0.6,0.3,0,0,0
@uzdaily|85385,v2,1,trade,0.7,0.4,0,0,0
@uzdaily|85386,v2,0,non_economic,0.0,0.0,0,0,0
@uzdaily|85387,v2,1,trade,0.7,0.4,0,0,0
@uzdaily|85388,v2,1,trade,0.7,0.4,0,0,0
@uzdaily|85389,v2,1,trade,0.6,0.4,0,0,0
@uzdaily|85390,v2,0,non_economic,0.0,0.3,0,0,0
@uzdaily|85391,v2,0,non_economic,0.0,0.0,0,0,0
@uzdaily|85392,v2,1,banking_finance,0.9,0.6,0,0,0
@uzdaily|85393,v2,0,non_economic,0.0,0.0,0,0,0
@uzdaily|85394,v2,0,non_economic,0.0,0.0,0,0,0
@uzdaily|85395,v2,1,macro,0.7,0.5,0,0,0
@uzdaily|85396,v2,0,non_economic,0.0,0.0,0,0,0
@uzdaily|85397,v2,0,non_economic,0.0,0.0,0,0,0
@daryo|137126,v2,0,non_economic,0.0,0.0,0,0,0
@daryo|137127,v2,0,non_economic,0.0,0.0,0,0,0
@daryo|137128,v2,0,non_economic,0.0,0.0,0,0,0
@daryo|137130,v2,0,non_economic,0.0,0.0,0,0,1
@daryo|137131,v2,0,non_economic,0.0,0.0,0,0,0
@daryo|137132,v2,0,non_economic,0.0,0.0,0,0,0
@daryo|137133,v2,0,non_economic,0.0,0.0,0,0,0
@daryo|137134,v2,0,non_economic,0.0,0.0,0,1,0
@gazetauz|64409,v2,1,banking_finance,0.9,0.7,1,0,0
@gazetauz|64410,v2,0,non_economic,0.0,0.0,0,0,0
