channel,message_id,date,views,forwards,raw_text
@daryo,135478,2026-08-12 10:50:25,77095,35,"**15 mln Qozog‘iston fuqarosining ma’lumoti darknetda sizdirilgani haqida xabar tarqaldi**

Ular orasida pasport, telefon raqamlari, elektron pochta manzillari va ish joyi haqidagi ma’lumotlar borligi aytilmoqda. Qozog‘iston Sun’iy intellekt va raqamli rivojlanish vazirligi munosabat bildirdi.

Batafsil — https://daryo.uz/x3itoCyDg

👉 Obuna bo'ling — @daryo"
@daryo,135479,2026-08-12 11:32:39,72697,11,"**Biznesni rivojlantirish banki “Biznes 24/7” onlayn banking platformasini Dibank xizmatiga uladi**

Batafsil — [https://daryo.uz/3MCXSCsDg](https://daryo.uz/2026/08/12/biznesni-rivojlantirish-banki-biznes-247-onlayn-banking-platformasini-dibank-xizmatiga-uladi)

Reklama"
@daryo,135480,2026-08-12 11:42:01,73188,63,"**Parvozda 90 metrga pastlab ketgan samolyot uchuvchisi narkotik chekkani ma’lum bo‘ldi (video)**

Pxuketdan Nyu Dehliga uchayotgan samolyotda 137 nafar yo‘lovchi va 8 nafar ekipaj a’zosi bo‘lgan. Turbulentlik hamda keskin pastlash tufayli 24 kishi jarohatlangan.

Batafsil — https://daryo.uz/-fJmajyDg

👉 Obuna bo'ling — @daryo"
@daryo,135481,2026-08-12 12:20:25,70851,13,"**Qirg‘izistonda xalqaro qidiruvda bo‘lgan ikki o‘zbekistonlik ushlandi**

Ular fuqarolarga va huquq-tartibot xodimlariga nisbatan kuch ishlatish hamda qotillik kabi jinoyatlarda gumonlanmoqda.

Batafsil — https://daryo.uz/BfPo-Cyvg

👉 Obuna bo‘ling — @daryo"
@daryo,135482,2026-08-12 13:01:39,72589,14,"**O‘zbekistonda dollar 2 kunlik pastlashdan so‘ng ko‘tarildi**

Markaziy bank xorijiy valyutalarning o‘zbek so‘miga nisbatan 13-avgustda amalda bo‘ladigan qiymatini eʼlon qildi.

Batafsil — https://daryo.uz/UV3kwCyDg

👉 Obuna bo'ling — @daryo"
@daryo,135483,2026-08-12 13:25:01,75483,24,"**Toshkentda YPX xodimiga bo‘ysunmagan mototsiklchi 15 sutkaga qamaldi**

Ijtimoiy tarmoqlarda tarqalgan videoda YPX xodimining to‘xtash ishorasiga bo‘ysunmay harakatni davom ettirgan va bu jarayonni tasvirga olib tarqatgan mototsiklchi aks etgan edi. Soatiga 210 km tezlikda harakatlangan yana bir haydovchi jarimaga tortildi.

Batafsil — https://daryo.uz/yLSSYCyDg

👉 Obuna bo'ling — @daryo"
@daryo,135484,2026-08-12 13:57:29,78678,11,"**Namanganda 577 mln so‘mlik hujjatsiz va sifati kafolatlanmagan dori vositalari aniqlandi**

Dori vositalari qo‘shni respublika hududidan aylanma yo‘llar orqali olib kirilib, “yashirin ombor” sifatida foydalanilgan xonadonda saqlangan. Holat yuzasidan jinoyat ishi qo‘zg‘atildi.

Batafsil — https://daryo.uz/pqshuCsDR

👉 Obuna bo‘ling — @daryo"
@daryo,135485,2026-08-12 14:30:01,79253,13,"**Liviyaning eng yirik neftni qayta ishlash zavodiga dronlar hujumi uyushtirildi**

Yonilg‘i omborida kuchli yong‘in chiqib, millionlab litr benzin saqlangan bak qulab tushdi. Hukumat hodisani uyushtirilgan hujum deb baholadi va javobsiz qolmasligini ma’lum qildi.

Batafsil — https://daryo.uz/Q28olCsDR

👉 Obuna bo'ling — @daryo"
@daryo,135486,2026-08-12 15:01:30,83073,14,"**O‘zbekistonlik o‘quvchilar 2026-yilda xalqaro fan olimpiadalarida 220 ta medal qo‘lga kiritdi**

Eng nufuzli xalqaro fan olimpiadalarida O‘zbekiston vakillari 16 ta medal, jumladan, 1 ta oltin, 7 ta kumush va 8 ta bronza medalga ega chiqdi.

Batafsil — https://daryo.uz/jLMdqCyDR

👉 Obuna bo'ling — @daryo"
@daryo,135487,2026-08-12 15:30:01,82845,22,"**Eronda o‘zini zo‘ravonlikdan himoya qilgan 24 yoshli ayol qatl etildi — OAV**

Olti yil oldin majburan turmushga berilgan Marziya o‘z erini o‘ldirishda ayblangan. U turmush o‘rtog‘i va uning sherigi tajovuziga qarshilik ko‘rsatgani aytilmoqda.

Batafsil — https://daryo.uz/h7zsuCyvR

👉 Obuna bo‘ling — @daryo"
@daryo,135488,2026-08-12 16:07:50,87688,91,"**“Aybimiz bo‘lsa, uzrimizni so‘raymiz” — Chinoz hokimi “Sharmandali mahalla” yozuvini yopishtirish topshirigʻi bo‘yicha izoh berdi
**
Tuman hokimining mahallalarni “Sharmandali mahalla”, xonadonlarni esa “Uyatli xonadon” deb nomlash hamda shunday bannerlar ilish haqidagi ko‘rsatmasi ijtimoiy tarmoqlarda keskin noroziliklarga sabab bo‘ldi. “Daryo”ga izoh bergan Sherzod Solihov bu uning shaxsiy tashabbusi ekanini tan oldi.

Batafsil — https://daryo.uz/47Hn3CyDR

👉 Obuna bo'ling — @daryo"
@daryo,135489,2026-08-12 16:36:13,82163,21,"**Uzbekistan Airways Abu Dabini ochmoqda: Etihad Airways bilan qulaylikning yangi ufqlari va strategik hamkorlik**

Batafsil — [https://daryo.uz/uzairways](https://daryo.uz/2026/08/12/uzbekistan-airways-abu-dabini-ochmoqda-etihad-airways-bilan-qulaylikning-yangi-ufqlari-va-strategik-hamkorlik)

Reklama"
@daryo,135490,2026-08-12 16:47:01,83619,11,"**“Tolibon” Afg‘onistonda BMTning ikki xodimini qo‘lga oldi**

Ularga nisbatan qanday ayblov qo‘yilgani ochiqlanmadi. Xalqaro tashkilotga xodimlar bilan uchrashishga ruxsat berilmadi.

Batafsil — https://daryo.uz/NKUXqCsvg

👉 Obuna bo'ling — @daryo"
@daryo,135491,2026-08-12 17:17:51,83905,13,"**O‘zbekistonda ehtiyojmand oilalarga yarim yilda elektr va gaz uchun 92 mlrd so‘m kompensatsiya to‘landi**

Yanvar-iyun oylarida 560 mingdan ortiq ehtiyojmand oilaga kompensatsiya to‘landi. Uning 51,4 mlrd so‘mi elektr energiyasi, 40,7 mlrd so‘mi esa tabiiy gaz uchun ajratilgan.

Batafsil — https://daryo.uz/QC9A4qsDg

👉 Obuna bo'ling — @daryo"
@daryo,135492,2026-08-12 17:50:01,86021,38,"**Olimlar Surxondaryoda 4 ming yil avval ipakchilik mavjud bo‘lganini tasdiqlovchi dalillarni topdi**

Radiokarbon tahlili topilmalar miloddan avvalgi 1940–1765-yillarga oid ekanini ko‘rsatgan. Arxeologlar ayni madaniy qatlamdan ipak qurti uchun asosiy ozuqa hisoblangan tut daraxti qoldiqlarini ham aniqlagan.

Batafsil — https://daryo.uz/-XLOiqyDg

👉 Obuna bo'ling — @daryo"
@daryo,135493,2026-08-12 18:22:58,85157,13,"**Toshkent aeroportida Bangkokdan kelgan ikki yo‘lovchining bagajidan 7 kg mefedron topildi**

Ularning bagajlari tekshirilganda bir-biriga o‘xshash ikkita vino shishasi va ikkita plastik idish borligi aniqlangan. Holat yuzasidan jinoyat ishi qo‘zg‘atilgan.

Batafsil — https://daryo.uz/1ya173svg

👉 Obuna bo‘ling — @daryo"
@daryo,135494,2026-08-12 18:45:01,88575,1,"**12-avgust kuni e’lon qilingan yangiliklar dayjesti:**

• Jiddiy kamchiliklarga yo‘l qo‘ygan ayrim IIB xodimlari lavozimidan [ozod etiladi](https://daryo.uz/2026/08/12/jiddiy-kamchiliklarga-yol-qoygan-ayrim-iib-xodimlari-lavozimidan-ozod-etiladi)

• Mustaqillik bayramida o‘zbekistonliklar necha kun [dam oladi?](https://daryo.uz/2026/08/12/1208-mustaqillik-bayramida-ozbekistonliklar-necha-kun-dam-oladi)

• Qonunchilikdagi ayrim atamalar o‘zbekcha muqobillari bilan [almashtiriladi](https://daryo.uz/2026/08/12/qonunchilikdagi-ayrim-atamalar-ozbekcha-muqobillari-bilan-almashtiriladi)

• Toshkent markazidagi 350 yillik tut daraxti davlat tabiat yodgorligi deb [e’lon qilindi](https://daryo.uz/2026/08/12/toshkent-markazidagi-350-yillik-tut-daraxti-davlat-tabiat-yodgorligi-deb-elon-qilindi)

• O‘zbekistonlik o‘quvchilar 2026-yilda xalqaro fan olimpiadalarida 220 ta medal [qo‘lga kiritdi](https://daryo.uz/2026/08/12/ozbekistonlik-oquvchilar-2026-yilda-xalqaro-fan-olimpiadalarida-220-ta-medal-qolga-kiritdi)

• “Aybimiz bo‘lsa, uzrimizni so‘raymiz” — Chinoz hokimi “Sharmandali mahalla” yozuvini yopishtirish topshirigʻi bo‘yicha [izoh berdi](https://daryo.uz/2026/08/12/aybimiz-bolsa-uzrimizni-soraymiz-chinoz-hokimi-sharmandali-mahalla-yozuvini-yopishtirish-topshirigi-boyicha-izoh-berdi)

• O‘zbekistonda ehtiyojmand oilalarga yarim yilda elektr va gaz uchun 92 mlrd so‘m kompensatsiya [to‘landi](https://daryo.uz/2026/08/12/ozbekistonda-ehtiyojmand-oilalarga-yarim-yilda-elektr-va-gaz-uchun-92-mlrd-som-kompensatsiya-tolandi)

👉 Obuna bo‘ling — @daryo"
@daryo,135495,2026-08-13 02:02:43,63114,4,"**“PSJ” “Aston Villa”ni yengib o‘z tarixida ikkinchi bor UEFA Superkubogini qo‘lga kiritdi**

Luis Enrike boshqaruvidagi jamoa Yevropa Ligasining amaldagi g‘olibini 2:1 hisobida mag‘lub etdi.

Batafsil — https://daryo.uz/50P3BqyDR

👉 Obuna bo'ling — @daryo"
@daryo,135496,2026-08-13 03:01:26,62523,14,"**Rossiya Ukraina bilan urushda 16 mingdan ortiq tinch aholini hibsga oldi — BMT**

Tashqi dunyo bilan aloqasi uzib qo‘yilgan bu insonlarning ko‘pchiligi xalqaro huquqqa zid ravishda ushlab turilibdi. Tutqunlikdagilar muntazam ravishda shafqatsiz muomala, qiynoqlar hamda og‘ir sharoitlarga duch kelmoqda.

Batafsil — https://daryo.uz/llfzVqyDR

👉 Obuna bo‘ling — @daryo"
@daryo,135497,2026-08-13 03:32:26,59859,22,"**O‘zbekistonda kriptoaktivlar xizmatlari provayderlari uchun yangi nazorat talablari joriy etilishi mumkin**

Sohadagi xizmatlar provayderlari uchun jinoiy daromadlarni legallashtirish va terrorizmni moliyalashtirishga qarshi ichki nazorat talablarini kuchaytirish rejalashtirilmoqda.

Batafsil — https://daryo.uz/CjMgeCyvR

👉 Obuna bo'ling — @daryo"
@daryo,135498,2026-08-13 04:05:01,60328,12,"**Navoiyda quyma oltinni 340 mln so‘mga noqonuniy sotmoqchi bo‘lganlar ushlandi**

Ikki kishi oltinning bir qismini sotib, pulini olayotganida qo‘lga tushgan. Ulardan biri xonadonida qumdan oltinni ajratib olishga mo‘ljallangan yashirin sex tashkil qilgani ham aniqlangan.

Batafsil — https://daryo.uz/-RbTKeyDR

👉 Obuna bo'ling — @daryo"
@daryo,135499,2026-08-13 04:25:01,57520,38,"**Yevropada XXI asrda birinchi marta Quyosh to‘liq tutildi (foto)**

Grenlandiya, Islandiya, Portugaliya va Ispaniya aholisi Oy tomonidan to‘liq to‘silgan Quyoshni kuzatish imkoniga ega bo‘ldi. Keyingi to‘liq tutilish 2027-yil 2-avgustda sodir bo‘ladi.

Batafsil — https://daryo.uz/vOM_KesvR

👉 Obuna bo'ling — @daryo"
@daryo,135504,2026-08-13 04:55:36,61237,10,"**Qashqadaryoda haydovchi uni to‘xtatishga uringan YPX mashinasini Nexia’da urib qochdi**

U ikkita chorrahada YPX xodimlari to‘xtash ishorasiga bo‘ysunmay, harakatni davom ettirgan. Inspektorlardan qochib, yo‘lda qarama-qarshi harakatlangan.

Batafsil — https://daryo.uz/y4PktesvR

👉 Obuna bo'ling — @daryo"
@daryo,135505,2026-08-13 05:31:11,62670,10,"**“O‘zgidromet” 14-avgustga ob-havo prognozini e’lon qildi**

Juma kuni ham 40 daraja atrofida issiq havo bo‘ladi, ayrim joylarda chang-to‘zon kuzatilishi mumkin.

Batafsil — https://daryo.uz/LgTX0eyDg

👉 Obuna bo'ling — @daryo"
@daryo,135506,2026-08-13 06:00:01,64017,21,"**Putin birinchi marta bahsli Kurill orollariga tashrif buyurdi (video)**

Rossiya prezidenti bir kun oldin Yaponiya ushbu orollarga da’vogarlik qilishini aytgandi. Tokio Putinning orollarga tashrifi sabab norozilik bildirdi.

Batafsil — https://daryo.uz/poVXTeyvg

👉 Obuna bo'ling — @daryo"
@daryo,135507,2026-08-13 06:31:42,62472,3,"**AQSH qo‘shinlari 30-sentyabrgacha Iroqdan to‘liq chiqib ketadi**

Iroq bosh vaziri bu muddat “qat’iy va yakuniy” ekanini aytdi. AQSH rasmiysi ma’lumotni tasdiqladi, qo‘shinlar qayerga joylashtirilishini esa ochiqlamadi.

Batafsil — https://daryo.uz/yjWQaesvR

👉 Obuna bo'ling — @daryo"
@daryo,135508,2026-08-13 07:10:01,61888,21,"**Qodirov chechenlarni urushga yuborgisi kelmayapti — The Economist**

Checheniston rahbari urushni qo‘llab-quvvatlashi haqidagi ommaviy bayonotlariga qaramay, aslida Kremlga qo‘shilmasligi ma’lum qilindi. Qodirovga yaqin bo‘lgan manba chechenlardan jang maydonida o‘zini faolday ko‘rsatish buyurilganini aytdi.

Batafsil — https://daryo.uz/uYCAPeyvR

👉 Obuna bo'ling — @daryo"
@daryo,135509,2026-08-13 07:40:25,62112,157,"**O‘zbekiston qonunchiligidan “diniy ekstremizm” tushunchasi olib tashlanadi**

Senatda ma’qullangan qonunga ko‘ra, ekstremizm, separatizm va aqidaparastlik g‘oyalari bilan yo‘g‘rilgan materiallarni tayyorlash, saqlash yoki tarqatish holati birinchi marta sodir etilganda to‘g‘ridan to‘g‘ri jinoiy javobgarlikka sabab bo‘lmaydi.

Batafsil — https://daryo.uz/YSiKEesvR

👉 Obuna bo'ling — @daryo"
@daryo,135510,2026-08-13 08:25:01,61621,295,"**Chorvachilik biznesingiz uchun 20 mlrd so‘mgacha kredit**

Chorvachilik sohasida yangi loyiha boshlamoqchimisiz yoki faoliyatingizni kengaytirmoqchimisiz?

MKBANKning “Chorva” kredit orqali chorvachilik loyihalaringizni moliyalashtirish imkoniyati mavjud.

Kredit miqdori: 
— chorvachilik majmualari va nasldor qoramol xaridi uchun — 5 mlrd so‘mgacha;
— naslli buqalar urug‘ini yetishtirish korxonalarini tashkil etish uchun — 20 mlrd so‘mgacha;
— foizi: yillik 10%;
— muddati: 10 yilgacha; (48 oy imtiyozli davr)

[Batafsil](https://mkbank.uz/uz/corporate/crediting/chorva-krediti/)

Reklama"
@daryo,135511,2026-08-13 08:36:00,57607,10,"**O‘zbekistonda nooziq-ovqat mahsulotlari xavfsizligini taʼminlashga qaratilgan qonun ma’qullandi**

Senatda ta’kidlashicha, “Bozor nazorati to‘g‘risida”gi qonun halol ishlayotgan tadbirkorlar kontrafakt va sifatsiz mahsulotlarni olib kiruvchi insofsiz raqobatchilardan himoya qiladi. Fuqarolar bozorlardan xarid qilinayotgan maishiy texnika, bolalar o‘yinchoqlari yoki qurilish materiallarining xavfsizligiga to‘liq amin bo‘ladi.

Batafsil — https://daryo.uz/1aJ8yesvR

👉 Obuna bo‘ling — @daryo"
@daryo,135512,2026-08-13 09:02:18,58109,12,"**Qirg‘iziston O‘zbekistondan keltirilgan 28 tonna sabzavotni qaytarib yubordi**

Mutaxassislar yuklarni ko‘zdan kechirganidan so‘ng ularni “Qizil-Qiya — avtoyo‘l” nazorat punktidan ortga qaytargan.

Batafsil — https://daryo.uz/tNKbU6svg

👉 Obuna bo'ling — @daryo"
@daryo,135513,2026-08-13 09:35:01,58299,90,"**O‘zbekistonliklar Serbiyaga qurilish bo‘yicha ishga taklif qilinmoqda**

Ish beruvchi tomonidan yo‘l xarajatlari, aeroportdan yashash joyigacha transfer, tibbiy sug‘urta, ish ruxsatnomasini rasmiylashtirish, turar joy, kuniga ikki mahal ovqatlanish xarajatlari qoplanadi.

Batafsil — https://daryo.uz/sKqz16svR

👉 Obuna bo‘ling — @daryo"
@daryo,135514,2026-08-13 10:00:20,58932,24,"**Endi Xitoy devori ham to‘siq emas!**

BRB mobil ilovasida “Xitoyga o‘tkazmalar” xizmati ishga tushdi. Endi Uzcard va HUMO kartalari orqali pulni Xitoydagi:
— Alipay va WeChat Pay hamyonlariga;
— UnionPay kartalariga to‘g‘ridanto‘g‘ri o‘tkazish mumkin.

X__izmat orqali pul o‘tkazmalari faqat Xitoy fuqarolariga amalga oshiriladi. Minimal summa – 1 200 000 so‘m.__

__Yangi xizmat biznes va shaxsiy o‘tkazmalarni ilovaning o‘zida xavfsiz bajarishda qo‘l keladi.__

📱 [BRB ilovasiga kiring](https://onelink.to/brb_web) va sinab ko‘ring!

Reklama"
@daryo,135515,2026-08-13 10:12:03,59090,14,"**AQSHda immigratsiya agentlariga elektroshokli qoʻlqop beriladi**

Xodimlarni bunday qo‘lqop bilan ta’minlash 20 mln dollarga tushishi mumkin. Qurilma maksimal 380 volt kuchlanish beradi.

Batafsil — https://daryo.uz/68ZLggUvg

👉 Obuna bo‘ling — @daryo"
@daryo,135516,2026-08-13 10:44:24,60015,24,"**Namanganda avtobusda o‘ziga tegajog‘lik qilgan erkakni urgan qiz oqlandi**

Apellyatsiya instansiyasi sudi uning harakatlarini zaruriy mudofaa holatida sodir etilgan deb topgan. Erkakka nisbatan esa og‘irroq jazo tayinlangan.

Batafsil — https://daryo.uz/tpKZkg8vR

👉 Obuna bo'ling — @daryo"
@daryo,135517,2026-08-13 11:16:31,58807,10,"**New Port qurilishi nazoratsiz qoldirilmagan — Qurilish vazirligi**

Vazirlik Toshkentdagi ushbu majmua bo‘yicha turli mulohazalar paydo boʻlishidan avval qoidabuzarliklar yuzasidan buyurtmachiga bir necha marta bajarilishi majburiy boʻlgan yozma koʻrsatmalar berilganini, masʼul shaxslar javobgarlikka tortilib, materiallar huquqni muhofaza qiluvchi organlarga taqdim etilganini bildirdi.

Batafsil — https://daryo.uz/B2LGigUvg

👉 Obuna bo‘ling — @daryo"
@daryo,135518,2026-08-13 11:45:45,61396,16,"**Eron AQSHga qarshi urushni 3 yilga uzaytirmoqchi**

Islom inqilobi qo‘riqchilari korpusi generali buni “xavfsizlikni ta’minlash yo‘llaridan biri” deb atadi.

Batafsil — https://daryo.uz/l50fmg8vR

👉 Obuna bo‘ling — @daryo"
@daryo,135519,2026-08-13 12:15:40,57033,1,"**Octobank hamkorlar uchun xalqaro pul o‘tkazmalari geografiyasini kengaytirmoqda**

Batafsil — https://daryo.uz/GvEF4R8vR

Reklama"
@daryo,135520,2026-08-13 12:25:01,59299,13,"**Hormuz bo‘g‘ozida kemalarning erkin qatnovini qayta tiklash nega bunchalik qiyin kechmoqda?**

AQSH va Eron ziddiyati sababli dunyodagi eng muhim neft va gaz arteriyasi bo‘lgan Hormuz bo‘g‘ozida vaziyat keskinligicha qolmoqda. Eronning xavfsizlik talablari, minalar va millionlab dollarlik bojlar savdo kemalari harakatini to‘sib qo‘ygan. Bloomberg tahliliga ko‘ra, tomonlarning murosasiz pozitsiyasi global iqtisodiyot uchun jiddiy xavf tug‘dirmoqda.

Batafsil — https://daryo.uz/IIuKRgUDg

👉 Obuna bo‘ling — @daryo"
@daryo,135521,2026-08-13 12:49:34,57665,22,"**O’zbekistonda dollar kursi tushdi**

Markaziy bank xorijiy valyutalarning o‘zbek so‘miga nisbatan 14-avgustda amalda bo‘ladigan qiymatini eʼlon qildi.

Batafsil — https://daryo.uz/syzQOR8DR

👉 Obuna bo'ling — @daryo"
@daryo,135522,2026-08-13 13:25:43,57358,33,"**O‘zbekistondagi barcha oliygohlarda karyera markazlari majburiy bo‘lishi mumkin**

Yangi qaror loyihasiga ko‘ra, o‘quv yili yakunlari bo‘yicha bitiruvchilarning ishga joylashish ko‘rsatkichlari 50 foizdan kam bo‘lgan taqdirda, ta’lim tashkilotining kelgusi o‘quv yili uchun yangi ta’lim dasturlarini joriy etishga yo‘l qo‘yilmaydi.

Batafsil — https://daryo.uz/OqagiR8Dg

👉 Obuna bo'ling — @daryo"
@daryo,135523,2026-08-13 13:35:10,59205,1,"**Shavkat Mirziyoyevga tadbirkorlar bilan ochiq muloqotga tayyorgarlik yuzasidan axborot berildi**

Oltinchi ochiq muloqotga tayyorgarlik koʻrish maqsadida 15-maydan boshlab 50 dan ortiq vazirlik va idora vakillaridan iborat respublika shtabi tashkil etilgan. Shtab 24/7 rejimda uzluksiz faoliyat yuritmoqda.

Batafsil — https://daryo.uz/xPXY5g8Dg

👉 Obuna bo'ling — @daryo"
@daryo,135524,2026-08-13 13:45:32,55468,15,"**Xolis’da tadbirkorlar endi yuridik shaxslar va tadbirkorlar bilan bitim tuzishlari mumkin**

Batafsil — [https://daryo.uz/GvEF4R8vR](https://daryo.uz/2026/08/13/xolisda-tadbirkorlar-endi-yuridik-shaxslar-va-tadbirkorlar-bilan-bitim-tuzishlari-mumkin)

Reklama"
@daryo,135525,2026-08-13 13:56:07,66387,90,"**“Yovga ters qaragan musulmon emas!” — maddohlar piyolasini sindirgan shoir**

U butun bir millatning zanjirband qilingan xotirasini uyg‘otib, adabiyotga tog‘larning musaffo havosini olib kirgan. U yaltiroq qog‘ozlarga o‘ralgan shiorlarga ham, minbarlarni band qilgan maddohlarga ham toqatsiz edi. Xo‘sh, nima uchun 130 yillik mustamlaka zulmini ayovsiz fosh etgan, ruhan aslo yengilmagan zabardast shoir umrining so‘nggida bir nafas havoga zor bo‘ldi? O‘lim to‘shagida yotib ham qurol ko‘tarib jangga kirishga shaylangan bu inson — Shavkat Rahmon qanday fojiani boshdan kechirdi?

Batafsil — https://daryo.uz/2TAXQXyDR

👉 Obuna bo‘ling — @daryo"
@daryo,135526,2026-08-13 14:32:00,57518,1,"**Tramp jurnalistlar tomonidan sudga berildi**

OAV tashkilotlari AQSH prezidentining Truth Social tarmog‘idagi postlarini oyiga 100 ming dollargacha bo‘lgan narxda oldindan sotish xizmatini noqonuniy deb hisoblab, buni to‘xtatishni talab qilmoqda.

Batafsil — https://daryo.uz/pT9POgUvg

👉 Obuna bo'ling — @daryo"
@daryo,135527,2026-08-13 15:01:50,58801,25,"**Fanta Park — yorqin his-tuyg‘ular hududi!**

Bu yozda Fanta oqshomni yorqin, quvnoq va a’lo kayfiyatda o‘tkazishga taklif etadi.

📍 Toshkent — Tashkent City bog‘idan “Xalqlar do‘stligi” metrosiga olib boruvchi xiyobon.
📍 Namangan — “Afsonalar vodiysi” bog‘i

Sana: 14.08-15.08-16.08
21.08-22.08-23.08

Vaqt: 17:00–23:00

Sizni nimalar kutmoqda:
- faol o‘yinlar va tanlovlar
- sovrinlar va sovg‘alar
- akvagrim
- yorqin fotozona

Do‘stlaringizni to‘plang hamda yorqin his-tuyg‘ular va Fanta mazasi uchun tashrif buyuring!

Fanta Park — tomchisini ham qoldirmaysan!

Reklama"
@daryo,135528,2026-08-13 15:11:01,59422,15,"**Rossiyalik strimer provokatsion gaplari uchun Qozog‘istondan haydab chiqarildi**

Ijtimoiy tarmoqda mahalliy aholini haqorat qilgan ayolning mamlakatga kirishi 5 yilga cheklandi. 

Batafsil — https://daryo.uz/KMTHHgUDg

👉 Obuna bo'ling — @daryo"
@daryo,135529,2026-08-13 15:40:01,60859,34,"**Afg‘onistonda ayollar oyiga bir yoki ikki marta uydan tashqariga chiqadi — BMT**

Ta’lim va ishdan mahrum afg‘on ayollarining aksariyati erkak hamrohsiz ko‘chaga chiqishni xavfli deb hisoblamoqda. Bu holat mamlakatda og‘ir ruhiy inqirozni keltirib chiqarmoqda.

Batafsil — https://daryo.uz/jyc7hg8vR

👉 Obuna bo'ling — @daryo"
@daryo,135530,2026-08-13 16:10:30,62236,22,"**Prezident Tadbirkorlar kuni munosabati bilan soha vakillaridan bir guruhini mukofotladi**

Ular tadbirkorlikni har tomonlama rivojlantirish, mamlakat taraqqiyoti va eksport salohiyatini yuksaltirish, milliy iqtisodiyotning barqaror o‘sishini ta’minlash bo‘yicha salmoqli natijalarga erishib kelayotgani uchun taqdirlangan.

Batafsil — https://daryo.uz/0ewXYg8DR

👉 Obuna bo'ling — @daryo"
@daryo,135531,2026-08-13 16:26:11,66949,75,"**Ruslanbek Davletov prezident maslatchisi lavozimidan ozod etildi
**
U 2025-yil iyulidan beri prezidentning vakillik organlari, nodavlat notijorat tashkilotlar va yoshlar masalalari bo‘yicha maslahatchisi lavozimida ishlab kelayotgandi. Davletovning o‘rniga adabiyotshunos Olim Davlatov prezident maslahatchisi etib tayinlandi.

Batafsil — https://daryo.uz/fxAvyR8Dg

👉 Obuna bo'ling — @daryo"
@daryo,135532,2026-08-13 16:59:20,61067,26,"**O‘zbekistonda 14 ta tumanda energetika tarmoqlarini yangilash bo‘yicha besh yillik dastur ishlab chiqildi**

Ushbu hududlarda 5 695 ta transformator, 6,9 ming kilometr elektr va 242 kilometr gaz tarmog‘i ta’mirtalab ekani aniqlandi. Hozirgacha 441 ta transformator hamda 1 134 kilometr elektr tarmog‘i ta’mirlandi.

Batafsil — https://daryo.uz/6pAIYR8vg

👉 Obuna bo'ling — @daryo"
@daryo,135533,2026-08-13 17:25:00,61472,4,"**“Braga”ning o‘zbekistonlik javohirlari

**Yevropaning kuchli chempionatlarida o‘zbekistonlik futbolchilar soni ortib bormoqda. O‘zbekiston U-17 terma jamoasi safida Osiyo chempioni bo‘lgan va Jahon chempionatida yorqin o‘yin namoyish etgan Sadriddin Hasanov hamda Sayfiddin Sodiqov Portugaliyaning “Braga” klubida faoliyat yuritmoqda. “Daryo”da o‘zbek futbolining yosh iqtidorlari bilan suhbatni tomosha qiling.**

**👉 Obuna bo‘ling — @daryo"
@daryo,135534,2026-08-13 17:53:55,62794,3,"**O‘zbekistonda yuzdan ortiq tadbirkor “Faol tadbirkor” ko‘krak nishoni bilan taqdirlandi**

Ular milliy iqtisodiyotni barqaror rivojlantirish, mamlakatda ishbilarmonlik muhitini yanada yaxshilash, Yangi O‘zbekistonda tadbirkorlik sohasida ilg‘or tajriba va an’analar maktabini yaratish borasida alohida ibrat va namuna ko‘rsatib kelayotgani uchun taqdirlandi.

Batafsil — https://daryo.uz/ZjLRugUvR

👉 Obuna bo'ling — @daryo"
@daryo,135535,2026-08-13 18:24:46,61852,24,"**O‘zbekistonda ayrim shaxslarga 1-oktyabrdan shaharlararo transportda yurish uchun imtiyozli chiptalar beriladi**

Urush nogironlari va ishtirokchilari, ularga tenglashtirilgan shaxslar hamda Chernobil halokati oqibatida nurlanish kasalligiga chalingan fuqarolarga havo, temiryo‘l va shaharlararo avtobuslarda bepul yoki 50 foiz chegirmali chiptalar berilishi belgilanmoqda.

Batafsil — https://daryo.uz/ToapYRUvR

👉 Obuna bo'ling — @daryo"
@daryo,135536,2026-08-13 18:45:29,65642,4,"**13-avgust kuni e’lon qilingan yangiliklar dayjesti:**

• O‘zbekistonda nooziq-ovqat mahsulotlari xavfsizligini taʼminlashga qaratilgan qonun [ma’qullandi](https://daryo.uz/2026/08/13/ozbekistonda-nooziq-ovqat-mahsulotlari-xavfsizligini-taminlashga-qaratilgan-qonun-maqullandi)

• O‘zbekiston qonunchiligidan “diniy ekstremizm” tushunchasi olib [tashlanadi](https://daryo.uz/2026/08/13/ozbekiston-qonunchiligidan-diniy-ekstremizm-tushunchasi-olib-tashlanadi)

• AQSH qo‘shinlari 30-sentyabrgacha Iroqdan to‘liq [chiqib ketadi](https://daryo.uz/2026/08/13/aqsh-qoshinlari-30-sentyabrgacha-iroqdan-toliq-chiqib-ketadi)

• O‘zbekistondagi barcha oliygohlarda karyera markazlari majburiy bo‘lishi [mumkin](https://daryo.uz/2026/08/13/ozbekistondagi-barcha-oliygohlarda-karyera-markazlari-majburiy-bolishi-mumkin)

• O‘zbekistonda 14 ta tumanda energetika tarmoqlarini yangilash bo‘yicha besh yillik dastur [ishlab chiqildi](https://daryo.uz/2026/08/13/ozbekistonda-14-ta-tumanda-energetika-tarmoqlarini-yangilash-boyicha-besh-yillik-dastur-ishlab-chiqildi)

• Ruslanbek Davletov prezident maslatchisi lavozimidan [ozod etildi](https://daryo.uz/2026/08/13/ruslanbek-davletov-prezident-maslatchisi-lavozimidan-ozod-etildi)

•  O‘zbekistondan jo‘natilgan piyoz va sabzi markirovkadagi kamchiliklar tuzatilgach, Qirg‘izistonga kiritilgani [ma’lum qilindi](https://daryo.uz/2026/08/13/ozbekistondan-jonatilgan-piyoz-va-sabzi-markirovkadagi-kamchiliklar-tuzatilgach-qirgizistonga-kiritilgani-malum-qilindi)

👉 Obuna bo‘ling — @daryo"
@daryo,135537,2026-08-14 03:00:49,63869,35,"**“Eng ko‘p murojaat bolalar nafaqasiga oid bo‘lmoqda ” — Prezident xalq qabulxonasi rahbari**

Farrux Omonov 2026-yilning o‘tgan davrida aholi murojaatlari soni 557 254 taga yetganini aytdi. Shikoyatlarning qariyb 87 mingdan ortig‘i ijtimoiy himoya masalasida qilingan.

Batafsil — https://daryo.uz/kun8Cg8vg

👉 Obuna bo‘ling — @daryo"
@daryo,135538,2026-08-14 03:32:23,63257,10,"**Ukraina Rossiyaga Qora dengizda o‘t ochishni to‘xtatishni taklif qildi — Reuters**

Moskva zarbalari va portlar qamali sabab avgust oyida Kiyev g‘allasi eksporti 76 foizga tushib ketdi. Yuzaga kelgan vaziyat sababli Ukraina dengizda vaqtinchalik moratoriy e’lon qilishni ilgari surmoqda.

Batafsil — https://daryo.uz/mdp8rgUvg

👉 Obuna bo'ling — @daryo"
@daryo,135539,2026-08-14 04:00:01,62728,42,"**“Qamchi prezident bo‘lardi, men esa dam olishga ketardim”: Japarov Tashiyev haqida gapirdi**

Qirg‘iziston prezidenti MXDQ sobiq raisi bilan oilaviy do‘st ekanini aytdi. Biroq endi uni hech bir lavozimga tayinlamasligini ta’kidladi. Shuningdek, Japarov ikkinchi muddatga prezidentlikka nomzodini ko‘rsatishini ochiqladi.

Batafsil — https://daryo.uz/KfSsCkUvg

👉 Obuna bo'ling — @daryo"
@daryo,135540,2026-08-14 04:30:38,60874,61,"**Toshkentda ona 3 yoshli bolasiga uxlatuvchi dori berib, qiynab kelgani aniqlandi**

Unga nisbatan jinoyat ishi qo‘zg‘atildi. Onalik huquqidan mahrum qilish choralari ko‘rilmoqda. 

Batafsil — https://daryo.uz/WJDTOgUDR

👉 Obuna bo'ling — @daryo"
@daryo,135541,2026-08-14 05:00:41,61436,21,"**Suriyadagi jangarilar safiga qo‘shilmoqchi bo‘lgan o‘zbekistonlik 10 yilga qamaldi**

U xorijda o‘qigan paytida terroristik tashkilotlarga aloqador kimsalar bilan muloqotga kirishib, ularga taalluqli materiallarni tarqatgan. Shunday tashkilotlarning biriga pul yuborgan.

Batafsil — https://daryo.uz/PPg4ez8vg

👉 Obuna bo'ling — @daryo"
@daryo,135542,2026-08-14 05:35:10,62684,1,"**Anomal issiq Fransiya futboliga jiddiy xavf solmoqda — Footmercato**

2100-yilga oid taxminlar esa bundan-da xavotirli ekani aytilmoqda. Tadqiqotlarga ko‘ra, tabiiy qoplamali maydonlarning 86 foizi yiliga kamida 80 kun davomida qurg‘oqchilikdan aziyat chekishi mumkin.

Batafsil — https://daryo.uz/rr--ki8Dg

👉 Obuna bo'ling — @daryo"
@daryo,135543,2026-08-14 06:00:01,61356,79,"**Samarqand viloyati hududiy elektr tarmoqlari boshqaruvi turkiyalik investorlarga beriladi**

Bu borada o‘tkazilgan xalqaro tenderda Aksa Enerji kompaniyasi gʻolib deb topilgan. Samarqand hududiy elektr tarmoqlarining barcha ishchi-xodimlari turk kompaniyasiga ishga qabul qilinadi. Turkiyadan 10-15 nafar mutaxassis keladi.

Batafsil — https://daryo.uz/k9VDWiUvR

👉 Obuna bo'ling — @daryo"
@daryo,135544,2026-08-14 06:34:12,60614,52,"**Troya oti: AQSH 40 dan ortiq davlatni yirik firibgarlikda aybladi. Ro‘yxatda O‘zbekiston ham bor**

Xitoy o‘z tovarlarini bu davlatlarda minimal darajada qayta ishlab, ularni pastroq bojlar bilan AQSHga eksport qilayotgani aniqlandi. Oq uy ushbu sxema sabab AQSH 26 mlrd dollargacha zarar ko‘rayotganini ta’kidladi.

Batafsil — https://daryo.uz/3ZnPgiUvR

👉 Obuna bo‘ling — @daryo"
@daryo,135546,2026-08-14 07:07:12,60258,55,"**Shavkat Mirziyoyev “O‘zbekiston Prezidenti administratsiyasi to‘g‘risida”gi Konstitutsiyaviy qonunni imzoladi**

Qonunda administratsiya rahbarining huquqiy maqomi va vazifalari, administratsiyaning mansabdor va boshqaruv shaxslarini lavozimga tayinlash hamda ozod etishga oid normalar belgilangan, Prezident huzuridagi Xavfsizlik kengashi faoliyatini tashkil etishning qonuniy asoslari yaratilgan.

Batafsil — https://daryo.uz/3Qi8vm8DR

👉 Obuna bo'ling — @daryo"
@daryo,135547,2026-08-14 07:34:55,59772,21,"**O‘zbekistonda dam olish kuni harorat pasayadi**

Yakshanba kuni issiq biroz kuchsizlashadi, uncha sezilarli bo‘lmasada, 16-avgust kuni harorat 2-3 darajaga tushadi.

Batafsil — https://daryo.uz/P4X7SiUDR

👉 Obuna bo'ling — @daryo"
@daryo,135548,2026-08-14 07:50:18,57979,0,"**Mobiuz’ning Buxoro va Samarqand viloyatlaridagi abonentlari har soniyada 6 gigabayt internet sarflamoqda**

Batafsil — https://daryo.uz/DsgN_6yDg

Reklama"
@daryo,135549,2026-08-14 08:00:01,57563,21,"**Rossiyada harbiylarga mo‘ljallangan marketpleys ishga tushadi**

Platforma Wildberries va Ozon sotuvchilarini ham jalb qiladi. Unda dron qismlari va harbiy anjomlardan tashqari shaxsiy himoya vositalari ham sotiladi.

Batafsil — https://daryo.uz/EJxlvm8Dg

👉 Obuna bo‘ling — @daryo"
@daryo,135550,2026-08-14 08:30:01,60092,0,"**Mustaqillikning 35 yilligi munosabati bilan xalqaro ilmiy-amaliy konferensiya o‘tkazilmoqda**

Bugun Oliy Majlis palatalari hamkorligida “Mustaqil O‘zbekiston – 35 yillik taraqqiyot yo‘li: islohotlar, natijalar va istiqbollar” mavzusida xalqaro ilmiy-amaliy konferensiya bo‘lib o‘tmoqda. Tadbirda Belarus, Gruziya, Ozarbayjon, Rossiya, Tojikiston, Turkmaniston, Turkiya va Qirg‘iziston parlamentlari vakillari, xalqaro tashkilotlar hamda ekspertlar ishtirok etmoqda.

Batafsil — [senat.uz](https://t.me/senatuz/46740)

👉 Obuna bo‘ling — @daryo"
@daryo,135551,2026-08-14 08:40:01,61748,30,"**“Afgʻonistonga elektr energiyasi eksport qilish ichki talab to‘liq qondirilgandan keyin amalga oshiriladi” — energetika vaziri**

Sherzod Xo‘jayev quyosh va shamol elektr stansiyalar yuqori quvvat bilan ishlagan vaqtda hosil bo‘lgan ortiqcha quvvatlarni eksport qilish hisobiga kattaroq iqtisodiy samara olish mumkinligini ta’kidladi.

Batafsil — https://daryo.uz/4Tjfti8Dg

👉 Obuna bo'ling — @daryo"
@daryo,135552,2026-08-14 09:15:29,56997,12,"**UZCARD KIDS endi SQB mijozlari uchun ham mavjud**

Batafsil — [https://daryo.uz/GvEF4R8vR](https://daryo.uz/2026/08/14/uzcard-kids-endi-sqb-mijozlari-uchun-ham-mavjud)

Reklama"
@daryo,135553,2026-08-14 09:27:27,57274,11,"**Belarusda maktab o‘quvchilari dronlarni boshqarishga o‘rgatiladi**

Maktablarda qizlar uchun taktik tibbiyot asoslari ham o‘qiladi. Belarus Ta’lim vazirligi real sharoitda zarur bo‘ladigan amaliy ko‘nikmalar o‘rgatilishini ta’kidladi.

Batafsil — https://daryo.uz/VPiS5m8vR

👉 Obuna bo'ling — @daryo"
@daryo,135554,2026-08-14 10:00:01,58259,21,"❗️**Faqat 1 kun** —  **15-avgust, shanba kuni idea’da texnikalarga naqdga va 12 oyga “Bomba taklif”**

🔹**83 250** x **12** oyga - **32"" Ferre Smart TV** __(32 Smart AI)__
🔹**83 250** x **12** oyga - **7** **kg** **Premier **__(PRMWM07CCP)__
🔹**83 250** x **12** oyga - **Samsung** __(VC4550SCWUZ)__
🔹**83 250** x **12** oyga - **Goodwell** __(GMF2012BL)__
🔹**83 250** x **12** oyga - k**uler Goodwell** __(GW2200B)__
🔹**83 250** x **12** oyga -** Ajib smartfoni** __(Ajibi10464)__
🔹**249 000** x **12** oyga - **Samsung** **Galaxy A17**__(6/128)__
🔹**333 250** x **12** oyga - **12"" Premier konditsioneri** __(12ZESPAINVSL)__

Batafsil: **712307799** | [**Chat Shaxnoza**](https://t.me/ideauz_chat)

Manzillarimiz 👉 [**Lokatsiyalar**](https://t.me/Idea_location_bot)

__Barcha texnikalar rasmiy kafolatga ega va soni cheklangan!__

[**Rasmiy kanal**](https://t.me/ideastore_uz)**  **[**| Inst**](https://t.me/ideastore_uz)[**agram**](https://www.instagram.com/ideastore.uz/)** |**[**Do‘konlarimiz**](https://idea.uz/uz/shops?utm_source=tgads&utm_medium=channel&utm_campaign=shops)

Reklama"
@daryo,135555,2026-08-14 10:10:48,57801,1,"**Ruminiya AES faoliyatini to‘xtatib qo‘ydi**

Dunay daryosida suv sathi pasaygani uchun “Chernavode” AES rektorlari to‘xtatildi. Moldova Ruminiyadan elektr energiyasi import qilgani sabab muammolarga duch kelishi mumkin.

Batafsil — https://daryo.uz/Wdw3xmUvg

👉 Obuna bo'ling — @daryo"
@daryo,135556,2026-08-14 10:30:28,59745,71,"**O‘zbekistonda litsenziya olmasdan 3 oy tadbirkorlik qilish mumkin bo‘ladi**

Bu vaqt davomida tadbirkorlar tegishli litsenziyani yoki ruxsat etish xususiyatiga ega hujjatni belgilangan tartibda oladi yoki faoliyatini tugatadi.

Batafsil — https://daryo.uz/5yvSaiUvR

👉 Obuna bo'ling — @daryo"
@daryo,135558,2026-08-14 11:08:21,60537,30,"**Toshkentga darvozalar qaytmoqda: qurilishi reja qilinayotgan 4 ta darvoza shaharga nima beradi?**

30-iyul kuni Toshkentning Rohat, Bektemir, Erkin va Uch qahramon kirish qismlarida ramziy darvozalar qurilishi ma’lum qilindi. Bu g‘oya Toshkent uchun yangilik emas — bir asr avval shaharga 12 darvoza orqali kirilgan. Endi tarixiy darvozalar zamonaviy ko‘rinishda qaytmoqda. Xo‘sh, ular shunchaki monumental inshoot bo‘lib qoladimi yoki Toshkentning yangi ramziga aylanadimi? Quyidagi tahlilda Toshkentning kechagi va ertangi darvozalari atrofidagi shu savollarga javob izlaymiz.

Batafsil — https://daryo.uz/vDj5di8vR

👉 Obuna bo'ling — @daryo"
@daryo,135559,2026-08-14 11:27:45,67232,62,"**Surxondaryo va boshqa ayrim viloyatlar elektr ta’minotidan uzildi**

Energetika vazirligiga ko‘ra, qo‘shni mamlakatning energetika tizimida yuz bergan avariya Markaziy Osiyo energetika tizimiga ta’sir ko‘rsatdi.

Batafsil — https://daryo.uz/Z1uFUi8Dg

👉 Obuna bo'ling — @daryo"
@daryo,135560,2026-08-14 11:39:08,62626,21,"❗️**Surxondaryo viloyatining elektr ta’minoti 80 foizga tiklandi — **[Energetika vazirligi](https://t.me/minenergy_uz/20738)**

**Hozirda qolgan hududlarda ham elektr ta’minotini to‘liq tiklash ishlari olib borilmoqda.

👉 Obuna bo'ling — @daryo"
@daryo,135561,2026-08-14 12:11:20,60820,2,"**AQSHda amerika futboli jamoasi a’zosining shlemi ichidan zaharli ilon chiqdi (video)**

Maumelle maktabi o‘quvchisi tayyorgarlik mashqlaridan so‘ng bosh kiyimi ichida nimadir qimirlayotganini his qilgan. Shundan so‘ng dubulg‘aning ichki yostiqchalari ortidan uzunligi taxminan 60 santimetr bo‘lgan zaharli ilon topilgan.

Batafsil — https://daryo.uz/qwCgYiUDg

👉 Obuna bo‘ling — @daryo"
@daryo,135562,2026-08-14 12:46:54,59916,45,"**Dollar kursi yana 11 900 so‘mdan tushdi**

Markaziy bank xorijiy valyutalarning o‘zbek so‘miga nisbatan 17-avgustda amalda bo‘ladigan qiymatini eʼlon qildi.

Batafsil — https://daryo.uz/qdt4CmUDR

👉 Obuna bo'ling — @daryo"
@daryo,135563,2026-08-14 13:20:00,61748,26,"**Sadir Japarov Rossiya Xitoy—Qirg‘iziston—O‘zbekiston temiryo‘l loyihasiga qarshi bo‘lganini aytdi**

Qirg‘iziston rahbari Pekinga Xitoy—Qirg‘iziston—O‘zbekiston temiryo‘li qurilishini boshlashni taklif qilgani, biroq Xitoy “Rossiyaning roziligisiz loyihani ishga tushirishdan bosh tortgani”ni ma’lum qildi. So‘ng Japarov bu masalani Putin bilan muhokama qilib, “uni ishontirgan”.

Batafsil — https://daryo.uz/4hf4umUvR

👉 Obuna bo'ling — @daryo"
@daryo,135564,2026-08-14 13:42:48,59212,12,"**35 yillik yo‘l: O‘zbekiston yangi taraqqiyot bosqichida — xalqaro ekspertlar nimalarga e’tibor qaratyapti?**

Bugun, 14-avgust kuni Toshkentda O‘zbekiston Respublikasi davlat mustaqilligining 35 yilligi munosabati bilan “Mustaqil O‘zbekiston – 35 yillik taraqqiyot yo‘li: islohotlar, natijalar va istiqbollar” mavzusida xalqaro ilmiy-amaliy konferensiya o‘z ishini boshladi.

Batafsil — https://daryo.uz/o2cz9mUDR

👉 Obuna bo‘ling — @daryo"
@daryo,135565,2026-08-14 13:53:01,62626,65,"**“Hozir yangi universitet ochishga ehtiyoj yo‘q”. Oliy taʼlim vaziri xususiy oliygohlar, imtihonlar va qabul kvotalari haqida**

Toshkentda oʻtayotgan xalqaro anjuman doirasida oliy taʼlim, fan va innovatsiyalar vaziri Qoʻngʻirotboy Sharipov “Daryo” muxbirining savollariga javob berdi. Vazir nima uchun yangi xususiy oliygohlar ochishga ruxsat berilmayotgani, abituriyentlarning kirish imtihonlaridagi o‘zlashtirish ko‘rsatkichlari hamda kasb-hunar ta’limining ahamiyati haqida gapirdi.

Batafsil — https://daryo.uz/RoMnwiUvg

👉 Obuna bo'ling — @daryo"
@daryo,135566,2026-08-14 14:25:32,62354,13,"**“Ronaldu O‘zbekistonga keladimi?” O‘zbek klublarining Elit OCHLdagi raqiblari qur’adan oldin aniq bo‘lgani haqida**

18-avgust kuni Osiyo Elit Chempionlar Ligasiga qur’a tashlanadi. Ikki o‘zbek jamoasi – “Neftchi” va “Paxtakor” ushbu turnirda ishtirok etishidan kelib chiqilsa, albatta, qur’a natijalari muxlislar uchun qiziq. “Daryo” kolumnisti Qahramon Aslanov maqolasida OFK tomonidan belgilangan qur’a mexanizmi haqida so‘z yuritiladi.

Batafsil — https://daryo.uz/4ycjlm8Dg

👉 Obuna bo‘ling — @daryo"
@daryo,135567,2026-08-14 15:05:04,62475,2,"**Abdusattorov kibersport bo‘yicha JCHda qancha ishlab topdi?**

Fransiya poytaxti Parij shahrida o‘tkazilayotgan Esports World Cup Chess musobaqasida Nodirbek Abdusattorov chorak finalga qadar yetib bordi.

Batafsil — https://daryo.uz/_hes3i8DR

👉 Obuna bo‘ling — @daryo"
@daryo,135568,2026-08-14 15:41:02,63500,15,"**O‘zbekistonda 2027-yil 1-iyuldan 5 ta hududlararo sud tashkil etiladi**

Ularga taftish instansiyasi vakolatlari beriladi. Shuningdek, sudlarda “yagona darcha” va “Raqamli sud” tizimlarini kengaytirish, murojaatlarning kamida 50 foizini elektron shaklga o‘tkazish rejalashtirilgan.

Batafsil — https://daryo.uz/vEPngZUvg

👉 Obuna bo'ling — @daryo"
@daryo,135569,2026-08-14 16:05:10,63650,11,"**Surxondaryo viloyatining elektr ta’minoti to‘liq tiklandi**

Avariya vaqtida rejali ta’mirda bo‘lgan 500 kVt kuchlanishli elektr uzatish tarmog‘i ishga tushirildi, avariyaga qarshi avtomatika va energiya saqlash tizimlari esa energotizim barqarorligini saqlashga yordam berdi.

Batafsil — https://daryo.uz/PO-6SWUvR

👉 Obuna bo'ling — @daryo"
@daryo,135570,2026-08-14 16:34:05,66850,53,"**Xorijiy va nodavlat OTMlardan o‘qishni ko‘chirish bo‘yicha test sinovlari sanalari e’lon qilindi**

Talabgorlar test boshlanishidan kamida 1,5 soat oldin pasport yoki ID karta va abituriyent ruxsatnomasi bilan kelishi kerak. Birinchi smena ishtirokchilari 07:30 ga, ikkinchi smena ishtirokchilari 14:30 ga qadar tekshiruvdan o‘tib, o‘z joyini egallashi lozim.

Batafsil — https://daryo.uz/dDTNNZUDg

👉 Obuna bo'ling — @daryo"
@daryo,135571,2026-08-14 17:05:01,64653,33,"**Tojikiston prezidenti o‘zbekzabon aholi uchun o‘zbekcha maktablar qurishni buyurdi**

Emomali Rahmon Tursunzoda shahriga tashrifi chog‘ida mutasaddilarga hududdagi fuqarolar uchun o‘zbek tilida ta’lim beruvchi yangi bino hamda o‘quv qo‘llanmalari ajratish vazifasini yukladi.

Batafsil — https://daryo.uz/5c_UzWUDg

👉 Obuna bo'ling — @daryo"
@daryo,135572,2026-08-14 17:36:59,65857,19,"**“O‘zimni jazolangan itdek his qilyapman”. Ukraina tomonida jang qilgan rossiyalik ko‘ngillilar nimalardan norozi?**

2022-yildan buyon Ukraina armiyasi safiga yollangan xorijliklar soni bir necha o‘n ming nafarga yetadi. Ular orasida 70 ga yaqin davlat fuqarolari, hattoki rossiyaliklar ham bor. Rus ko‘ngillilari alohida tuzilmalarga taqsimlangan holda jang qiladi. Biroq ular Ukrainada jiddiy muammolarga duch kelgani, xususan, pasportlari olib qo‘yilgani, maoshlaridan ushlab qolingani, Rossiyaga deportatsiya qilish bilan qo‘rqitilgani, hatto yerto‘lalarda kaltaklanganidan shikoyat qiladi.

Batafsil — https://daryo.uz/kGDUkm8DR

👉 Obuna bo‘ling — @daryo"
@daryo,135573,2026-08-14 17:58:55,70625,163,"❗️**Yakuniy mandat natijalari ertaga, 15-avgust kuni e’lon qilinishi rejalashtirilgan**

Bu ma’lumotni “Daryo”ga Oliy ta’lim, fan va innovatsiyalar vaziri Qo‘ng‘irotboy Sharipov tasdiqladi.

Batafsil — https://daryo.uz/ezJjTZUDg

👉 Obuna bo‘ling — @daryo"
@daryo,135575,2026-08-14 18:45:01,68988,1,"**14-avgust kuni e’lon qilingan yangiliklar dayjesti:**

• O‘zbekistonda dam olish kuni harorat [pasayadi](https://daryo.uz/2026/08/14/ozbekistonda-dam-olish-kuni-harorat-pasayadi)

• Tojikiston Afg‘onistonni havo hududini buzganlikda ayblab, [nota yubordi](https://daryo.uz/2026/08/14/tojikiston-afgonistonni-havo-hududini-buzganlikda-ayblab-nota-yubordi)

• Shavkat Mirziyoyev “O‘zbekiston Prezidenti administratsiyasi to‘g‘risida”gi Konstitutsiyaviy qonunni [imzoladi](https://daryo.uz/2026/08/14/shavkat-mirziyoyev-ozbekiston-prezidenti-administratsiyasi-togrisidagi-konstitutsiyaviy-qonunni-imzoladi)

• Bolaga otasining ismini familiya sifatida berishga [ruxsat etildi](https://daryo.uz/2026/08/14/bolaga-otasining-ismini-familiya-sifatida-berishga-ruxsat-etildi)

• O‘zbekiston milliy terma jamoasi a’zosi Fransiya klubiga o‘tishi mumkin — [OAV](https://daryo.uz/2026/08/14/ozbekiston-milliy-terma-jamoasi-azosi-fransiya-klubiga-otishi-mumkin-oav)

• O‘zbekistonda litsenziya olmasdan 3 oy tadbirkorlik qilish mumkin [bo‘ladi](https://daryo.uz/2026/08/14/ozbekistonda-litsenziya-olmasdan-3-oy-tadbirkorlik-qilish-mumkin-boladi)

• Abdusattorov kibersport bo‘yicha JCHda qancha [ishlab topdi?
](https://daryo.uz/2026/08/14/abdusattorov-kibersport-boyicha-jchda-qancha-ishlab-topdi)
👉 Obuna bo‘ling — @daryo"
@daryo,135576,2026-08-15 03:07:03,63673,29,"**O‘zbekiston va Turkmaniston o‘rtasida to‘g‘ridan to‘g‘ri aviaqatnovlar tiklanishi mumkin**

Muzokaralarda yuk tashuvchilar uchun elektron viza rasmiylashtirish va to‘lovlarni optimallashtirish, Farap–Olot chegara o‘tish punktidagi jarayonlarni takomillashtirish, navbat va kutish vaqtlarini qisqartirish masalalari ham ko‘rib chiqildi.

Batafsil — https://daryo.uz/h5NVoW8vg

👉 Obuna bo‘ling — @daryo"
@daryo,135577,2026-08-15 03:40:13,63339,3,"**Rossiya Ukrainaning Qora dengizda o‘t ochishni to‘xtatish taklifini rad etdi**

Moskva Kiyevga vaqtinchalik tanaffus beradigan “yarim choralar” uchun hech qanday asos ko‘rmayotganini va Turkiyadan bu borada rasmiy taklif olmaganini bildirdi.

Batafsil — https://daryo.uz/-oHW_i8vR

👉 Obuna bo'ling — @daryo"
@daryo,135578,2026-08-15 03:55:01,64423,87,"**Afsonaviy bokschi Rufat Risqiyev 76 yoshida vafot etdi**

“Toshkent yo‘lbarsi” nomi bilan shuhrat qozongan Rufat Risqiyev oʻzbek bokschilari orasida birinchi boʻlib, 1974-yilda jahon chempioni unvoniga erishgan. 1976-yilgi Monreal olimpiadasida kumush medal qoʻlga kiritgan.

Batafsil — https://daryo.uz/a7nu0G8DR

👉 Obuna bo'ling — @daryo"
@daryo,135579,2026-08-15 04:45:10,60616,87,"**Endi sirtqi ta’lim yo‘q deb oliy ma’lumotli kadr bo‘lishni kechiktiryapsizmi?
Toshkent ijtimoiy innovatsiya universiteti sizga maxsus taklif beradi!**

“Sirtqi yopildi, endi ishlaydiganlar qanday o‘qiydi?” deb o‘ylayapsizmi?
Siz uchun qulay yechim bor.
Ishingizni tashlamasdan, daromaddan voz kechmay oliy ma’lumotli bo‘lish imkoniyatini qo‘ldan boy bermang.
Muhimi — ko‘pchilik hali bu imkoniyat haqida bilmaydi.
Qanday? Shartlari nima? Kimlar hujjat topshira oladi?
Barchasini bilish uchun hoziroq ro'yxatdan o‘ting.

 [Ro‘yxatdan o‘tish](https://docs.google.com/forms/d/e/1FAIpQLSdf53ETTHnBMtuIchh8dY9JUE_t3u60WInVX1R8WPf5paxtjA/viewform?pli=1) 

+998 78 113 17 17 | +998 55 506 12 77

[Toshkent ijtimoiy innovatsiya universiteti](https://maps.app.goo.gl/DxyToBhoShJxBBWZ9)  

Reklama"
@daryo,135580,2026-08-15 04:55:01,59732,4,"**“Yaqinda Hormuz bo‘g‘ozini AQSH hududi deb e’lon qilmoqchimiz” — Tramp**

Bunday chora mintaqaga qo‘shinlarni muddatsiz joylashtirishni taqozo etishi mumkin. Eron esa AQSH bo‘g‘ozni nazorat qilayotganini inkor etmoqda.

Batafsil — https://daryo.uz/NUfu2MUDg

👉 Obuna bo‘ling — @daryo"
@daryo,135581,2026-08-15 05:44:17,61818,14,"**Andijonda bog‘cha litsenziyasi uchun 10 ming dollar so‘ragan shaxs ushlandi**

U yuqori lavozimli tanishlari orqali xususiy maktabgacha ta’lim muassasasi tashkil etishda yordam berishini aytgan. Gumonlanuvchi kelishilgan puldan 5 ming dollarini olayotgan vaqtda qo‘lga olindi.

Batafsil — https://daryo.uz/hB-6xG8Dg

👉 Obuna bo‘ling — @daryo"
@daryo,135582,2026-08-15 06:00:57,62500,5,"**Indoneziyada 7,7 magnitudali zilzila yuz berdi. Qurbonlar bor (foto, video)**

Zilzila Flores oroli yaqinida yuz bergan. Yuzlab uy, maktab, shifoxona va aeroport binolari zarar ko‘rgan.

Batafsil — https://daryo.uz/X3SOyM8DR

👉 Obuna bo‘ling — @daryo"
@daryo,135583,2026-08-15 06:48:48,62955,28,"**Apple 110 ta mamlakatdagi foydalanuvchilarni josuslik hujumidan ogohlantirdi**

Kompaniya ayg‘oqchi dasturlar nishoniga aylangan mijozlarining qurilmalariga xavfsizlik bildirishnomalarini yuborib, ularga maxsus cheklov rejimini yoqishni maslahat berdi.

Batafsil — https://daryo.uz/-PxnKZUvg

👉 Obuna bo‘ling — @daryo"
@daryo,135584,2026-08-15 07:26:37,63222,8,"**Yarim yilda O‘zbekistonga xorijdan 9,3 mlrd dollar pul yuborildi**

Fuqarolar pul yuborishda asosan telefon orqali, ya’ni kartadan kartaga, P2P o‘tkazishdan ko‘proq foydalangan. Onlayn o‘tkazmalar 4,8 milliard dollarga yetgan.

Batafsil — https://daryo.uz/I7BG8MUvR

👉 Obuna bo‘ling — @daryo"
@daryo,135585,2026-08-15 08:21:32,63604,6,"**Fransiya Konstitutsiyaviy kengashi 15 yoshgacha bo‘lganlar uchun ijtimoiy tarmoqlarga qo‘yilgan taqiqni bekor qildi**

Kengash 15 yoshgacha bo‘lgan bolalarga ijtimoiy tarmoqlarni taqiqlash fikr bildirish va muloqot erkinligi hamda shaxsiy hayot daxlsizligi huquqlarini haddan tashqari cheklashini bildirgan.

Batafsil — https://daryo.uz/SmWxYMUvg

👉 Obuna bo‘ling — @daryo"
@daryo,135587,2026-08-15 08:42:13,66870,60,"**Toshkentda yuz bergan yong‘inda FVV qutqaruvchisi halok bo‘ldi**

Maxsus qutqaruv batalyoni otryad komandirining oʻrinbosari kapitan Boburmirzo Pardayev Uchtepada yuz bergan yong‘inda fuqarolar hayotini qutqardi. Biroq alangani bartaraf etish jarayonida uning o‘zi halok bo‘ldi.

Batafsil — https://daryo.uz/Ol2hz7Uvg

👉 Obuna bo'ling — @daryo"
@daryo,135588,2026-08-15 09:15:20,63328,15,"**Boysundagi o‘rmon xo‘jaligida yong‘in chiqdi**

Olov qariyb 24 soatda o‘chirilgan. Hodisa oqibatida, taxminan, 1 gektar maydondagi quruq o‘t va shox-shabbalar yonib ketgan. Fuqarolarning tan jarohati olish holatlari qayd etilmagan.

Batafsil — https://daryo.uz/6bxj6M8vg

👉 Obuna bo‘ling — @daryo"
@daryo,135589,2026-08-15 09:55:51,64854,3,"**AQSH Eron bilan muzokaralarga Avstriya va Gretsiyani ham jalb qilmoqda**

Vashington Tehron bilan diplomatik aloqalarni jonlantirish uchun Yevropadagi yangi vositachilar yordamidan foydalanishga urinmoqda.

Batafsil — https://daryo.uz/H_I13MUDg

👉 Obuna bo‘ling — @daryo"
@daryo,135590,2026-08-15 10:43:35,62295,20,"**Netanyaxu Britaniyani “yadro quroliga ega birinchi Islom Respublikasi” deb atadi**

Bosh vazir mamlakat bilan Uinston Cherchill davridagi hamkorlik yo‘qolgani va London yangi hukumat davrida Isroilga nisbatan pozitsiyasini o‘zgartirganini aytdi.

Batafsil — https://daryo.uz/LG-etZUDg

👉 Obuna bo'ling — @daryo"
@daryo,135591,2026-08-15 10:56:44,65011,14,"**Shavkat Mirziyoyev bokschi Rufat Risqiyev vafoti munosabati bilan ta’ziya bildirdi**

Davlat rahbari yo‘llagan ta’ziyanomada butun hayotini bokschilik faoliyatiga bag‘ishlagan buyuk sportchi, samimiy va kamtarin insonning yorqin xotirasi qalblarda hamisha saqlanib qolishi ta’kidlangan.

Batafsil — https://daryo.uz/xyb7D7UDg

👉 Obuna bo‘ling — @daryo"
@daryo,135592,2026-08-15 11:39:35,63259,22,"**“Amirsoy Resort” yozning eng yorqin va kutilgan voqealaridan biriga mezbonlik qiladi**

Konsert Oʻzbekiston Davlat simfonik orkestri hamda Respublika orkestrlar va xor jamoalari Ijodiy birlashmasi ijrosida o‘tkaziladi. Dirijyor — Oʻzbekiston xalq artisti Kamoliddin Oʻrinboyev.

Batafsil — https://daryo.uz/STMOFnUDR

👉 Obuna bo‘ling — @daryo"
@daryo,135593,2026-08-15 11:49:01,64247,14,"**O‘zbekistonda eng tez o‘sayotgan xizmat turlari ma’lum qilindi**

2026-yilning yanvar–iyun oylarida O‘zbekistonda ko‘rsatilgan bozor xizmatlari hajmi o‘tgan yilning mos davriga nisbatan 16,9 foizga oshib, 664,9 trillion so‘mni tashkil etdi.

Batafsil — https://daryo.uz/-Ig7Sn8DR

👉 Obuna bo‘ling — @daryo"
@daryo,135594,2026-08-15 12:43:23,65825,29,"**Boysundagi gaz konida avariyani bartaraf etish ishlari boshlandi**

Xitoylik mutaxassislar bilan 2027-yil yanvaridan konda burg‘ulash ishlari boshlanadi. Avariyaviy holatlarni bartaraf etish va konni yopish ishlarini esa iyulgacha yakunlash rejalashtirilgan.

Batafsil — https://daryo.uz/4Pcv27UDg

👉 Obuna bo'ling — @daryo"
@daryo,135595,2026-08-15 13:20:01,66467,2,"**Indoneziyadagi zilzilada vafot etganlar va jabrlanganlar orasida Oʻzbekiston fuqarolari yo‘q**

O‘zbekistonning Indoneziyadagi elchixonasi vaziyatni kuzatib, mahalliy hokimiyat organlari bilan aloqada bo‘lib turibdi.

Batafsil — https://daryo.uz/qTOt07UvR

👉 Obuna bo'ling — @daryo"
@daryo,135596,2026-08-15 14:18:45,67244,44,"**Jinoyat ishlari bo‘yicha Tomdi tuman sudi raisi YTHda halok bo‘ldi**

Tomdi tumaniga ishga ketayotgan Aziza Mirzayeva boshqaruvidagi Cobalt yo‘ldan chiqib, ag‘darilib ketgan. Sud raisi olgan og‘ir tan jarohatlari oqibatida voqea joyida vafot etgan.

Batafsil — https://daryo.uz/i9BLxnUDR

👉 Obuna bo'ling — @daryo"
@daryo,135597,2026-08-15 15:00:06,67625,35,"**“Tolibon” Afg‘onistonda terrorchilik xavfini jilovlay olmadi — BMT**

BMT Xavfsizlik Kengashi “Tolibon” amaliyotlariga qaramay, mamlakatda terrorchilik tahdidlari, jumladan, ISHID kuchaygani va zamonaviy qurollar jangarilar qo‘liga o‘tayotganini bildirdi. Bu Markaziy Osiyo davlatlari uchun ham katta xavf tug‘dirmoqda.

Batafsil — https://daryo.uz/HF1Up7Uvg

👉 Obuna bo‘ling — @daryo"
@daryo,135598,2026-08-15 15:50:39,68723,76,"**Belgiyada quruvchilar devor orasidan 9 mln yevrolik oltin topdi**

Xazina orasida 49 ta oltin quyma va minglab tangalar bo‘lgan. Topilmani birinchi bo‘lib ko‘rgan 18 yoshli talaba ularni dastlab oddiy tangalar deb o‘ylagan.

Batafsil — https://daryo.uz/ygxTS78DR

👉 Obuna bo‘ling — @daryo"
@daryo,135599,2026-08-15 16:33:51,67978,11,"**Dubay amiri London ko‘chasida sudanliklarni o‘ldirishda ayblandi (video)**

London markazida sudanlik erkak Muhammad bin Rashid al-Maktumga qarata BAAning Sudandagi urushga aralashuvini to‘xtatishni talab qildi. Amirning hamrohi esa erkakni haqoratladi.

Batafsil — https://daryo.uz/DjpVP7UDR

👉 Obuna bo‘ling — @daryo"
@daryo,135600,2026-08-15 17:16:11,69298,7,"**O‘zbekistonlik o‘quvchilar Xalqaro informatika olimpiadasida 4 ta medalni qo‘lga kiritdi**

90 dan ortiq davlat o‘quvchilari qatnashgan musobaqada o‘zbekistonlik yoshlar 1 ta kumush, 3 ta bronza medal va 1 ta Honorable mention mukofotiga sazovor bo‘ldi.

Batafsil — https://daryo.uz/qz3qlnUvg

👉 Obuna bo'ling — @daryo"
@daryo,135601,2026-08-15 18:14:42,67009,34,"**“Tolibon” AQSHni Afg‘onistonga qaytishga chaqirdi**

Tashqi ishlar vaziri Amir Xon Muttaqiy mamlakatga harbiylarni emas, balki diplomatlar va investorlarni yuborishni so‘radi. Shuningdek, Qo‘shma Shtatlar elchixonasini qayta ochish taklif etildi.

Batafsil — https://daryo.uz/hWZL9n8DR

👉 Obuna bo‘ling — @daryo"
@daryo,135602,2026-08-15 19:09:11,68327,6,"**15-avgust kuni e’lon qilingan yangiliklar dayjesti:**

• Yarim yilda O‘zbekistonga xorijdan 9,3 mlrd dollar pul [yuborildi](https://daryo.uz/2026/08/15/yarim-yilda-ozbekistonga-xorijdan-93-mlrd-dollar-pul-yuborildi)

• Afsonaviy bokschi Rufat Risqiyev 76 yoshida [vafot etdi](https://daryo.uz/2026/08/15/afsonaviy-bokschi-rufat-risqiyev-76-yoshida-vafot-etdi)

• O‘zbekistonda eng tez o‘sayotgan xizmat turlari [ma’lum qilindi](https://daryo.uz/2026/08/15/ozbekistonda-eng-tez-osayotgan-xizmat-turlari-malum-qilindi)

• O‘zbekistonda yurak klapanini almashtirmasdan davolashga yordam beruvchi implant [yaratildi](https://daryo.uz/2026/08/15/ozbekistonda-yurak-klapanini-almashtirmasdan-davolashga-yordam-beruvchi-implant-yaratildi)

• Boysundagi gaz konida avariyani bartaraf etish ishlari [boshlandi](https://daryo.uz/2026/08/15/boysundagi-gaz-konida-avariyani-bartaraf-etish-ishlari-boshlandi)

• Indoneziyadagi zilzilada vafot etganlar va jabrlanganlar orasida Oʻzbekiston fuqarolari [yo‘q](https://daryo.uz/2026/08/15/indoneziyadagi-zilzilada-vafot-etganlar-va-jabrlanganlar-orasida-ozbekiston-fuqarolari-yoq)

• O‘zbekistonlik o‘quvchilar Xalqaro informatika olimpiadasida 4 ta medalni [qo‘lga kiritdi](https://daryo.uz/2026/08/15/ozbekistonlik-oquvchilar-xalqaro-informatika-olimpiadasida-4-ta-medalni-qolga-kiritdi)

👉 Obuna bo‘ling — @daryo"
@daryo,135603,2026-08-16 03:00:58,63847,32,"**OTMga kirish imtihonlari natijalari bo‘yicha apellyatsiya berish boshlandi**

Ariza topshirgan abituriyentga apellyatsiyani ko‘rib chiqish sanasi va vaqti ko‘rsatilgan xabarnoma yuboriladi. U belgilangan vaqtda shaxsini tasdiqlovchi hujjat va xabarnoma bilan Bilimni baholash agentligiga yoki xabarnomada ko‘rsatilgan manzilga kelishi lozim.

Batafsil — https://daryo.uz/IlthCnUDg

👉 Obuna bo‘ling — @daryo"
@daryo,135604,2026-08-16 03:35:01,63603,4,"**Boltiq dengizida anomal issiq sabab zaharli suvo‘tlari tarqaldi**

Rostok shahri yaqinidagi sohillarda xavfli ko‘k-yashil o‘simlik-bakteriyalar aniqlandi. Ular insonda allergiya hamda oshqozon kasalliklarini keltirib chiqarishi mumkin.

Batafsil — https://daryo.uz/6XXUl7Uvg

👉 Obuna bo‘ling — @daryo"
@daryo,135605,2026-08-16 04:11:33,62103,26,"**Afgʻonistonda “Tolibon” hukmronligining besh yilligi nishonlandi (fotolar)**

Kobul koʻchalari boʻylab harbiy texnikalar harakatlandi. “Tolibon” marosimlar Pokiston, Xitoy, Oʻzbekiston, Eron, Turkiya va Malayziya poytaxtlarida ham oʻtkazilishi kutilganini aytdi.

Batafsil — https://daryo.uz/nE-lZI8DR

👉 Obuna bo‘ling — @daryo"
@daryo,135606,2026-08-16 04:30:01,61512,15,"**UFC. Islom Maxachev Yan Gerrini mag‘lub etib, o‘z kamarini munosib himoya qildi**

AQSHning Filadelfiya shahrida aralash yakkakurashlar bo‘yicha UFC 330 turniri bo‘lib o‘tdi.

Batafsil — https://daryo.uz/ZfkW7S8vg

👉 Obuna bo'ling — @daryo"
@daryo,135607,2026-08-16 05:06:26,61124,15,"**Malayziya o‘zbekistonliklarga uzoq muddatli viza olishni yengillashtirishi mumkin**

Ushbu davlatga 30 kungacha vizasiz tartibni yanada soddalashtirish masalasi ham muhokama qilindi.

Batafsil — https://daryo.uz/cKOjMS8vg

👉 Obuna bo'ling — @daryo"
@daryo,135608,2026-08-16 05:40:11,62205,81,"**Toshkentdagi maktablarda aqlli kameralar o‘rnatish boshlandi**

Loyiha doirasida o‘quvchilar davomatini avtomatik aniqlash, maktab xavfsizligini kuchaytirish, begona shaxslarni aniqlash hamda o‘quvchilarning darsdagi faolligini tahlil qilish imkoniyatlari yaratilmoqda.

Batafsil — https://daryo.uz/xhYB4S8Dg

👉 Obuna bo‘ling — @daryo"
@daryo,135609,2026-08-16 06:10:16,61451,15,"**Andijonda tadbirkordan 90 ming dollar so‘ragan sobiq bank rahbari o‘rinbosari 10 yilga qamaldi**

U tadbirkorga 15,2 mlrd so‘mlik shifoxona binosini imtiyozli shartlarda olib berishni va’da qilgan. Kelishilgan mablag‘ning 40 mingini olayotganida ushlangan.

Batafsil — https://daryo.uz/9hMwkS8vg

👉 Obuna bo‘ling — @daryo"
@daryo,135610,2026-08-16 06:41:47,61782,2,"**Omskdagi yong‘in oqibatida ikki o‘zbekistonlik jarohatlandi**

Hodisa qurilish maydonida yuz bergan bo‘lib, jami 11 kishi jarohatlangan. Ulardan bir nafari vafot etgan.

Batafsil — https://daryo.uz/lbidKSUvR

👉 Obuna bo'ling — @daryo"
@daryo,135611,2026-08-16 07:00:05,62563,22,"**Tomdi tuman sudi raisi majlisga ketayotganida YTHga uchragani rad etildi**

Oliy sud avtohalokat sodir bo‘lgan kuni hech qanday majlis belgilanmaganini, sudyalarning dam olish kuni xizmat joyiga kelishini talab qiluvchi hech qanday topshiriq berilmaganini bildirdi.

Batafsil — https://daryo.uz/7oV7pI8Dg

👉 Obuna bo'ling — @daryo"
@daryo,135612,2026-08-16 07:36:10,63372,44,"**Hafta boshida harorat 31 darajagacha tushishi mumkin**

“O‘zgidromet” prognozlariga ko‘ra, 17-avgustda harorat nisbatan pasayadi. Qoraqalpog‘iston Respublikasi va Xorazm viloyatida qisqa muddatli yog‘ingarchilik ehtimoli bor.

Batafsil — https://daryo.uz/ZBcjNI8DR

👉 Obuna bo'ling — @daryo"
@daryo,135613,2026-08-16 08:10:24,63226,27,"**AQSH harbiylari Strava ilovasi orqali Yaqin Sharqdagi bazalari va harakatlarini oshkor qilib qoʻydi**

Eron bu ma’lumotlar yordamida mintaqadagi bazalarga va boshqa obyektlarga aniq zarbalar bergani taxmin qilinmoqda.

Batafsil — https://daryo.uz/vOqHcS8vg

👉 Obuna bo‘ling — @daryo"
@daryo,135614,2026-08-16 08:50:27,64191,28,"**“Shartnomani bajarmasang, 15 yilga qamalasan, deyishgandi”. Rossiya harbiy poligonidan qochgan andijonlik yigitga sud hukmi o‘qildi**

Unga izolyatorda saqlanayotgan vaqtida harbiy xizmat bo‘yicha shartnoma imzolatilib, shundan so‘ng harbiy qismga olib ketilgan. Keyinchalik u poligonni tark etib, O‘zbekistonga qaytgan.

Batafsil — https://daryo.uz/W2tKFS8vg

👉 Obuna bo‘ling — @daryo"
@daryo,135615,2026-08-16 09:35:16,63834,36,"**Toshkentda kvartiralar narxi kadastrdagidan 7,4 baravar, hovli joylar 14 baravar yuqoriligi aniqlandi**

Poytaxtda ko‘chmas mulk obyektlarini ommaviy baholashning dastlabki natijalari e’lon qilindi. U Toshkentning turli tumanlarida ko‘chmas mulk qiymatida sezilarli tafovutlar mavjudligini ko‘rsatdi.

Batafsil — https://daryo.uz/nmCOBSUvR

👉 Obuna bo'ling — @daryo"
@daryo,135616,2026-08-16 10:10:15,63878,42,"**AQSHda sun’iy intellekt ishga kech qolgan xodimni boʻshatdi**

Claude tajriba tariqasida doʻkonda menejer boʻlib ishlagan, biroq uning boshqaruvidan doʻkon moliyaviy zarar ko‘rgan.

Batafsil — https://daryo.uz/VYGk2IUvR

👉 Obuna bo'ling — @daryo"
@daryo,135617,2026-08-16 11:01:45,63080,21,"**Yevropada ishlayotgan o‘zbekistonliklar soni ma’lum qilindi**

MDH davlatlarida mehnat qilayotgan o‘zbekistonliklar ulushi 29 foizga kamayib, Yevropa mintaqasida 42 foizga, Sharqiy Osiyo mintaqasida 26 foizga ortgan.

Batafsil — https://daryo.uz/Ae0AwIUvg

👉 Obuna bo'ling — @daryo"
@daryo,135618,2026-08-16 11:45:28,63191,16,"**Har 30 daqiqada bir odam Eboladan oʻlmoqda — BMT**

Kongo DRning oltita viloyatida epidemiya avj olmoqda. Xalqaro donorlar unga qarshi kurashishga deyarli 300 mln dollar ajratgan.

Batafsil — https://daryo.uz/8zgh0SUDR

👉 Obuna bo‘ling — @daryo"
@daryo,135619,2026-08-16 12:15:01,65260,64,"**Cobalt avtomobillari ichki bozorda ishlab chiqarilgan hajmidan ikki baravar kam sotildi**

2026-yilning birinchi yarmida ishlab chiqarilgan qariyb 83 ming dona Cobalt’ning 41 mingtasi xaridorlarga sotilgan.

Batafsil — https://daryo.uz/ocw-qI8vR

👉 Obuna bo'ling — @daryo"
@daryo,135620,2026-08-16 13:01:40,62716,27,"**O‘zbekistonda C gepatitiga qarshi dorilar ishlab chiqarilishi mumkin**

Misr kompaniyasi bilan bunday dori vositalari ishlab chiqarishni mahalliylashtirish loyihalari muhokama qilindi.

Batafsil — https://daryo.uz/h9a4RN8Dg

👉 Obuna bo‘ling — @daryo"
@daryo,135621,2026-08-16 13:30:00,64078,69,"**Oʻzbeklarga eng yaqin xalq: uygʻurlar bilan qanday oʻxshashliklarimiz bor?**

Dunyoda oʻzbeklarga juda ham oʻxshash bir millat bor. Tashqi koʻrinishi, tili, taomlari va urf-odatlari biznikiga shu qadar oʻxshaydiki, birinchi koʻrganda hayron qolishingiz mumkin. Bu uygʻurlar. “Daryo” muxbiri Xitoyning Shinjon uygʻur avtonom rayonida boʻlib, uygʻurlarning bugungi hayoti bilan yaqindan tanishdi.

Batafsil — https://daryo.uz/nMKRgN8DR

👉 Obuna bo'ling — @daryo"
@daryo,135622,2026-08-16 14:04:21,64490,38,"**Ukraina Rossiyaga ommaviy dron hujumini uyushtirdi: Moskva viloyatidagi omborlar zarar ko‘rdi (video)**

Podolskdagi Wildberries kompaniyasiga tegishli omborda dron hujumi oqibatida yong‘in chiqqan. Rossiya havo hujumidan mudofaa kuchlari 187 ta Ukraina dronini urib tushirgan.

Batafsil — https://daryo.uz/kWP7jSUDg

👉 Obuna bo'ling — @daryo"
@daryo,135623,2026-08-16 14:48:49,63767,4,"**Oʻzbekistonga elektromobillar importi 2,2 baravarga koʻpaydi**

Har bir elektomobilning oʻrtacha import narxi esa 2,7 ming dollarga pasaygan.

Batafsil — https://daryo.uz/TyPgSH8DR

👉 Obuna bo'ling — @daryo"
@daryo,135624,2026-08-16 15:30:01,65128,6,"**Fors ko‘rfazidagi AQSH ittifoqchilari Tramp siyosatidan tobora norozi bo‘lmoqda — The Washington Post**

Saudiya Arabistoni, BAA, Qatar, Kuvayt va Bahrayn Tramp ma’muriyatining Eronga nisbatan siyosatini oldindan bashorat qilish qiyin deb hisoblamoqda. Mintaqa davlatlari AQSH prezidenti Eron bilan urushni yakunlash uchun zarur bo‘lgan samarali diplomatiya olib borishiga ishonchsizlik bildirmoqda.

Batafsil — https://daryo.uz/7-GbeIUvR

👉 Obuna bo'ling — @daryo"
@daryo,135625,2026-08-16 16:07:07,63933,13,"**“Arsenal” “Manchester Siti”ni yirik hisobda taslim etib, Angliya Superkubogi sohibiga aylandi**

O‘zbekistonlik himoyachi Abduqodir Husanov uchrashuvni asosiy tarkibda boshlab, to‘liq 90 daqiqa maydonda harakat qildi.

Batafsil — https://daryo.uz/kWJfcNUvR

👉 Obuna bo'ling — @daryo"
@daryo,135626,2026-08-16 16:30:01,64678,4,"**Oʻzbekiston benzin importini 7 oyda 54 foizga oshirdi**

Yanvar-iyul oylarida xorijdan 250 ming tonna koʻproq benzin xarid qilingan. Yoqilgʻining oʻrtacha import narxi qimmatlashgan.

Batafsil — https://daryo.uz/sJk8vH8DR

👉 Obuna bo‘ling — @daryo"
@daryo,135627,2026-08-16 17:06:24,63360,23,"**Rossiya Kiyevdagi raketa ishlab chiqaruvchi zavodga zarba berdi**

Kiyev meri Vitaliy Klichko 16-avgustga o‘tar kechasi Ukraina poytaxtida portlashlar sodir bo‘lganini bildirgan. Poltava, Dnepr va Krivoy Rog shaharlarida ham portlashlar bo‘lgani aytilmoqda.

Batafsil — https://daryo.uz/78RRnH8DR

👉 Obuna bo'ling — @daryo"
@daryo,135628,2026-08-16 17:40:01,64530,25,"**“2030-yilgacha hamma talabalar ehtiyojini qondiradigan darajada yotoqxonalar qurib bitkaziladi” — Qoʻngʻirotboy Sharipov**

Oliy taʼlim, fan va innovatsiyalar vaziri prezident qarori asosida yotoqxonalar sonini oshirish ishlari ketayotganini aytdi. Yaqin yillarda barcha talabalarga yetarli joy hozirlanishi mumkin.

Batafsil — https://daryo.uz/ikr5pH8Dg

👉 Obuna bo'ling — @daryo"
@daryo,135629,2026-08-16 18:21:07,63769,8,"**Isroil “Hizbulloh”ning yuqori martabali qo‘mondoni yo‘q qilinganini e’lon qildi**

Hujum oqibatida “Hizbulloh”ning “Badr” bo‘linmasi qo‘mondoni Abu Hasan Aloa halok bo‘lgan. Isroil armiyasi uning o‘limi bo‘linmaning boshqaruv salohiyatiga jiddiy zarba berganini ma’lum qildi.

Batafsil — https://daryo.uz/OQ7bHN8DR

👉 Obuna bo‘ling — @daryo"
@daryo,135630,2026-08-16 18:52:31,66064,4,"**16-avgust kuni e’lon qilingan yangiliklar dayjesti:**

- Yevropada ishlayotgan o‘zbekistonliklar soni ma’lum [qilindi](https://daryo.uz/Ae0AwIUvg)

- AQSHda sun’iy intellekt ishga kech qolgan xodimni [boʻshatdi](https://daryo.uz/VYGk2IUvR)

- Toshkentdagi maktablarda aqlli kameralar o‘rnatish [boshlandi](https://daryo.uz/xhYB4S8Dg)

- UFC. Islom Maxachev Yan Gerrini mag‘lub etib, o‘z kamarini munosib himoya [qildi](https://daryo.uz/ZfkW7S8vg)

- Malayziya o‘zbekistonliklarga uzoq muddatli viza olishni yengillashtirishi [mumkin](https://daryo.uz/cKOjMS8vg)

- Cobalt avtomobillari ichki bozorda ishlab chiqarilgan hajmidan ikki baravar kam [sotildi](https://daryo.uz/ocw-qI8vR)

- Indoneziyada zilzila qurbonlari soni 51 kishiga [yetdi](https://daryo.uz/ZHm0XSUvg) (foto)

- “2030-yilgacha hamma talabalar ehtiyojini qondiradigan darajada yotoqxonalar qurib [bitkaziladi](https://daryo.uz/ikr5pH8Dg)” — Qoʻngʻirotboy Sharipov

👉 Obuna bo'ling — @daryo"
@daryo,135631,2026-08-17 03:00:25,61665,17,"**Belgiya tarixidagi eng yirik o‘rmon yong‘ini Germaniya tomon tarqalmoqda**

Belgiya hududidagi Hoge Venen qo‘riqxonasida yuz bergan yirik o‘rmon yong‘ini Germaniyaning Monschau shahriga yaqinlashmoqda. Kuchli tutun xavfi sabab shaharning uch hududi aholisiga evakuatsiya tavsiya qilingan.

Batafsil — https://daryo.uz/dsbepN8vg

👉 Obuna bo‘ling — @daryo"
@daryo,135632,2026-08-17 03:30:22,62396,11,"**Toshkent shahri va viloyatida 500 mln soʻmlik noqonuniy dorilar aylanmasiga chek qoʻyildi**

Fuqarolar uyidan 10 mingdan ortiq xorijdan olib kelingan va hujjatsiz dorilar topildi. Holat yuzasidan jinoyat ishi ochilgan.

Batafsil — https://daryo.uz/w8CJ0NUDR

👉 Obuna bo‘ling — @daryo"
@daryo,135633,2026-08-17 04:00:01,61033,2,"**Tramp Janubiy Koreya bilan harbiy mashg‘ulotni qisqartirishni buyurdi**

AQSH prezidenti buni yuqori xarajat, Suelning Eronga qarshi harakatlarga qo‘shilmagani va Kim Chen In bilan yaxshi munosabatda ekani bilan izohladi.

Batafsil — https://daryo.uz/wkJrBvUDR

👉 Obuna bo‘ling — @daryo"
@daryo,135634,2026-08-17 04:33:06,61166,22,"**Qirg‘iziston va O‘zbekiston hududlar almashinuvi bo‘yicha keyingi qadamlarni kelishib oldi**

Tomonlar almashiladigan hududlar aholisining fuqaroligi, ularni koʻchirish, mulkiy-xoʻjalik va boshqa masalalarni muhokama qildi.

Batafsil — https://daryo.uz/g-xUyD8Dg

👉 Obuna bo'ling — @daryo"
@daryo,135635,2026-08-17 05:07:18,60795,1,"**Toshkent shahri va viloyatida xorijga ishga jo‘natishini aytib firibgarlik qilganlar ushlandi**

Ulardan biri Germaniyaga ishga yuborish uchun 4 ming dollar olgan, yana biri Janubiy Koreyaga yuborish evaziga 5900 dollar olgan vaqtida qo‘lga tushgan.

Batafsil — https://daryo.uz/P0DPBD8Dg

👉 Obuna bo'ling — @daryo"
@daryo,135636,2026-08-17 05:42:22,62263,13,"**Toshkentning Mirzo Ulug‘bek tumanida ko‘p qavatli uyning tomida yong‘in sodir bo‘ldi**

Qutqaruvchilar yong‘inni o‘chirishga bir soatdan ko‘proq vaqt sarflagan. Ma’lumotlarga qaraganda, oʻt oʻchirish mashinasi uyning arkasi pastligi sabab binoga kira olmagan.

Batafsil — https://daryo.uz/R9ZDlv8Dg

👉 Obuna bo'ling — @daryo"
@daryo,135637,2026-08-17 06:05:01,61526,2,"**YTHda vafot etgan Tomdi tuman sudi raisi lavozimiga majburiy tayinlangani haqidagi mish-mishlar rad etildi**

Sudyalar oliy kengashi fojiali yo‘l-transport hodisasi bilan marhuma sudyaning sudyalik lavozimiga tayinlanishi o‘rtasida sababiy bog‘liqlik borligi haqidagi xabarlarga munosabat bildirdi.

Batafsil — https://daryo.uz/lpBK8D8vR

👉 Obuna bo'ling — @daryo"
@daryo,135638,2026-08-17 06:31:58,61160,12,"**Ukraina Rossiya ichkarisiga zarba berishda Britaniya dronlaridan foydalandi — The Times**

Nishonlar orasida Volgograd va Yaroslavldagi neftni qayta ishlash zavodlari, Wildberries omborlari ham bo‘lgan.

Batafsil — https://daryo.uz/aE6bEDUvg

👉 Obuna bo‘ling — @daryo"
@daryo,135639,2026-08-17 06:55:01,60918,11,"**“O‘zgidromet” hafta davomida qanday ob-havo kutilayotganini ma’lum qildi**

Prognozlarga ko‘ra, 17—21-avgust kunlari quruq va asosan kam bulutli ob-havo bo‘ladi. Harorat 43 darajagacha ko‘tariladi.

Batafsil — https://daryo.uz/rnqx3D8vg

👉 Obuna bo'ling — @daryo"
@daryo,135640,2026-08-17 07:25:08,60805,63,"**Qozog‘iston yomg‘ir chaqirish uchun bulutlarga tuz sepmoqda, Qirg‘iziston xavotirda**

Loyiha paxta yetishtirishda yetakchi Turkiston viloyatida amalga oshirilmoqda. Bu Markaziy Osiyo bo‘yicha ilk shunday tajriba hisoblanadi. Qirg‘iziston “bulutlar o‘g‘irlanishi” ehtimolidan xavotir bildirdi.

Batafsil — https://daryo.uz/3RIhrv8Dg

👉 Obuna bo‘ling — @daryo"
@daryo,135641,2026-08-17 08:06:38,58716,10,"**Omskdagi yong‘inda jarohat olgan ikki o‘zbekistonlik og‘ir ahvolda ekani ma’lum qilindi**

Ularning ikkisi ham jonlantirish bo‘limiga yotqizilgan. O‘zbekiston diplomatlari ular holidan xabar oldi.

Batafsil — https://daryo.uz/e_wgZd8Dg

👉 Obuna bo'ling — @daryo"
@daryo,135642,2026-08-17 08:15:01,59761,10,"**Prezident Urganch xalqaro aeroportining yangi terminalini ko‘zdan kechirdi**

Shavkat Mirziyoyev sanoat, ta’lim, transport, turizm va boshqa sohalarda amalga oshirilayotgan yangi loyihalar hamda yaratilgan infratuzilma bilan tanishish maqsadida Xorazm viloyatiga tashrif buyurdi.

Batafsil — https://daryo.uz/2kgEZO8vg

👉 Obuna bo'ling — @daryo"
@daryo,135643,2026-08-17 08:31:16,59054,32,"**Yangi uyga ko‘chish uchun qurilish tugashini kutmang!**

“Poytaxt Bank”ning “Tayyor Uy” ipotekasi orqali ikkilamchi bozordan tayyor xonadon xarid qiling.

✅ 800 mln so‘mgacha
✅ 20 yilgacha
✅ 22,5–24,5% yillik
✅ Boshlang‘ich to‘lov — 20% dan
✅ Imtiyozli davr — 12 oygacha

71 214 20 00 | poytaxtbank.uz

Reklama"
@daryo,135644,2026-08-17 08:42:01,58815,23,"**Eron amerikalik harbiyning boshi uchun 30 ming dollar va’da qildi**

Har bir o‘ldirilgan yoki qo‘lga olingan amerikalik askar uchun ayollarga ikki baravar ko‘p mukofot beriladi.

Batafsil — https://daryo.uz/Dr60qv8vR

👉 Obuna bo'ling — @daryo"
@daryo,135645,2026-08-17 09:12:20,58801,20,"**O‘zbekistonda elektrdan noqonuniy foydalanish oqibatida davlatga salkam 4 mlrd so‘m zarar yetdi**

Bosh prokuratura huzuridagi departament respublikaning bir qator hududlarida elektr tarmoqlariga o‘zboshimchalik bilan ulangan fuqarolar va tadbirkorlik subyektlarini fosh qildi. Noqonuniy holatlar oqibatida elektr ta’minoti korxonalariga milliardlab so‘mlik zarar yetkazilgan.

Batafsil — https://daryo.uz/J9MR3DUDg

👉 Obuna bo‘ling — @daryo"
@daryo,135646,2026-08-17 09:42:21,58750,24,"**Isroil vaziri G‘azoda har tunda 30-40 kishini o‘ldirishga chaqirdi**

Itamar Ben-Gvirning da’vosiga ko‘ra, sektorda nafaqat “bevosita xavf tug‘diradigan”, balki “yashashga noloyiq odamlar” bor. U Falastin hududida yahudiy aholi punktlarini qurishga ham chorladi.

Batafsil — https://daryo.uz/jZzoMOUvR

👉 Obuna bo'ling — @daryo"
@daryo,135647,2026-08-17 10:04:59,59642,65,"**Avtobuslarda yo‘lkira to‘lamay yurganlarga jarima 10 baravar oshirilishi mumkin**

Birinchi marotaba yoʻl haqini toʻlamaganlar uchun BHMning ikkidan bir qismi, takroran sodir etilsa, BHMning bir baravari, ya’ni 440 ming so‘m miqdorida jarima jazosini belgilash rejalashtirilgan.

Batafsil — https://daryo.uz/BPSAmdUvg

👉 Obuna bo'ling — @daryo"
@daryo,135648,2026-08-17 10:32:44,58201,20,"**Prezident Urganchdagi Kasblar shaharchasida yoshlar bilan muloqot qildi**

Shavkat Mirziyoyev yoshlarni zamonaviy mehnat bozori talab qilayotgan kasblarga sifatli oʻqitish, taʼlim dasturlarini ish beruvchilar ehtiyojiga moslashtirib borish va bunday tajribani boshqa hududlarda ham kengaytirish muhimligini taʼkidladi.

Batafsil — https://daryo.uz/G1HXKO8DR

👉 Obuna bo‘ling — @daryo"
@daryo,135649,2026-08-17 10:57:29,56942,11,"**Oʻzbekiston shakar importini rekord darajada oshirdi**

Xorijdan yetti oylik xaridlar yarim mln tonnadan ortgan. Mahsulot import narxi sezilarli qimmatlashgan.

Batafsil — https://daryo.uz/bH8USOUvR

👉 Obuna bo'ling — @daryo"
@daryo,135650,2026-08-17 11:20:48,58471,34,"**Misr “Rosatom”ni AES qurilishi vaqtida xavfsizlik qoidalarini buzganlikda va xodimlarining ichkilikbozligida aybladi**

Politico ichki hujjatlarni o‘rganib, reaktor bloklarida aniqlangan nuqsonlar va yadroviy xavfsizlik madaniyati buzilgani haqida ma’lumot berdi. “Rosatom” ayblovlarni rad etmoqda.

Batafsil — https://daryo.uz/-7kjOd8Dg

👉 Obuna bo'ling — @daryo"
@daryo,135651,2026-08-17 11:35:01,58801,40,"**Shavkat Mirziyoyev yangi temiryo‘l orqali Urganchdan Xivaga bordi**

Xivada prezident Urganch xalqaro aeroporti va Xiva temiryoʻl vokzalini bogʻlaydigan yoʻnalishda qatnovga qoʻyiladigan yangi trolleybuslarni ham koʻzdan kechirdi.

Batafsil — https://daryo.uz/CtgdoO8vR

👉 Obuna bo'ling — @daryo"
@daryo,135652,2026-08-17 12:06:10,59194,95,"**Britaniyada bedarak yo‘qolgan mushuk 10 yil o‘tib uyga qaytdi**

2016-yildagi qidiruvlar samara bermagach, egalari uni mashina urib ketgan yoki nobud bo‘lgan deb o‘ylagan.

Batafsil — https://daryo.uz/Fdyu5OUvR

👉 Obuna bo‘ling — @daryo"
@daryo,135653,2026-08-17 12:35:44,60340,91,"**Sirdaryoda eridan o‘ch olish uchun ikki farzandini o‘ldirgan ayol 13 yildan ko‘proqqa qamaldi**

Guliston tumanida yashovchi ayol oilaviy janjal sabab turmush o‘rtog‘idan o‘ch olish uchun 6 va 4 yoshli o‘g‘illarini bo‘g‘ib o‘ldirgan. U jinoyatini is gazidan zaharlanish qilib ko‘rsatishga uringan.

Batafsil — https://daryo.uz/dpANbdUvg

👉 Obuna bo'ling — @daryo"
@daryo,135654,2026-08-17 13:00:01,58293,57,"**O‘zbekistonda dollar kursi 11 857 so‘mgacha tushdi**

Bunday past ko‘rsatkich 2023-yil avgustidan buyon kuzatilmagandi.

Batafsil — https://daryo.uz/p_rkfdUvR

👉 Obuna bo'ling — @daryo"
@daryo,135655,2026-08-17 13:26:09,59149,11,"**Tadbirkorlarning energiya manbalariga ulanish huquqi qonun bilan belgilandi**

O‘zbekistonda tadbirkorlar zimmasiga yangi majburiyat, talab, taqiq, javobgarlik yoki boshqa cheklovlar yuklatilishini nazarda tutuvchi normativ hujjatlar loyihalari bevosita tadbirkorlar hamda ular birlashmalari ishtirokida muhokama qilinadi.

Batafsil — https://daryo.uz/nqQm-dUvR

👉 Obuna bo‘ling — @daryo"
@daryo,135656,2026-08-17 13:56:27,57373,23,"**Xivada Lyaonin pedagogika universitetining O‘zbekistondagi filiali ochildi**

2026-yil uchun filialga 160 nafar talaba qabul qilinadi. Kelgusida yillik qabulni 500 nafarga, talabalar sonini esa 2 ming nafarga yetkazish rejalashtirilgan.

Batafsil — https://daryo.uz/VuqJEO8vg

👉 Obuna bo‘ling — @daryo"
@daryo,135657,2026-08-17 14:32:50,58561,16,"Turkiyaga xalqaro pul o‘tkazmalari endi [**Alliance Payda**](https://my.aab.uz/alliancepay/)

Asia Alliance Bank va Octobank qo‘shma loyihasi doirasida Turkiyaga xalqaro pul o‘tkazmalari yo‘lga qo‘yildi. Foydalanuvchilar mablag‘ni yaqinlariga yoki Turkiyadagi o‘z hisoblariga — bank kartalari va IBAN hisob raqamlariga yuborishlari mumkin.

Xizmat [**Octobank**](https://taplink.cc/octobankaj) infratuzilmasi asosida ishlaydi. Alliance Pay ilovasida bir necha qadam — va pul o‘tkazmasi yuborildi. Tezkor o‘tkazma va qulay kursda konvertatsiya.

Reklama"
@daryo,135658,2026-08-17 14:43:09,58021,13,"**NATO Rossiyaning ehtimoliy hujumi uchun uch bosqichli reja ishlab chiqdi**

Bu chora-tadbirlar Moskva Baltiqboʻyi mamlakatlariga bostirib kirgan taqdirda qoʻllanadi. Alyans mamlakatni tiyib turish va hujumning oldini olish maqsadida bu harbiy rejalarni sir tutmaslikka qaror qildi.

Batafsil — https://daryo.uz/sVHM8dUvR

👉 Obuna bo'ling — @daryo"
@daryo,135659,2026-08-17 15:10:53,60397,13,"**O‘zbekistonda ijtimoiy tadbirkorlik davlat tomonidan qo‘llab-quvvatlanadi**

Bu imtiyoz va preferensiyalar berish, ijtimoiy loyihalar xarajatlarini subsidiyalash, davlat ijtimoiy buyurtmasini joylashtirish hamda moliyaviy yordam ko‘rsatish shakllarida amalga oshiriladi.

Batafsil — https://daryo.uz/bi1nlOUDR

👉 Obuna bo'ling — @daryo"
@daryo,135660,2026-08-17 15:48:58,60831,13,"**Xorazmda 176 mln dollarlik 12 ta loyiha ishga tushirildi**

Prezident ramziy tugmani bosib, yangi loyihalarni ishga tushirdi va qurilish ishlariga start berdi. Investorlar va faollar bilan muloqot bo‘lib o‘tdi.

Batafsil — https://daryo.uz/h5c79dUvg

👉 Obuna bo'ling — @daryo"
@daryo,135661,2026-08-17 16:23:06,59441,22,"**Xivada 12,3 gektarlik xalqaro turistik shaharcha barpo etiladi**

Uning me’moriy konsepsiyasida 1511-yilda Xiva xonligining ilk poytaxti bo‘lgan qadimiy Vazir shahrining tuzilishi va ko‘chalar tarmog‘idan foydalaniladi.

Batafsil — https://daryo.uz/pplr3d8vR

👉 Obuna bo'ling — @daryo"
@daryo,135662,2026-08-17 16:47:05,59672,23,"**Toshkentda maktab bozorlari ish boshladi (ro‘yxat)**

Ushbu savdo maydonlarida o‘quvchilar uchun zarur o‘quv-yozuv qurollari, darsliklar va boshqa o‘quv anjomlarini xarid qilish mumkin.

Batafsil — https://daryo.uz/s15ECd8DR

👉 Obuna bo'ling — @daryo"
@daryo,135663,2026-08-17 17:15:19,58286,1,"**Shifoxonalarga 2026-yilda 900 dan ortiq hujum uyushtirildi — JSST**

Bu har kuni o‘rtacha to‘rtdan ortiq hujum sodir etilganini bildiradi. Oqibatda 1.5 mingga yaqin fuqaro jarohat olgan va 911 kishi halok bo‘lgan.

Batafsil — https://daryo.uz/zTqwYdUvR

👉 Obuna bo'ling — @daryo"
@daryo,135664,2026-08-17 17:50:46,59353,17,"**Oʻzbekistonga xorijdan pul oʻtkazmalari geografiyasi: qaysi davlatlardan tushumlar koʻpaydi?**

Markaziy bank Rossiyadan qancha pul yuborilganini ochiqlashni lozim topmagan. Vaholanki, tushumlarning 80 foizgacha qismi federatsiya hissasiga toʻgʻri keladi. Regulyator tahlili 20 foiz atrofidagi oʻtkazmalar tevaragida kechgan.

Batafsil — https://daryo.uz/v5vhbdUvg

👉 Obuna bo'ling — @daryo"
@daryo,135666,2026-08-17 18:32:12,61717,1,"**17-avgust kuni e’lon qilingan yangiliklar dayjesti:**

• O‘zbekistonda muddatli to‘lov xizmati operatorlari faoliyati [yo‘lga qo‘yiladi](https://daryo.uz/2026/08/17/ozbekistonda-muddatli-tolov-xizmati-operatorlari-faoliyati-yolga-qoyiladi)

• “O‘zgidromet” hafta davomida qanday ob-havo kutilayotganini [ma’lum qildi](https://daryo.uz/2026/08/17/hafta-davomida-qanday-ob-havo-kutilayotgani-malum-qilindi)

• Avtobuslarda yo‘lkira to‘lamay yurganlarga jarima 10 baravar oshirilishi [mumkin](https://daryo.uz/2026/08/17/avtobuslarda-yolkira-tolamay-yurganlarga-jarima-10-baravar-oshirlishi-mumkin)

• Oʻzbekiston shakar importini rekord darajada [oshirdi](https://daryo.uz/2026/08/17/ozbekiston-shakar-importini-rekord-darajada-oshirdi)

• Xivada Lyaonin pedagogika universitetining O‘zbekistondagi filiali [ochildi](https://daryo.uz/2026/08/17/xivada-lyaonin-pedagogika-universitetining-ozbekistondagi-filiali-ochildi)

• Toshkentda maktab bozorlari [ish boshladi](https://daryo.uz/2026/08/17/toshkentda-maktab-bozorlari-ish-boshladi-royxat)

• Yangilangan IBF reytingida o‘zbekistonlik bokschilarning [o‘rni qanday?](https://daryo.uz/2026/08/17/yangilangan-ibf-reytingida-ozbekistonlik-bokschilarning-orni-qanday)

👉 Obuna bo‘ling — @daryo"
@daryo,135667,2026-08-18 03:00:01,57407,24,"**“Eron bilan urushni tugatishga xalaqit bersa, Ummonni bombardimon qilamiz” — Tramp**

AQSH prezidenti Maskatga ikkinchi bor tahdid qilmoqda. U urushni tugatishga shoshilmayotganini ma’lum qildi.

Batafsil — https://daryo.uz/7lbMCOUDg

👉 Obuna bo'ling — @daryo"
@daryo,135668,2026-08-18 03:31:39,57076,43,"**Internetda hayot uchun xavfli haqiqiy inson mumiyalari sotila boshladi**

Oddiy pochta orqali yuborilayotgan qadimiy qoldiqlar tarkibidagi zaharli moddalar va zamburug‘ sporalari inson salomatligiga jiddiy xavf soladi.

Batafsil — https://daryo.uz/vOeD-O8vg

👉 Obuna bo'ling — @daryo"
@daryo,135669,2026-08-18 04:01:51,55970,26,"**Wuling Bardosh — atigi 20% boshlang‘ich to‘lov bilan xarid qiling!**

Endi 20% boshlang‘ich to‘lov bilan, 0% foizda muddatli to‘lovga!

**Qulay shartlar:**
— Boshlang'ich to'lov — 20**%** dan 
— foiz — **0%**
— muddat — 42** oygacha**
— daromad haqida ma’lumotnoma **talab qilinmaydi**

**Texnik ustunliklar:**
**— 1.2 L** injektorli dvigatel
**— 6.2 L / 100 km** yoqilg‘i sarfi
—** konditsioner**
— **ABS** tormoz tizimi

**Takliflar cheklangan!**
**
**wuling-uzbekistan.uz 
 **+998 55 503 02 09**

Reklama"
@daryo,135670,2026-08-18 04:13:37,54947,32,"**AQSH Kongressi xodimlari qonun loyihalarini ommaviy tarzda ChatGPT va Claude’da yozmoqda — Politico**

Qonun loyihalari matnida xatolar va noto‘g‘ri atamalar aniqlanmoqda. Shtatdagi huquqshunoslar ularni tuzatishga ulgurmayapti.

Batafsil — https://daryo.uz/Gh5oH5UDR

👉 Obuna bo'ling — @daryo"
@daryo,135671,2026-08-18 04:46:54,55666,10,"**Andijonda YPX xodimidan qochgan haydovchi Onix’da do‘konga borib urildi**

Haydovchi avtomashinani tegishli hujjatlarsiz boshqargani va bu transport vositasiga nisbatan muddati o‘tgan 10 mln so‘mdan ortiq qarzdorligi borligi aniqlangan

Batafsil — https://daryo.uz/hZtxIcUDg

👉 Obuna bo'ling — @daryo"
@daryo,135672,2026-08-18 05:17:18,56087,0,"**“O‘zgidromet” 19-avgustga ob-havo prognozini e’lon qildi**

Chorshanba kuni ham issiq ob-havo saqlanib qoladi. Aksariyat hududlarda chang-to‘zon kuzatilishi prognoz qilingan.

Batafsil — [https://daryo.uz/Gh5oH5hg](https://daryo.uz/2026/08/18/ozgidromet-19-avgustga-ob-havo-prognozini-elon-qildi)

👉 Obuna bo'ling — @daryo"
@daryo,135673,2026-08-18 05:46:02,55423,32,"**Oliygohlarga kirish imtihonlarida o‘rtacha o‘tish bali qancha bo‘lgani aytildi**

Yakuniy tanlov natijalarida o‘rtacha o‘tish ballari sezilarli oshgani qayd etilgan. Bu abituriyentlar o‘rtasida raqobat kuchaygani bilan izohlandi.

Batafsil — [https://daryo.uz/xIHTldKbg](https://daryo.uz/2026/08/18/oliygohlarga-kirish-imtihonlarida-ortacha-otish-balli-qancha-bolgani-aytildi)

👉 Obuna bo'ling — @daryo"
@daryo,135674,2026-08-18 06:16:00,54840,10,"**Xorazmda prezidentning tadbirkorlar bilan ochiq muloqoti boshlandi**

Bugungi anjumanda ilk bor tuman studiyalaridan ham 25 mingga yaqin tadbirkor ishtirok etmoqda. Prezident biznes hamjamiyatini Tadbirkorlar kuni bilan tabrikladi.

Batafsil — [https://daryo.uz/Hm8sK2](https://daryo.uz/2026/08/18/xorazmda-prezidentning-tadbirkorlar-bilan-ochiq-muloqoti-boshlandi)

👉 Obuna bo'ling — @daryo"
@daryo,135675,2026-08-18 06:30:01,51268,0,"**ANORBANK’dan Murobaha: biznesni rivojlantirish uchun yangi vosita**

Batafsil — [https://daryo.uz/GvEF4R8vR](https://daryo.uz/2026/08/18/anorbankdan-murobaha-biznesni-rivojlantirish-uchun-yangi-vosita)

Reklama"
@daryo,135676,2026-08-18 06:40:27,51740,12,"**O‘zbekistonda besh yilda korxonalarning asosiy kapitalga investitsiyasi 3 karra ko‘payib, 363 trln so‘mga yetdi**

Sanoati 100 mln dollardan oshgan tumanlar soni 66 tadan 116 taga ko‘paygan. Axborot texnologiyalari, fintex va boshqa servis sohalarining jadal rivojlanayotgani hisobiga xizmatlar hajmi 1 trln so‘mlik marradan o‘tgan tumanlar soni 41 tadan 152 taga yetdi.

Batafsil — https://taap.it/prezident

👉 Obuna bo'ling — @daryo"
@daryo,135677,2026-08-18 07:00:41,50851,52,"**Har birimiz oliy ma’lumotli boʻishga haqlimiz!**

ISFT institutining masofaviy ta’lim shakli sizga qulay vaqtda va qulay joyda oliy ta’lim olish imkoniyatini beradi.

**UzBMB (DTM) ballingiz bilan imtihonsiz talaba bo‘lish imkoniyati!**

[Kontrakt narxi](https://admission-api.isft.uz/qr/256)** 10 300 000 so‘m**.

👉 Masofaviy ta'lim [shaklida ](https://t.me/isftash/3683)[**10 ta bakalavriat yo‘nalishi**](https://t.me/isftash/3683)

B__atafsil: __https://youtu.be/D6eQz9Bty9c

**Hujjat topshirish: **[admission.isft.uz](https://admission-api.isft.uz/qr/282)

[ Telegram](https://admission-api.isft.uz/qr/283) | [ISFTqabul_bot](https://admission-api.isft.uz/qr/284) | +998555061717

Reklama"
@daryo,135678,2026-08-18 07:10:01,50299,12,"**O‘zbekiston investitsiya va ishbilarmonlik muhiti bo‘yicha dunyoda 31-o‘rinni egalladi**

Shavkat Mirziyoyev bu natijalar, avvalo, tadbirkorlar bilan yelkama-yelka amalga oshirilayotgan islohotlar samarasi ekanini taʼkidladi. Jahondagi murakkab vaziyatga qaramay o‘tgan yarim yillikda O‘zbekiston iqtisodiyoti 8,5 foizga o‘sgani e’tirof etildi.

Batafsil — https://daryo.uz/jOikb5UDR

👉 Obuna bo'ling — @daryo"
@daryo,135679,2026-08-18 07:25:01,53983,64,"**Mandat natijalari: abituriyentlarning 37,5 foizi minimal ball to‘play olmagan**

Ro‘yxatdan o‘tgan jami 677,9 ming abituriyentdan 209,1 ming nafari talaba bo‘ldi. Grant asosida o‘qishga kirish uchun o‘rtacha 134,6 ball, kontraktga esa 93,7 ball to‘plangan.

Batafsil — https://daryo.uz/kd8Ra5Uvg

👉 Obuna bo'ling — @daryo"
@daryo,135680,2026-08-18 07:35:55,52188,71,"**Korxonalar uchun elektr energiyasi va gaz uchun oldindan to‘lov 15 foizga tushiriladi**

Tadbirkorlarning aylanma mablag‘larini ko‘paytirish va qo‘llab-quvvatlash maqsadida ASKUE va ASKUG tizimiga ulangan, shuningdek, to‘lov intizomini buzmagan korxonalar uchun elektr energiyasi va tabiiy gaz bo‘yicha avans miqdori 15 foiz etib belgilandi.

Batafsil — https://daryo.uz/M8L8fc8DR

👉 Obuna bo'ling — @daryo"
@daryo,135681,2026-08-18 07:51:47,52875,32,"**Kia O‘zbekiston mustaqilligining 35 yilligini nishonlashga tayyorgarlikni boshladi**

2026-yil 17-avgustdan 6-sentyabrgacha avtomobil xarid qilishda foydaga ega bo‘lish 10 foizni tashkil etadi.

Batafsil — https://daryo.uz/jDS_yOUDR

Reklama"
@daryo,135682,2026-08-18 08:01:01,52011,12,"**Korxonalar uchun “sunʼiy intellekt hamkor” dasturi boshlanadi: SI xarajatining 50 foizi qoplab beriladi**

Tadbirkorlar foydalanishi uchun tayyor sunʼiy intellekt dasturlari ochiq platformaga joylashtiriladi va bu dasturning birinchi bosqichiga kamida 100 mln dollar ajratiladi.

Batafsil — https://daryo.uz/iLo0Y58Dg

👉 Obuna bo'ling — @daryo"
@daryo,135683,2026-08-18 08:29:35,52297,21,"**Daromadi 1 trln so‘mdan yuqori bo‘lgan 50 ta korxona akseleratsiya dasturi orqali IPO’ga tayyorlanadi**

Ularni IPO’ga tayyorlash, hisobotlarini xalqaro standartlarga moslashtirish xarajatining yarmi davlat tomonidan qoplanadi. Bu xususiy korxonalarga chetdan yiliga kamida 1 mlrd dollar jalb qilish imkonini beradi.

Batafsil — https://daryo.uz/4qDyEcUDR

👉 Obuna bo'ling — @daryo"
@daryo,135684,2026-08-18 08:50:22,53923,62,"**Ronaldu Toshkentga, Benzema Farg‘onaga keladi: Elit OCHL musobaqasiga qur’a tashlandi**

Mazkur musobaqada O‘zbekiston sharafini “Neftchi” hamda “Paxtakor” klubi himoya qiladi.

Batafsil — https://daryo.uz/BiQEUcUDg

👉 Obuna bo'ling — @daryo"
@daryo,135685,2026-08-18 09:07:06,53065,40,"**Tadbirkorlar uchun barcha turdagi jarimalar miqdori o‘rtacha 2 barobar kamaytiriladi**

Kelasi yildan tadbirkor va davlat o‘rtasidagi nizolarda “Tadbirkorning haqlilik prezumpsiyasi” joriy etiladi. Tadbirkorning aybi sudda isbotlanmaguncha u aybsiz hisoblanadi va unga jarima yoki boshqa taʼsir chorasi qo‘llanmaydi.

Batafsil — https://daryo.uz/WdmewcUDR

👉 Obuna bo'ling — @daryo"
@daryo,135686,2026-08-18 09:18:01,52293,10,"**OKMK yana bir xalqaro sertifikatni qoʻlga kiritdi**

Olmaliq kon-metallurgiya kombinatida korrupsiyaga qarshi kurashish tizimi muvaffaqiyatli sertifikatlashtirildi va natijada korxona navbatdagi yirik xalqaro yutuqni qoʻlga kiritdi.

Batafsil — https://daryo.uz/7WBcccUvR

Reklama"
@daryo,135687,2026-08-18 09:28:01,52050,33,"**“Odamlarimiz chetga chiqib ishlashiga zarurat qolmaydi” — Shavkat Mirziyoyev**

Prezident  tadbirkorlarga yuqori daromadli ish o‘rinlari, qo‘shilgan qiymat va tashqi bozorlarni kengaytirish uchun barcha sharoitlar yaratib borilishini aytdi.

Batafsil — https://daryo.uz/_YbL_cUvR

👉 Obuna bo'ling — @daryo"
@daryo,135688,2026-08-18 09:57:06,52499,21,"**O‘zbekistonda mehmonxona qurish, rekonstruksiya qilish va jihozlashga 50 mln dollar ajratiladi**

Uch, to‘rt va besh yulduzli mehmonxona qurish uchun subsidiya berish muddati yana ikki yilga uzaytiriladi. Subsidiya uchun mehmonxona “yulduzi”ni tasdiqlashda xorijiy kompaniya xulosasini talab qilish amaliyoti bekor qilinadi.

Batafsil — https://daryo.uz/mkTD_cUvR

👉 Obuna bo'ling — @daryo"
@daryo,135690,2026-08-18 10:40:11,53092,22,"**“Mintaqadagi urushni biz emas, Pokiston qo‘zg‘atmoqda” — “Tolibon”**

“Tolibon” matbuot kotibi Zabihulloh Mujohid ISHID endilikda Pokistonda tarbiyalanib, Afg‘onistonga qarshi ishlatilayotganini da’vo qildi.

Batafsil — https://daryo.uz/F3_MU58Dg

👉 Obuna bo'ling — @daryo"
@daryo,135691,2026-08-18 11:05:00,54506,2,"**Humans ishi: sud majlisida da’vo talablari o‘qib eshittirildi**

Humans ishi bo‘yicha o‘tkazilayotgan navbatdagi sud majlisida da’vo talablari aniqlashtirildi. Mazkur ish 13-avgust kuni Fuqarolik ishlari bo‘yicha Mirobod tumanlararo sudida ko‘rib chiqildi. O‘z navbatida, sud majlisida javobgar taraf da’vo talablarini to‘liq rad etdi va o‘z vajlarini bildirdi.

Batafsil — [https://daryo.uz/Hm8sK2Qa](https://daryo.uz/2026/08/18/humans-ishi-sud-majlisida-davo-talablari-oqib-eshittirildi)

👉 Obuna bo'ling — @daryo"
@daryo,135692,2026-08-18 11:23:13,55327,24,"**Rog‘un GES qurilishini yakunlash uchun yana 5,8 mlrd dollar kerak bo‘ladi — S&P**

Yangi prognozga ko‘ra loyiha 2035-yilgacha to‘liq yakunlanadi. Xalqaro ekspertlar qo‘shimcha himoya to‘g‘onini qurish zaruratini ko‘rib chiqmoqda.

Batafsil — https://daryo.uz/Fvr465UDR

👉 Obuna bo‘ling — @daryo"
@daryo,135693,2026-08-18 12:05:48,55784,12,"**Prezident taqdirlangan bir guruh tadbirkorlarga mukofotlarni topshirdi (foto)**

Shavkat Mirziyoyev tashabbusi bilan shakllangan anʼanaga muvofiq, har yili ilgʻor tadbirkorlar yuksak mukofotlari bilan taqdirlanib kelmoqda. Joriy yil ham nomzodlarni tanlashda ishlab chiqarish va eksportni koʻpaytirish, investitsiya jalb qilish, aholi bandligi va farovonligini taʼminlash, shuningdek, ijtimoiy hayotda faol ishtirok etishda aniq natija koʻrsatayotgan tadbirkorlarga alohida eʼtibor qaratildi.

Batafsil — https://daryo.uz/82XtMpUDR

👉 Obuna bo'ling — @daryo"
@daryo,135694,2026-08-18 12:29:11,62683,550,"**“Kelasi haftadan abituriyentlarga 6-yo‘nalishni tanlash imkoniyati berilishi rejalashtirilmoqda” — Sardor Rajabov
**
Oliy taʼlim vaziri o‘rinbosarining aytishicha, endi talabgor bo‘sh o‘rin qolgan 6-oliygoh va yo‘nalishni ham tanlashi mumkin bo‘ladi.

Batafsil — [https://daryo.uz/Kdahdsl](https://daryo.uz/2026/08/18/kelasi-haftadan-abituriyentlarga-6-yonalishni-tanlash-imkoniyati-berilishi-rejalashtirilmoqda-sardor-rajabov)

👉 Obuna bo'ling — @daryo"
@daryo,135695,2026-08-18 12:53:16,54413,22,"**O‘zbekistonda dollar kursi ketma-ket to‘rtinchi kun tushdi**

Markaziy bank xorijiy valyutalarning o‘zbek so‘miga nisbatan 19-avgustda amalda bo‘ladigan qiymatini eʼlon qildi.

Batafsil — https://daryo.uz/6vb84t8vg

👉 Obuna bo'ling — @daryo"
@daryo,135696,2026-08-18 13:11:41,57342,24,"**Shavkat Mirziyoyev Urganch—Xiva pulli avtomobil yo‘lida yurib ko‘rdi**

Shu bilan prezidentning Xorazm viloyatiga tashrifi yakunlandi, davlat rahbari Toshkentga jo‘nab ketdi.

Batafsil — https://daryo.uz/GrTMSpUDg

👉 Obuna bo'ling — @daryo"
@daryo,135698,2026-08-18 13:41:36,54638,1,"**Asakabank va Mastercard avtomobil, sayohatlar hamda pul mukofotlari yutuqli o’yinini boshladi**

Batafsil — https://daryo.uz/RhRmWt8Dg

Reklama"
@daryo,135699,2026-08-18 13:52:06,63803,322,"**O‘zbekistonda o‘qishdan yiqilgan abituriyetlarga yana bir imkoniyat beriladi**

Oliy ta’lim, fan va innovatsiyalar vazirligida 2026/2027-o‘quv yili uchun oliy ta’lim muassasalariga qabul jarayonlarining yakuniy natijalariga bag‘ishlangan matbuot anjumani bo‘lib o‘tdi.

Unda qabul jarayonining yakuniy ko‘rsatkichlari, abituriyentlarning tanlovi, grant va to‘lov-kontrakt asosida talabalikka tavsiya etilganlar, shuningdek, mandatdan keyingi imkoniyatlar haqida ma’lumot berildi.

👉 Obuna bo'ling — @daryo"
@daryo,135700,2026-08-18 14:15:01,56007,1,"**Bashar Asadning yana bir amakivachchasi o‘limga hukm qilindi**

46 yoshli Vasim Asad qariyb 14 yillik fuqarolar urushi davrida sodir etilgan vahshiyliklarda aybdor deb topildi. U sobiq hokimiyatga sodiq ikkita qurolli guruh tuzgani aniqlandi. Bu guruhlar Damashq yaqinidagi qonli hujumlarda qatnashgan.

Batafsil — https://daryo.uz/Rs947pUDR

👉 Obuna bo‘ling — @daryo"
@daryo,135701,2026-08-18 14:49:02,58520,2,"**Toshkentda Shahrisabz ko‘chasidagi BRT yo‘lagining birinchi qismi 31-avgustgacha topshiriladi**

Ushbu yo‘lakda katta sig‘imli va og‘ir avtobuslar muntazam harakatlanishi hisobga olinib, yo‘l asosining mustahkamligiga alohida e’tibor qaratilmoqda.

Batafsil — https://daryo.uz/-xQdKt8Dg

👉 Obuna bo'ling — @daryo"
@daryo,135702,2026-08-18 15:15:33,57032,37,"**“Natija boʻlmasa, oʻquvchini maktabdan chetlashtiramiz”. Zamonaviy fanlarni oʻqitadigan Lumos Mind maktabi haqida**

Batafsil — [https://daryo.uz/RhRmWt8Dg](https://daryo.uz/2026/08/18/natija-bolmasa-oquvchini-maktabdan-chetlashtiramiz-zamonaviy-fanlarni-oqitadigan-lumos-mind-maktabi-haqida)

Reklama"
@daryo,135703,2026-08-18 15:26:01,57709,12,"**Filippindagi maktabda o‘quvchi jonli efirda otishma uyushtirdi (video)**

Oqibatda 10-sinf o‘quvchisi halok bo‘ldi va yana ikki kishi jarohatlandi. Hujumchi voqeani tanasiga o‘rnatilgan kamera orqali ijtimoiy tarmoqda ulashdi.

Batafsil — https://daryo.uz/VhxaitUvR

👉 Obuna bo'ling — @daryo"
@daryo,135704,2026-08-18 16:00:01,57988,11,"**O‘zbekistonda intellektual mulk huquqlarini garovga qo‘yishga ruxsat berilishi mumkin**

Patent vakillarining intellektual mulk obyektlariga oid shartnomalarni rasmiylashtirish va vakillik qilish bo‘yicha vakolatlari kengaytirilishi belgilanmoqda.

Batafsil — https://daryo.uz/sbSqFpUvg

👉 Obuna bo‘ling — @daryo"
@daryo,135705,2026-08-18 16:30:48,58177,2,"**Suriya Isroilni harbiy aerodromga zarba berishda aybladi**

Abu Duhur obyektiga berilgan ketma-ket sakkizta zarba oqibatida aeroport infratuzilmasiga moddiy zarar yetgan. Ammo qurbon va yaradorlar yo‘q.

Batafsil — https://daryo.uz/dekXVtUDR

👉 Obuna bo‘ling — @daryo"
@daryo,135706,2026-08-18 17:00:38,58309,26,"**Turkiyada shubhali pul o‘tkazmalari ishi bo‘yicha 10 ga yaqin o‘zbekistonlikka nisbatan tergov olib borilmoqda**

Ularning ayrimlari sud qaroriga asosan jazoni ijro etish muassasasida, ayrimlari deportatsiya markazida saqlanmoqda. Yana bir qismi mamlakat hududidan chiqmaslik sharti bilan ozod etilib, tergov harakatlari davom ettirilmoqda.

Batafsil — https://daryo.uz/cpVETpUDg

👉 Obuna bo'ling — @daryo"
@daryo,135707,2026-08-18 17:25:54,58502,14,"**Rossiyada tadbirkorlar Ukraina urushini moliyalashtirish uchun qariyb 4,5 mlrd dollar ajratdi**

Putin mart oyida tadbirkorlar bilan uchrashuv o‘tkazib, ulardan g‘aznaga ixtiyoriy ravishda mablag‘ o‘tkazishni so‘ragan edi.

Batafsil — https://daryo.uz/OoYtAp8DR

👉 Obuna bo'ling — @daryo"
@daryo,135708,2026-08-18 17:44:01,58170,1,"**Superliga. “So‘g‘diyona” o‘z maydonida “Qizilqum”ni mag‘lub etdi, “Buxoro” yirik hisobda “Neftchi” ustidan g‘alaba qozondi**

Futbol bo‘yicha O‘zbekiston Superligasining 18-tur uchrashuvlari doirasida qiziqarli o‘yinlar bo‘lib o‘tdi.

Batafsil — https://daryo.uz/0TlaYpUDR

👉 Obuna bo'ling — @daryo"
@daryo,135709,2026-08-18 18:13:13,59585,105,"**O‘zbekistonda yarim yilda 70 yoshdan oshgan 29 nafar erkak ota bo‘ldi**

2026-yilning yanvar-iyun oylarida mamlakatda 373 389 ta tirik tug‘ilish qayd etildi.

Batafsil — https://daryo.uz/BJr0JtUvR

👉 Obuna bo'ling — @daryo"
@daryo,135710,2026-08-18 18:50:02,62010,1,"**18-avgust kuni e’lon qilingan yangiliklar dayjesti:**

• Banklarda valyuta oldi-sotdisi rekord darajada [o‘sdi](https://daryo.uz/2026/08/18/banklarda-valyuta-oldi-sotdisi-rekord-darajada-osdi)

• Abituriyentlar eng ko‘p tanlagan yo‘nalish va universitetlar [maʼlum qilindi](https://daryo.uz/2026/08/18/abituriyentlar-eng-kop-tanlagan-yonalish-va-universitetlar-malum-qilindi)

• Gruziyaning Poti portida quvvati 500 ming tonna bo‘lgan logistika markazi [ishga tushiriladi](https://daryo.uz/2026/08/18/gruziyaning-poti-portida-quvvati-500-ming-tonna-bolgan-logistika-markazi-ishga-tushiriladi)

• Korxonalar uchun elektr energiyasi va gaz uchun oldindan to‘lov 15 foizga [tushiriladi](https://daryo.uz/2026/08/18/korxonalar-uchun-elektr-energiyasi-va-gaz-uchun-oldindan-tolov-15-foizga-tushiriladi)

• Kichik biznes faoliyatida tekshiruvlarga 3 yilga moratoriy [e’lon qilinadi](https://daryo.uz/2026/08/18/kichik-biznes-faoliyatida-tekshiruvlarga-3-yilga-moratoriy-elon-qilinadi)

• Prezident taqdirlangan bir guruh tadbirkorlarga mukofotlarni [topshirdi](https://daryo.uz/2026/08/18/prezident-taqdirlangan-bir-guruh-tadbirkorlarga-mukofotlarni-topshirdi-foto)

• Turkiy davlatlar arxeologik yodgorliklarning yagona raqamli bazasini [yaratadi](https://daryo.uz/2026/08/18/turkiy-davlatlar-arxeologik-yodgorliklarning-yagona-raqamli-bazasini-yaratadi)

👉 Obuna bo‘ling — @daryo"
@daryo,135711,2026-08-19 03:00:01,57743,6,"**O‘zbekistonda kuzatilmaydigan iqtisodiyot hajmi yarim yilda 245 trln so‘mni tashkil etdi**

Uning YIMdagi ulushi 22,9 foizni tashkil etgan. Ushbu ko‘rsatkich uy xo‘jaliklari va jismoniy shaxslar faoliyati hamda yashirin iqtisodiyot hissasidan shakllangan.

Batafsil — https://daryo.uz/GPEr1p8Dg

👉 Obuna bo'ling — @daryo"
@daryo,135712,2026-08-19 03:30:08,58774,25,"**“Milliy sertifikat bilan OTMga kirgan talabalarning qariyb 60 foizi a’lo baholarga o‘qimoqda” — vazir o‘rinbosari**

Imtiyoz asosida OTMga kirgan talabalarning o‘zlashtirishi ham tahlil qilingan. Dastlabki ma’lumotlarga ko‘ra, imtiyoz bilan qabul qilinganlar orasida eng yuqori natijalarni ko‘rsatayotganlar xotin-qizlar bo‘lgan.

Batafsil — https://daryo.uz/OTx5QtUDg

👉 Obuna bo'ling — @daryo"
@daryo,135713,2026-08-19 04:00:01,57631,10,"**Toshkent aeroportida fuqaro kannabis moyini yashirincha olib o‘tmoqchi bo‘ldi**

U oziq-ovqat mahsulotlari niqobi ostida 978 gramm kannabis moyi va tarkibida psixofaol modda bo‘lgan taxminiy og‘irligi yarim kiloni tashkil etuvchi qo‘ziqorinlarni sotish maqsadida olib kelgan.

Batafsil — https://daryo.uz/Jlnf828vg

👉 Obuna bo'ling — @daryo"
@daryo,135714,2026-08-19 04:30:39,56757,11,"**Ukraina sobiq mudofaa vaziri prezidentlik saylovlarini o‘tkazishga chaqirdi**

Mixail Fedorov urush sharoitida saylovlar o‘tkazish murakkab, ammo imkonsiz emasligini ma’lum qildi.

Batafsil — https://daryo.uz/DQKU_28Dg

👉 Obuna bo'ling — @daryo"
@daryo,135715,2026-08-19 05:01:40,58201,35,"**Rossiya AQSHga qarshi urush uchun Eronga o‘q-dori yetkazib berishni boshladi**

Tehron qurol zaxiralarini tiklashga kirishdi. Rossiyadan yetkazilayotgan harbiy yuklar Kaspiy dengizi orqali Qo‘shma Shtatlar va Isroil nazoratini chetlab o‘tmoqda.

Batafsil — https://daryo.uz/xO1fxpUDg

👉 Obuna bo'ling — @daryo"
@daryo,135716,2026-08-19 05:31:50,55997,37,"**Qozog‘istonda 19 yoshli o‘zbekistonlik ayol o‘lik holda topildi**

Marhuma o‘limidan avval dugonasiga turmush o‘rtog‘i bilan shirinlik ustida janjallashgani, eri unga qo‘l ko‘targani va uyidan ketmoqchi bo‘lganini aytgan. Holat yuzasidan tergov davom etmoqda.

Batafsil — https://daryo.uz/z2VWeh8vg

👉 Obuna bo'ling — @daryo"
@daryo,135717,2026-08-19 06:05:25,55874,25,"**O‘zbekiston oliygohlarida Qozog‘iston, Qirg‘iziston, Tojikiston va Mo‘g‘uliston fuqarolariga 70 ta grant ajratildi**

Ushbu davlat fuqarolari uchun ta’lim o‘zbek va rus tillarida olib boriladi. Nomzodlar tanlangan ta’lim tilini bilishini namoyish etishi va mutaxassislik fanlaridan sinovdan o‘tishi lozim.

Batafsil — https://daryo.uz/bn4zRo8DR

👉 Obuna bo'ling — @daryo"
@daryo,135718,2026-08-19 06:30:01,58919,21,"**“Yopiq aylana”. Nega yangi top-klublar paydo bo‘lmaydi?**

Angliyada an’anaviy “Top-6” degan tushuncha mavjud bo‘lib, so‘nggi yillarda moliyaviy cheklovlar tufayli bunday ro‘yxatga yangi jamoalarning qo‘shilishi imkonsiz bo‘lib qolmoqda. “Daryo” kolumnisti Qahramon Aslanov o‘z maqolasida nima uchun bugungi kunda yangi top-klublar paydo bo‘lmayotgani, moliyaviy feyr-pley qoidalari va “yopiq aylana” muammosi haqida so‘z yuritadi.

Batafsil — https://daryo.uz/9FTyzoUvg

👉 Obuna bo'ling — @daryo"
@daryo,135719,2026-08-19 07:04:21,54792,22,"**Toshkentda Ma’vo turar joy majmuasi sotuvi rasman boshlandi**

Batafsil — [https://daryo.uz/RhRmWt8Dg](https://daryo.uz/2026/08/19/toshkentda-mavo-sotuvi-boshlandi)

Reklama"
@daryo,135720,2026-08-19 07:15:21,54960,78,"**Endi uylarni “rassrochka”ga olib bo‘lmaydimi?**

Adliya vazirligi bunga aniqlik kiritib, uylarni bo‘lib-bo‘lib to‘lashga olish cheklanayotgani haqidagi xabarlarni rad etdi.

Batafsil — https://daryo.uz/4NSiMTUDg

👉 Obuna bo'ling — @daryo"
@daryo,135721,2026-08-19 07:35:33,54602,21,"**O‘zbekistonda 20-avgustda qanday ob-havo kutilayotgani ma’lum qilindi**

Payshanba kuni ham quruq ob-havo bo‘lishi, harorat 43 darajagacha ko‘tarilishi prognoz qilingan.

Batafsil — https://daryo.uz/AUxCkTUDR

👉 Obuna bo'ling — @daryo"
@daryo,135722,2026-08-19 08:00:45,55590,88,"**“Imperiya taqdiri senga bog‘liq”. Botayotgan yapon quyoshining so‘nggi uchquni — kamikadzelar kimlar edi?**

Perl Harbor bandargohiga uyushtirilgan hujum shunchaki bir davlatning boshqasiga bosqini emasdi. U sayyoraning eng qudratli davlatini urushga tortib, kunchiqar imperiyaning yakuni uchun teskari sanoq boshlagan yirik amaliyot edi. Ammo yaponlar ham taslim bo‘lishni xohlamasdi. Amerikaliklar Tinch okeanida nazoratni qo‘lga olgan bir vaqtda ular bunga qarshi turish uchun g‘ayrioddiy usulni joriy qilishdi. Gap kamikadzelar haqida.

Batafsil — https://daryo.uz/9v-AT5UDR

👉 Obuna bo'ling — @daryo"
@daryo,135723,2026-08-19 08:30:25,56147,13,"**Tramp kuzda Kim Chen In bilan uchrashmoqchi — WSJ**

Xalqaro yetakchilar jami uch marta muzokara olib borgan. Yaqinda Tramp Kim bilan yaxshi aloqalari sabab Janubiy Koreya bilan harbiy mashg‘ulotni qisqartirib, undan 10 mlrd dollar tovon puli talab qilgandi.

Batafsil — https://daryo.uz/4eSLHTUvR

👉 Obuna bo‘ling — @daryo"
@daryo,135724,2026-08-19 09:00:35,56355,12,"**Toshkent hayvonot bog‘ida sher va jayralarga tosh otgan erkak jarimaga tortildi**

Hayvonot bog‘i ma’muriyati hayvonlarga nisbatan shu kabi shafqatsiz yoki nomaqbul munosabat guvohi bo‘lganlardan bu haqda xabar berishga chaqirdi.

Batafsil — https://daryo.uz/pB2bvo8DR

👉 Obuna bo‘ling — @daryo"
@daryo,135725,2026-08-19 09:39:19,56543,10,"**Maktab bozorlarida narxlarni asossiz oshirmaslik so‘raldi**

Raqobat qo‘mitasi maktab bozorlarida faoliyat yuritayotgan tadbirkorlarga ogohlantirish bilan chiqdi.

Batafsil — https://daryo.uz/FRyFmoUDR

👉 Obuna bo'ling — @daryo"
@daryo,135726,2026-08-19 10:06:11,57155,23,"**Telegram foydalanuvchilar uchun shaxsiy domen nomini ro‘yxatdan o‘tkazishga ariza berdi**

Bu foydalanuvchilarga messenjer negizida o‘z saytlarini yaratish imkonini berishi kutilmoqda.

Batafsil — https://daryo.uz/FDnbVT8DR

👉 Obuna bo'ling — @daryo"
@daryo,135727,2026-08-19 10:45:29,54462,4,"**Orzudagi avtomobil — kredit miqdori cheklovisiz**

Batafsil — [https://daryo.uz/RhRmWt8Dg](https://daryo.uz/2026/08/19/orzudagi-avtomobil-kredit-miqdori-cheklovisiz)

Reklama"
@daryo,135728,2026-08-19 10:55:29,56835,65,"**Bola yelkasidagi yuk: maktab o‘quvchilari sumkasi qancha og‘irlikda bo‘lishi kerak?**

Mutaxassislar o‘quvchilar sumkasining umumiy og‘irligi bola vaznining 10-15 foizidan oshmasligi kerakligini ta’kidlaydi. Biroq O‘zbekistondagi maktab o‘quvchilarining sumkasi yildan yilga og‘irlashishi ota-onalarning jiddiy e’tirozlariga sabab bo‘lmoqda. “Daryo” sumkalarning me’yordan og‘ir bo‘lishi keltirib chiqarishi mumkin bo‘lgan muammolar va ularni bartaraf etish choralari xususidagi ma’lumotlarni jamladi.

Batafsil — https://daryo.uz/V-55ZoUvR

👉 Obuna bo‘ling — @daryo"
@daryo,135729,2026-08-19 11:25:26,56630,23,"**Qozog‘istonda havo harorati 111 yillik rekordni yangiladi**

Iyul oyida qo‘shni respublikaning bir nechta shahrida harorat rekordlari qayd etildi. Eng jazirama issiq Turkistonda kuzatildi.

Batafsil — https://daryo.uz/TxIf2oUDg

👉 Obuna bo'ling — @daryo"
@daryo,135730,2026-08-19 11:56:58,55966,38,"**Toshkentda taksi haydovchisini shilqimlikda ayblagan ayol va uning ukasiga jinoyat ishi ochildi**

Mojaro haydovchi yo‘lovchining farzandi o‘rindiqni tepganidan shikoyat qilgani ortidan kelib chiqqan. Ayolning chaqirig‘i bilan yetib kelgan ukasi esa haydovchini shilqimlikda ayblab video olgan va tarmoqlarga tarqatgan.

Batafsil — https://daryo.uz/hiuhYoUDg

👉 Obuna bo'ling — @daryo"
@daryo,135731,2026-08-19 12:30:38,54191,1,"**Ukraina va Rossiya o‘rtasida 103 nafardan asir almashildi (video)**

Almashinuv doirasida tomonlar bedarak yo‘qolganlar ro‘yxati va asirlarning yaqinlaridan kelgan xatlarni bir-birlariga topshirdi.

Batafsil — https://daryo.uz/w4CfBTUDR

👉 Obuna bo'ling — @daryo"
@daryo,135732,2026-08-19 12:42:24,54656,71,"**O‘zbekistonda dollar 11800 so‘mdan pastladi**

Markaziy bank xorijiy valyutalarning o‘zbek so‘miga nisbatan 20-avgustda amalda bo‘ladigan qiymatini eʼlon qildi.

Batafsil — https://daryo.uz/QrBLUTUvg

👉 Obuna bo'ling — @daryo"
@daryo,135733,2026-08-19 13:05:01,54481,33,"**O‘zbekistonda kichik GESlar qurish soddalashtiriladi: kanal o‘zanlarini o‘zgartirish va auksionsiz yer ajratishga ruxsat beriladi**

Quvvati 100 kilovattgacha bo‘lgan mikro GESlarni loyihalash va qurish soddalashtirilgan tartibda amalga oshiriladi. 50 kilovattgacha bo‘lgan loyihalar shaharsozlik hujjatlari ekspertizasi va davlat arxitektura-qurilish nazoratidan to‘liq ozod etiladi.

Batafsil — https://daryo.uz/NgWWUo8Dg

👉 Obuna bo'ling — @daryo"
@daryo,135734,2026-08-19 13:36:17,55478,10,"**InfinBANK ko‘magida Qoraqalpog‘istondagi 101 yosh oila yangi uyli bo‘ldi**

19-avgust kuni Qoraqalpog‘istonda uy-joy sharoitini yaxshilashga muhtoj 101 yosh oilaga yangi xonadonlar kaliti topshirildi.

Batafsil — https://daryo.uz/tO1JQo8Dg

Reklama"
@daryo,135735,2026-08-19 13:47:01,55423,22,"**Banklardan qarz olganlarning 29 foizida bittadan ortiq kredit mavjud — Markaziy bank**

Regulyator ilk bor moliyaviy ommaboplikka oid hisobot eʼlon qildi. Unda yozilishicha, Oʻzbekistonda bankdan qarz oluvchining bir nechta kreditdan foydalanish amaliyoti keng tarqalgan.

Batafsil — https://daryo.uz/0gXSETUvR

👉 Obuna bo‘ling — @daryo"
@daryo,135736,2026-08-19 14:18:11,56320,12,"**O‘zbekistonda yangi o‘quv yilidan kichik quvvatli “yashil” energetika yo‘nalishlarida dual ta’lim joriy etiladi**

Energetika korxonalari, jumladan, kichik gidroenergetika obyektlari talabalar uchun amaliyot bazasi sifatida belgilanadi.

Batafsil — https://daryo.uz/RKB6Xo8vR

👉 Obuna bo'ling — @daryo"
@daryo,135737,2026-08-19 14:45:01,56962,24,"**O‘zbekiston Qirg‘iziston qoramolining asosiy xaridoriga aylandi**

Olti oy ichida Bishkek xorijga 14,8 ming boshdan ortiq qoramol sotgan bo‘lsa, bu partiyaning deyarli barchasini o‘zbekistonliklar xarid qildi.

Batafsil — https://daryo.uz/N4G0Po8Dg

👉 Obuna bo‘ling — @daryo"
@daryo,135738,2026-08-19 15:15:34,56338,3,"**Evos — 20 yil unutilmas ta’m: avlodlarni birlashtiruvchi yubiley kombolarning ikki to’plami**

Evos tezkor ovqatlanish restoranlar tarmog‘i brendning 20 yilligiga bag‘ishlangan yubiley kampaniyasini ishga tushirdi.

Batafsil — [https://daryo.uz/evos](https://daryo.uz/2026/08/19/evos-20-yil-unutilmas-tam-avlodlarni-birlashtiruvchi-yubiley-kombolarning-ikki-toplami)

Reklama"
@daryo,135739,2026-08-19 15:26:01,57761,23,"**Portugaliyada yuzni butunlay yopib yurish taqiqlandi**

Prezident mamlakatda jamoat joylarida yuzni berkitishni taqiqlovchi “burqa qonuni”ni rasman tasdiqladi. Unga bo‘ysunmaganlar 3 ming yevrogacha jarimaga tortiladi.

Batafsil — https://daryo.uz/9SC-UoUvR

👉 Obuna bo'ling — @daryo"
@daryo,135740,2026-08-19 15:59:56,57433,24,"**Navoiyda niqob taqib, xonadonga pichoq bilan bostirib kirgan erkak 15 yilga qamaldi**

U charm tasma yordamida shu xonadonda yashovchi qizning qo‘l-oyoqlarini bog‘lab, pichoq bilan qo‘rqitgan va pul qayerdaligini so‘ragan. Sudda erkak o‘z qilmishidan pushaymonligini bildirib, kechirim so‘radi.

Batafsil — https://daryo.uz/WXx9zA8vg

👉 Obuna bo'ling — @daryo"
@daryo,135742,2026-08-19 16:32:20,56663,11,"**Rossiyada Kennedining Ukraina uchun jang qilgan qarindoshi sirtdan hibsga olindi**

AQSH sog‘liqni saqlash vazirining o‘g‘li Konor Kennedi Ukraina armiyasi safida yollanma askar sifatida urushda qatnashganlikda ayblanmoqda. U 10 yilgacha qamoqqa hukm qilinishi mumkin.

Batafsil — https://daryo.uz/Mcn8zAUDg

👉 Obuna bo‘ling — @daryo"
@daryo,135743,2026-08-19 17:05:19,55437,18,"**Toshkentda maktabgacha ta’limni rivojlantirish bo‘yicha mintaqaviy markaz tashkil etiladi**

Markaz maktabgacha ta’lim sohasida pedagog kadrlarni qayta tayyorlashda yangi yondashuvlar bo‘yicha takliflar ishlab chiqadi, xalqaro trening, seminar va konferensiyalar tashkil etadi.

Batafsil — https://daryo.uz/Pzuf708vR

👉 Obuna bo‘ling — @daryo"
@daryo,135744,2026-08-19 17:43:31,55072,29,"**Shri Lankada arxeologlar Buddaning 17 ta oltin haykalini qazib oldi**

YUNESKOning Butunjahon merosi ro‘yxatiga kiritilgan qadimiy ibodatxonadan topilgan bu eksponatlarning yoshi 1300 yilga teng deb hisoblanmoqda. Ular so‘nggi 30 yillikdagi eng qimmatli topilma deb baholandi.

Batafsil — https://daryo.uz/dj_AR08vg

👉 Obuna bo'ling — @daryo"
@daryo,135745,2026-08-19 18:15:01,55402,32,"**O‘zbekistonda doimiy yashash joyiga ega bo‘lmagan shaxslarni vaqtincha boshpana bilan ta’minlash tartibi belgilandi**

Shaxslarni ijtimoiy moslashtirish jarayonini monitoring qilish, amalga oshirilgan ishlar bo‘yicha ma’lumotlarni shakllantirish va mas’ul xodimlarning javobgarligini belgilash mexanizmlari joriy etiladi.

Batafsil — https://daryo.uz/X806IAUvR

👉 Obuna bo'ling — @daryo"
@daryo,135746,2026-08-19 18:40:37,58465,3,"**19-avgust kuni e’lon qilingan yangiliklar dayjesti:**

• Maktab bozorlarida narxlarni asossiz oshirmaslik [so‘raldi](https://daryo.uz/2026/08/19/maktab-bozorlarida-narxlarni-asossiz-oshirmaslik-soraldi)

• Telegram foydalanuvchilar uchun shaxsiy domen nomini ro‘yxatdan o‘tkazishga [ariza berdi](https://daryo.uz/2026/08/19/telegram-foydalanuvchilar-uchun-shaxsiy-domen-nomini-royxatdan-otkazishga-ariza-berdi)

• Podyezdlarga konditsioner qurilmalarini o‘rnatish [taqiqlanadi](https://daryo.uz/2026/08/19/podyezdlarga-konditsioner-qurilmalarini-ornatish-taqiqlanadi)

• O‘zbekistonda kichik GESlar qurish soddalashtiriladi: kanal o‘zanlarini o‘zgartirish va auksionsiz yer ajratishga [ruxsat beriladi](https://daryo.uz/2026/08/19/ozbekistonda-kichik-geslar-qurish-soddalashtiriladi-kanal-ozanlarini-ozgartirish-va-auksionsiz-yer-ajratishga-ruxsat-beriladi)

• O‘zbekiston Qirg‘iziston qoramolining asosiy xaridoriga [aylandi](https://daryo.uz/2026/08/19/ozbekiston-qirgiziston-qoramolining-asosiy-xaridoriga-aylandi)

• Portugaliyada yuzni butunlay yopib yurish [taqiqlandi](https://daryo.uz/2026/08/19/portugaliyada-yuzni-butunlay-yopib-yurish-taqiqlandi)

• Vogue jurnali dunyodagi eng zamonaviy itni [aniqladi](https://daryo.uz/2026/08/19/vogue-jurnali-dunyodagi-eng-zamonaviy-itni-aniqladi)

👉 Obuna bo‘ling — @daryo"
@daryo,135747,2026-08-20 03:00:31,51938,29,"**Moliyaviy jarimalar ustidan shikoyat qilish va noqonuniy undirilgan mablag‘larni qaytarish tartibi belgilanadi**

Jarima qo‘llash to‘g‘risidagi qarorlar ustidan yuqori turuvchi organga yoki sudga shikoyat qilish mumkin bo‘ladi. Qonunga xilof ravishda undirilgan mablag‘larni esa o‘z vaqtida va to‘liq qaytarish mexanizmi belgilanadi.

Batafsil — https://daryo.uz/_izqFA8Dg

👉 Obuna bo‘ling — @daryo"
@daryo,135748,2026-08-20 03:38:23,51570,26,"**Hindistonda tushligiga kir yuvish kukuni qo‘shib berilgan o‘quvchilar kasalxonaga tushib qoldi**

Davlat maktabida tuz so‘ragan bolalarga adashib kir yuvish vositasi berilgan. Oqibatda kamida 34 nafar o‘quvchi zaharlangan.

Batafsil — https://daryo.uz/58_XSA8vR

👉 Obuna bo'ling — @daryo"
@daryo,135749,2026-08-20 04:10:13,48958,10,"**Isroil G‘azoda 5 yashar qizning o‘ldirilishi bo‘yicha harbiylariga jinoiy ish ochadi**

Armiya urush davrida yuz bergan 150 ta hodisa bo‘yicha tekshiruvlarni yakunladi. Ikkita holat bo‘yicha jinoiy ish ochiladi. Ulardan birida 13 nafar tibbiyot xodimi halok bo‘lgandi.

Batafsil — https://daryo.uz/WVZu518DR

👉 Obuna bo'ling — @daryo"
@daryo,135750,2026-08-20 04:40:22,47614,11,"**Toshkent va Farg‘onada umraga yuborishini aytib, firibgarlik qilganlar ushlandi**

Ulardan biri tegishli litsenziyaga ega bo‘lmagan holda, uch kishini safarga yuborish uchun 3450 dollar, ikkinchisi  to‘rt kishini umraga yuborish uchun 4200 dollar talab qilgan. Pullarni olayotganida qo‘lga tushgan.

Batafsil — https://daryo.uz/M96-tJUDR

👉 Obuna bo'ling — @daryo"
@daryo,135751,2026-08-20 05:15:01,46482,13,"**Tramp Eronga qarshi “qaqshatqich iqtisodiy operatsiya” boshladi**

AQSH prezidenti Eronga yordam beradigan har qanday davlat ham “iqtisodiy oqibatlarga duch kelishi”dan ogohlantirdi. BAA bir kun avval Eron bilan barcha savdo va moliyaviy operatsiyalarni to‘xtatgandi.

Batafsil — https://daryo.uz/q4qu21UDg

👉 Obuna bo'ling — @daryo"
@daryo,135752,2026-08-20 05:32:39,45647,10,"**Biznesni rivojlantirish bankidan oson kredit**

Endi YTT va yuridik shaxslar shaxsiy mulkini sotib yubormasdan, uni garovga qo‘ygan holda biznesni kengaytirish yoki aylanma mablag‘ni to‘ldirish uchun kredit olishlari mumkin.

Ariza topshirish uchun minimal hujjatlar yetarli, qaror esa qisqa muddatda qabul qilinadi.

[Kredit shartlari haqida batafsil bu yerda tanishing](https://brb.uz/kreditlar/baraka-xazinasi)

Reklama"
@daryo,135753,2026-08-20 05:43:20,45039,40,"**Surxondaryoda order so‘rab kelgan ayolga shilqimlik qilgan tibbiyot xodimi 3 sutkaga qamaldi**

Sudda erkak aybiga iqror bo‘lib, hozirda ishdan bo‘shaganini, qilgan ishidan pushaymonligini bildirib, yengillik berishni so‘ragan.

Batafsil — https://daryo.uz/l7fWTJ8Dg

👉 Obuna bo‘ling — @daryo"
@daryo,135754,2026-08-20 06:08:22,44146,10,"**Ukrainada korrupsiya mojarosi: Zelenskiy o‘z ofisining rahbari o‘rinbosarini ishdan oldi**

Korrupsiyaga qarshi kurashuvchi organlar siyosiy arboblar boshchiligidagi jinoiy tashkilotni fosh etdi. Irina Mudrayaning uyida tintuv o‘tkazildi.

Batafsil — https://daryo.uz/0_25A1UvR

👉 Obuna bo'ling — @daryo"
@daryo,135755,2026-08-20 06:20:01,44745,10,"**Senat Xorazm mahallalarida ishsizlik va kambag‘allikni qisqartirishning yangi tizimini joriy etadi**

Oliy Majlis Senat raisi Tanzila Norboyeva Xorazm viloyatida “og‘ir” toifadagi mahallalarda ishsizlik va kambag‘allikni qisqartirish bo‘yicha ishlar bilan tanishdi. Senat tomonidan ishlab chiqilgan, deputatlik va jamoatchilik nazoratini kuchaytirishga qaratilgan yangi tizimning hududda joriy etilishi yuzasidan ham vazifalar belgilandi.

Batafsil — senat.uz

👉 Obuna bo'ling — @daryo"
@daryo,135756,2026-08-20 06:30:01,49270,612,"**O‘zbekistonda talabalar uchun darslar 7-sentyabrdan boshlanadi**

OTMga kirgan 1-bosqich talabalari uchun darslar 7-sentyabrdan, 2-bosqich va undan yuqori bosqich talabalari uchun esa 14-sentyabrdan o‘quv jarayonlari tashkil etiladi.

Batafsil — https://daryo.uz/ozttL18DR

👉 Obuna bo'ling — @daryo"
@daryo,135757,2026-08-20 07:06:47,44745,21,"**AQSH davlat qarzi tarixda ilk bor 40 trln dollardan oshdi**

Qarz miqdori Trampning ikkinchi prezidentlik muddatida birinchisiga qaraganda deyarli ikki baravar tezroq o‘smoqda.

Batafsil — https://daryo.uz/Zw-hf18Dg

👉 Obuna bo'ling — @daryo"
@daryo,135758,2026-08-20 07:26:21,45336,21,"**O‘zbekiston ikkinchi AES qurishga tayyorlanmoqda**

Prezident Shavkat Mirziyoyev ikkinchi atom elektr stansiyasi bo‘yicha ham katta tayyorgarlik ko‘rilayotganini ma’lum qildi.

Batafsil — https://daryo.uz/XthCxJUDR

👉 Obuna bo'ling — @daryo"
@daryo,135759,2026-08-20 07:45:13,43231,20,"**Bank to‘laydi. Ipoteka bank OTP Group 35 ta mikroqarzni o‘z hisobidan so‘ndiradi**

Batafsil — [https://daryo.uz/RhRmWt8Dg](https://daryo.uz/2026/08/20/bank-tolaydi-ipoteka-bank-otp-group-35-ta-mikroqarzni-oz-hisobidan-sondiradi)

Reklama"
@daryo,135760,2026-08-20 07:55:01,42625,20,"**O‘zbekiston tog‘li hududlarida 21-avgust kuni yomg‘ir yog‘ishi mumkin**

Juma kuni ayrim joylarda chang-to‘zon bo‘lishi prognoz qilingan. Eng issiq havo Qashqadaryo va Surxondaryo viloyatlarida kuzatiladi.

Batafsil — https://daryo.uz/bDhh8JUDR

👉 Obuna bo'ling — @daryo"
@daryo,135761,2026-08-20 08:25:47,41122,20,"**Toshkentda original Turk va Eron gilamlarini 30% chegirma bilan xarid qilish mumkinligini bilasizmi? **

**SAG Home Design** import kolleksiyalari savdosini e’lon qiladi — nafis naqshlar, noodatiy ranglar palitrasi va asrlar davomida sinalgan gilamdo‘zlik sifati.

Chegirmalar 20-avgustdan 15-sentyabrgacha SAG Home Design Toshkentdagi barcha filiallarda amal qiladi.

Call- markaz:1365 |[Instagram](https://sag.home.design/) |[Telegram](https://t.me/sagstore_channel)

Reklama"
@daryo,135762,2026-08-20 08:35:42,41441,10,"**Kichik GESlar qurishga mo‘ljallangan yerlarni “nol” qiymatda egallab olishga chek qo‘yiladi**

Shu kungacha o‘tkazilgan auksionlarda ayrim shaxslar stansiya qurib elektr energiyasi ishlab chiqarish o‘rniga, asosan yer egallash maqsadida obyektlarni “nol” qiymatda yutib olishi kuzatilgan. Energetika vazirining birinchi o‘rinbosari Umid Madaminovning ta’kidlashicha, bunday holatlarning oldini olish maqsadida auksionlarda tarif bo‘yicha eng kam miqdordagi summa belgilanadi.

Batafsil — https://daryo.uz/raR21J8DR

👉 Obuna bo'ling — @daryo"
@daryo,135763,2026-08-20 09:00:17,40847,22,"**Ukraina koloniyasidan tojikiston va qozog‘istonlik ikki harbiy asir qochib ketdi — OAV**

Rossiya armiyasi safida jang qilgan askarlar Xarkovdagi koloniyada saqlangan. Ular Ukraina askarini o‘ldirgach, uning quroli va mashinasida koloniyadan qochib ketgani aytilmoqda.

Batafsil — https://daryo.uz/jQGuU18Dg

👉 Obuna bo'ling — @daryo"
@daryo,135764,2026-08-20 09:24:17,40241,62,"**Toshkent uzra bir necha kun laboratoriya samolyoti uchadi**

Tekshiruv jarayonida samolyotlar poytaxt uzra turli yoʻnalish va manyovrlarda parvoz qilishi, bir hudud ustidan bir necha bor uchib oʻtib, odatdagidan farqli manyovrlar qilishi mumkin. Aholidan xavotirlanmaslik so‘raldi.

Batafsil — https://daryo.uz/ptup618Dg

👉 Obuna bo'ling — @daryo"
@daryo,135765,2026-08-20 09:56:30,38743,23,"**“AQSHda ham hali bunaqa erkinlik berilmadi” — Amerikada 16 yildan beri yashab kelayotgan tadbirkor**

AQSHdagi “Neksus layn” korxonasi ta’sischisi Nurmuhammad Otaxo‘jayev prezidentning tadbirkorlar bilan o‘tkazgan uchrashuvida so‘zga chiqdi. U Amerikada ham hali tadbirkorlarga bunaqa imkoniyatlar berilmayotganini ta’kidlab, o‘zi rahbarlik qiladigan kompaniya Xorazm hamda O‘zbekistonning boshqa viloyatlariga ham kirib borishini bildirdi.

Batafsil — https://daryo.uz/1hYGYJ8vg

👉 Obuna bo‘ling — @daryo"
@daryo,135766,2026-08-20 10:25:16,37220,11,"**Tojikistonda turizm solig‘i joriy etiladi**

Mablag‘ Turizmni rivojlantirish fondiga yo‘naltiriladi. Yig‘imlar fuqarolar va xorijiy sayyohlarning turpaketlaridan undiriladi.

Batafsil — https://daryo.uz/Lu4dRb8Dg

👉 Obuna bo‘ling — @daryo"
@daryo,135767,2026-08-20 10:45:17,34806,2,"**Tenge Bank UZCARD Moment kartasini ishga tushirdi — endi kartani kutish shart emas**

Batafsil — [https://daryo.uz/RhRmWt8Dg](https://daryo.uz/2026/08/20/tenge-bank-uzcard-moment-kartasini-ishga-tushirdi-endi-kartani-kutish-shart-emas)

Reklama"
@daryo,135768,2026-08-20 10:56:38,34489,11,"**“O‘ztransgaz” tizimida 35 mln kub metrgacha gaz sizib chiqishi aniqlandi**

Bunday holatlarning oldini olish uchun Jahon banki ishtirokida “Oʻzbekistonda gaz sizib chiqishlarini bartaraf etish mexanizmini yaratish” loyihasi amalga oshirilishi belgilandi.

Batafsil — https://daryo.uz/tACXGx8Dg

👉 Obuna bo'ling — @daryo"
@daryo,135769,2026-08-20 11:05:01,36892,153,"**Maktablarda darslar 2-sentyabrdan boshlanadi**

2026/2027-o‘quv yilida birinchi sinfga qabul qilinadigan 795 mingdan ortiq o‘quvchiga 12 nomdagi o‘quv qurollaridan iborat “Prezident sovg‘asi” tantanali topshiriladi.

Batafsil — https://daryo.uz/5Q9M7bUvR

👉 Obuna bo'ling — @daryo"
@daryo,135770,2026-08-20 11:33:23,33277,10,"**texnomart 18 yoshda: bayram aksiyasi 25-avgustga qadar amal qiladi!**

texnomart’da smartfon, noutbuk, televizor, muzlatkich va boshqa texnika:
— ustamasiz;
— boshlangʻich toʻlovsiz;
— 12 oyga boʻlib toʻlash asosida.

50' dyuym hajmli Samsung televizori — oyiga 624 000 soʻmdan, faqat pasport bilan.
**
Aksiya tugashiga 5 kun qoldi.**

[texnomart.uz](https://texnomart.uz/shops-map/) | @texnomart | 71-209-99-44 | @tm_support

Reklama"
@daryo,135771,2026-08-20 11:44:02,33894,0,"**Javohir Sindorov “Sinquefield Cup—2026” turnirida qancha ishlab topdi?**

O‘zbekistonlik grossmeyster AQSHning Sent-Luis shahrida bo‘lib o‘tgan musobaqani kuchli uchlikda yakunladi.

Batafsil — https://daryo.uz/xyqAVb8vg

👉 Obuna bo'ling — @daryo"
@daryo,135772,2026-08-20 12:05:39,30860,22,"**O‘zbekistondagi birinchi pulli avtomobil yo‘lida yo‘l haqi miqdori ma’lum qilindi**

Urganch—Xiva pulli avtomagistral bo‘ylab yo‘l haqini to‘lash sayti 25-avgustdan to‘liq ishga tushadi. Google Play va App Store’da ilovasi bo‘ladi.

Batafsil — https://daryo.uz/kj2NNbUDR

👉 Obuna bo'ling — @daryo"
@daryo,135773,2026-08-20 12:31:31,28142,0,"**Qashqadaryoda voyaga yetmagan haydovchi uch yashar bolani bosib ketdi**

17 yoshli haydovchi harakatni boshlayotib YTH sodir etgan. Viloyat YHXB holat yuzasidan qonuniy chora ko‘rilayotganini ma’lum qildi.

Batafsil — https://daryo.uz/o90sDb8Dg

👉 Obuna bo‘ling — @daryo"
@daryo,135774,2026-08-20 12:45:02,26331,20,"**O‘zbekistonda dollar kursi 5 kunlik tushishdan so‘ng ko‘tarildi**

Markaziy bank xorijiy valyutalarning o‘zbek so‘miga nisbatan 21-avgustda amalda bo‘ladigan qiymatini eʼlon qildi.

Batafsil — https://daryo.uz/S6qWKb8DR

👉 Obuna bo'ling — @daryo"
@daryo,135775,2026-08-20 13:01:02,26023,31,"**Tashkent City’da Chilla Fest!**

21–22-23-avgustda Tashkent City katta yozgi maydonga aylanadi. U yerda ajoyib hordiq uchun: salqin ichimliklar, muzqaymoq va ochiq osmon ostida musiqa.

Dasturda:
— interaktiv ko‘ngilochar o‘yinlar va mavzuga oid fotozonalar;
— promo-aksiyalar va sovrinli tanlovlar;
— DJ-setlar va kechki konsertlar.

Sahnada Rayhon, “Benom” guruhi va Dilnoza Hakimova kuylaydi.

Vaqt: 17:00 dan 22:00 gacha
Mo‘ljal: “Holiday Inn” mehmonxonasi

Fanta Park – bu yozning yana bir yorqin maskani. Toshkent va Namanganda mehmonlarni qiziqarli mashg‘ulotlar, ko‘ngilochar dasturlar va sovg‘alar kutmoqda.

Reklama"
@daryo,135776,2026-08-20 13:12:14,24822,2,"**Isroil Turkiya harbiylari Suriyadagi aviabazaga  joylashishiga yo'l qo'ymaslik uchun unga zarba berdi**

Turkiya o‘z qo‘shinlarni aviabazaga joylashtirishni ko‘zlamaganini ta’kidladi. AQSH Isroil hujumini “keraksiz eskalatsiya” deb baholadi. Suriya rasmiylari esa Turkiya aviabazaga qiziqish bildirgani, hujum oldi uning delegatsiyasi obyektda bo‘lganini aytmoqda.

Batafsil — https://daryo.uz/De8mMxUvg

👉 Obuna bo‘ling — @daryo"
@daryo,135777,2026-08-20 13:49:34,20275,11,"**Sudyalar oliy kengashi Jinoyat kodeksidan bitta moddani chiqarib tashlashni taklif qilmoqda**

Prezidentning 2025-yil noyabrdagi farmonida Sudyalar oliy kengashi, Oliy sud va Bosh prokuraturaga uch oy muddatda “adolatsiz hukm, hal qiluv qarori, ajrim yoki qaror chiqarganlik uchun javobgarlikni belgilovchi qonunchilik normalarini sud mustaqilligiga oid xalqaro standartlar asosida qayta ko‘rib chiqish” bo‘yicha tahliliy ma’lumotnoma kiritish topshirilgan.

Batafsil — https://daryo.uz/vLyWixUvg

👉 Obuna bo'ling — @daryo"
@daryo,135778,2026-08-20 14:11:35,17549,11,"**“Huquqiy asos bor”. Xorijiy tillarga ixtisoslashtirilgan maktab-internatida pulli sinflar tashkil etilishi haqida**

Ijtimoiy tarmoqlarda Toshkent shahrida yangi tashkil etilgan maktabda oylik to‘lovi 29 million so‘mgacha bo‘lgan pulli sinflar ochilishi haqidagi xabarlar tarqaldi. “Daryo” holat yuzasidan Ixtisoslashtirilgan ta’lim muassasalari agentligidan izoh oldi.

Batafsil — https://daryo.uz/0maepbUDR

👉 Obuna bo'ling — @daryo"
@daryo,135779,2026-08-20 14:33:00,13618,0,"**“O‘zbekiston temir yo‘llari” AJda tarif metodologiyasi muhokama qilindi**

2026-yil 20-avgust kuni “O‘zbekiston temir yo‘llari” AJda Jahon banki va vazirlik mutaxassislari ishtirokida yangi tarif metodologiyasi muhokama qilindi. Unda tariflarni shakllantirishning shaffof mexanizmlarini joriy etish, infratuzilmadan foydalanish samaradorligini oshirish va xorijiy investitsiyalarni jalb qilish masalalari ko‘rib chiqildi.

Maqsad — temiryo‘l tizimini iqtisodiy jihatdan mustaqil va raqobatbardosh qilish. Hujjatni yakunlash va tasdiqlash bo‘yicha keyingi amaliy qadamlar belgilandi.

**|**[**Site**](http://www.railway.uz/uz/)**|**[**Telegram**](https://t.me/uzrailways_uz)**|**[**Facebook**](https://www.facebook.com/uzrailway)**|**[**YouTube**](https://www.youtube.com/uzrailwaysuz)**|**[**Instagram**](https://www.instagram.com/uzrailways_uz)**|**[**X**](https://x.com/uzrailway_uz)

👉 Obuna bo‘ling — @daryo"
@daryo,135782,2026-08-20 14:45:07,11194,0,"**Maktab formasi va o‘quv qurollari uchun ota-onalar qancha pul sarfladi?**

Avgust ota-onalar uchun maktab xarajatlari oyiga aylanadi. Poytaxt bozorlarida maktabga tayyorgarlik avjiga chiqqan. Ayni paytda maktab uchun zarur mahsulotlarning narxi qancha? Ota-onalar bir bolani maktabga tayyorlash uchun o‘rtacha qancha mablag‘ sarflayapti? “Daryo” jurnalisti Chorsudagi maktab yarmarkasi va Chilonzor buyum bozorlaridagi vaziyatni o‘rgandi.

Batafsil — https://daryo.uz/PZzo-18DR

👉 Obuna bo‘ling — @daryo"
@daryo,135783,2026-08-20 15:15:48,1819,1,"**Xorazmda yil oxirigacha 39 ming nafar ishsiz fuqaro ish bilan ta’minlanadi**

Prezident rahbarligidagi yig‘ilishda kasb-hunarga o‘qitish tizimini mehnat bozori ehtiyojlari bilan bog‘lash, o‘rta maxsus va professional ta’lim muassasalarida amaliy tayyorgarlikni kuchaytirish vazifasi qo‘yildi.

Batafsil — https://daryo.uz/pD_PaxUvg

👉 Obuna bo'ling — @daryo"
@gazetauz,63373,2026-08-05 17:28:03,21793,114,"В Ташкенте началось преобразование территории вокруг резиденции «Оксарой» в открытый общественный парк. 

Здесь демонтируют почти 2 км ограждений, создадут новые входы, пешеходные маршруты и безбарьерную среду. 

По словам замхокима Ташкента Азизхона Шовкатова, 10 га парка намерены включить в «зелёный маршрут» Ташкента, который в перспективе охватит около 700 га. 

Он должен связать Magic City, парк «Анхор-Локомотив», Экопарк, Центральный парк имени Мирзо Улугбека, парк Абдуллы Кадыри, Центр исламской цивилизации и другие общественные пространства.

«Под зелёным маршрутом мы понимаем среду, в которой все парки Ташкента будут соединены между собой и люди смогут беспрепятственно переходить из одного в другой. Это часть нашей пятилетней программы», — сказал заместитель хокима.

https://www.gazeta.uz/ru/2026/08/05/oqsaroy/

[Telegram](https://t.me/gazetauz)  |  [Instagram](https://instagram.com/gazetauzb)  |  [YouTube](https://youtube.com/@GazetaUzb)"
@gazetauz,63375,2026-08-06 03:30:01,20734,89,"Хорезмская компания ARTATEX заявила о снижении экспорта и возможных проблемах с получением средств за продукцию, реализуемую через Wildberries.

«Причина всем известна: практически каждый день горит какой-нибудь склад Wildberries», — сказала руководительница компании Наргиза Бекмуратова.

Вице-премьер Жамшид Ходжаев сообщил, что в пятницу по этому вопросу проведут отдельное совещание. «Я уже разговаривал с руководством компании [Wildberries], они подключатся дистанционно», - сказал он.

По данным Wildberries, в 2025 году продажи товаров узбекского производства на маркетплейсе превысили $1,4 млрд.

В июле и августе логистические объекты и распределительные центры маркетплейса в различных регионах России подверглись серии массированных атак беспилотников из Украины.

https://www.gazeta.uz/ru/2026/08/05/wildberries/

[Telegram](https://t.me/gazetauz)  |  [Instagram](https://instagram.com/gazetauzb)  |  [YouTube](https://youtube.com/@GazetaUzb)"
@gazetauz,63376,2026-08-06 04:10:00,19914,33,"Почему одни люди способны причинять боль животным, а другие — нет? 

«Газета» поговорила с семейным психологом Софией Хасановой о том, что стоит за жестокостью, как детский опыт, окружение и отсутствие эмпатии влияют на такое поведение и можно ли его предотвратить.

https://www.gazeta.uz/ru/2026/08/05/cruelty-to-animals/

[Telegram](https://t.me/gazetauz)  |  [Instagram](https://instagram.com/gazetauzb)  |  [YouTube](https://youtube.com/@GazetaUzb)"
@gazetauz,63377,2026-08-06 04:32:00,19723,23,"Президент утвердил новую систему выявления и поддержки пострадавших от торговли людьми. 

Им гарантируют бесплатный минимальный пакет услуг, временное размещение, медицинскую помощь, обучение профессии и содействие в трудоустройстве. 

Для обращений заработает номер 1146. Ответственность в сфере усилят.

https://www.gazeta.uz/ru/2026/08/05/human-trafficking/

[Telegram](https://t.me/gazetauz)  |  [Instagram](https://instagram.com/gazetauzb)  |  [YouTube](https://youtube.com/@GazetaUzb)"
@gazetauz,63378,2026-08-06 05:40:34,19352,69,"В Узбекистане направят почти 900 млн долларов на развитие животноводства и птицеводства. 

Для увеличения производства планируется восстановить работу более 100 предприятий и импортировать скот из Европы, Монголии, Китая и Беларуси. 

Для фермеров и населения запустят цифровую платформу Smart Fermer.

https://www.gazeta.uz/ru/2026/08/05/livestock-farming/

[Telegram](https://t.me/gazetauz)  |  [Instagram](https://instagram.com/gazetauzb)  |  [YouTube](https://youtube.com/@GazetaUzb)"
@gazetauz,63379,2026-08-06 06:03:37,19250,13,"Мобильный оператор Ucell третий год подряд признан оператором с «Самым быстрым мобильным интернетом в Узбекистане» по результатам анализа данных Speedtest Intelligence. 

По итогам первого полугодия 2026 года компания также получила награду за «Самую лучшую мобильную сеть в Узбекистане» (реклама).

https://www.gazeta.uz/ru/2026/08/06/ucell/"
@gazetauz,63380,2026-08-06 06:10:00,19193,12,"Тренер сборной Узбекистана по футболу Фабио Каннаваро впервые после Чемпионата мира-2026 рассказал, почему не считает выступление команды провальным, и поделился планами её развития. 

Обозреватель «Газеты» Дмитрий Поваров сравнил слова итальянского специалиста со статистикой сборной на мундиале.

https://www.gazeta.uz/ru/2026/08/05/cannavaro/

[Telegram](https://t.me/gazetauz)  |  [Instagram](https://instagram.com/gazetauzb)  |  [YouTube](https://youtube.com/@GazetaUzb)"
@gazetauz,63381,2026-08-06 06:30:01,18861,29,"В июле в Узбекистане была зафиксирована дефляция в 0,1% за счёт сезонного снижения цен на плодоовощную продукцию, а годовая инфляция сохранилась на уровне 6,4% (самый высокий показатель — в Ташкенте). 

При этом бензин подорожал на 4,8%, включая рост цен высокооктановое топливо — на 10%.

Среди продуктов заметнее всего подорожали рис и рисовая сечка — на 5,9%, тогда как баклажаны, болгарский перец и помидоры подешевели на 24−42,8%. 

https://www.gazeta.uz/ru/2026/08/06/inflation/

[Telegram](https://t.me/gazetauz)  |  [Instagram](https://instagram.com/gazetauzb)  |  [YouTube](https://youtube.com/@GazetaUzb)"
@gazetauz,63382,2026-08-06 07:00:17,18662,49,"Средняя номинальная доходность депозитов в национальной валюте по итогам июня повысилась до 17,6% годовых после 17,1% в мае. 

При этом ставки по вкладам населения продолжили снижаться и достигли минимума с марта 2021 года — 19,2%. 

Реальная доходность сумовых вкладов населения, то есть номинальная ставка за вычетом инфляционных ожиданий, в июне составила 8,3%. Это на 0,4 процентного пункта ниже майского уровня, однако на 1,1 пункта выше, чем в июне прошлого года.

Средние ставки по валютным депозитам снизились до 4,5% годовых после резкого роста до 5,5% в мае. 

https://www.gazeta.uz/ru/2026/08/06/deposits/

[Telegram](https://t.me/gazetauz)  |  [Instagram](https://instagram.com/gazetauzb)  |  [YouTube](https://youtube.com/@GazetaUzb)"
@gazetauz,63383,2026-08-06 07:30:06,18585,20,"Средняя ставка по сумовым кредитам в июне опустилась до 21,6% годовых — на 0,4 процентного пункта за месяц и на 1,4 пункта за год. 

Банковские займы бизнесу подешевели до 21,8%, минимального уровня с октября 2023 года, тогда как ставки для населения немного выросли.

В июне председатель Центробанка Тимур Ишметов отмечал, что снижение ставок по кредитам будет медленным и поэтапным процессом. По его словам, кредитные ставки зависят от инфляции, инфляционных ожиданий, стоимости ресурсов и финансовых рисков, а высокий уровень депозитных ставок напрямую влияет на стоимость кредитов.

https://www.gazeta.uz/ru/2026/08/06/credits/

[Telegram](https://t.me/gazetauz)  |  [Instagram](https://instagram.com/gazetauzb)  |  [YouTube](https://youtube.com/@GazetaUzb)"
@gazetauz,63384,2026-08-06 08:00:16,18219,29,"Venkon Group интегрировала систему «1С:Розница 3.0» с платёжными терминалами Rahmat POS. 

Решение автоматически передаёт сумму покупки из кассовой программы на терминал и возвращает подтверждение оплаты в кассовую систему, упрощая работу кассира и снижая вероятность ошибок (реклама).

https://www.gazeta.uz/ru/2026/08/06/rahmat/"
@gazetauz,63385,2026-08-06 08:15:02,18576,139,"После телепремьеры на Zo’r TV документальный фильм «Человек эпохи», посвящённый жизни и деятельности Шарафа Рашидова, вышел на YouTube. 

Создатели снятой в жанре исторической реконструкции ленты собрали десятки свидетельств, документов и воспоминаний. Случайных людей в кадре нет. О Рашидове говорят его дочь Гульнара и внучка Севара, академики Шухрат Эгамбердиев и Саъдулла Искандаров, лётчик-космонавт Владимир Джанибеков, архитектор Серго Сутягин.

«Есть в фильме и сцены, которые работают сильнее любых комментариев. Именно они не позволяют картине превратиться в приглаженную открытку. Лента рассказывает не только о достижениях Узбекистана в годы руководства Рашидова, но и о самых болезненных страницах того времени. В картине есть высыхание Арала, ввод советских войск в Афганистан, ""хлопковое дело"" — события, без которых невозможно понять главного героя», — пишет обозреватель «Газеты» Дмитрий Поваров. 

https://www.gazeta.uz/ru/2026/08/06/film-premiere/

[Telegram](https://t.me/gazetauz)  |  [Instagram](https://instagram.com/gazetauzb)  |  [YouTube](https://youtube.com/@GazetaUzb)"
@gazetauz,63392,2026-08-06 08:43:35,20004,110,"В озере на территории Национального парка в Ташкенте утонула 4-летняя девочка. Вместе с ней купались бабушка и 8-летняя сестра.

На место была вызвана скорая помощь, однако врачам не удалось спасти девочку. Начато расследование происшествия.

https://www.gazeta.uz/ru/2026/08/06/drowning/

[Telegram](https://t.me/gazetauz)  |  [Instagram](https://instagram.com/gazetauzb)  |  [YouTube](https://youtube.com/@GazetaUzb)"
@gazetauz,63393,2026-08-06 09:45:35,20312,29,"В хокимияте Ташкента отреагировали на недовольство дольщиков жилого комплекса Quyliq Avenue, сдача которого затягивается. 

Там заявили, что провели проверку, хотя хокимият не является стороной договоров с застройщиком. Изучение показало, что строительные работы выполнены на 53%.

Граждан призвали перед заключением сделок проявлять особую бдительность.

https://www.gazeta.uz/ru/2026/08/06/construction/

[Telegram](https://t.me/gazetauz)  |  [Instagram](https://instagram.com/gazetauzb)  |  [YouTube](https://youtube.com/@GazetaUzb)"
@gazetauz,63394,2026-08-06 10:00:21,19037,32,"Теперь у держателей карт Visa Kapitalbank появилась возможность бесконтактно оплачивать покупки с помощью смартфона через сервис Swoo Pay. 

На начальном этапе к сервису можно подключить карты Visa Kapitalbank на устройствах с операционными системами Android и устройствах Huawei (реклама).

https://www.gazeta.uz/ru/2026/08/06/kapitalbank/"
@gazetauz,63395,2026-08-06 10:20:21,19127,14,"После выявления нарушений требований пожарной безопасности на дехканском рынке «Куйлюк» в Ташкенте его деятельность была частично ограничена, а часть территории отключена от электроснабжения. 

В УЧС сообщили, что работу рынка восстановят полностью после устранения недостатков.

https://www.gazeta.uz/ru/2026/08/06/kuylyuk/

[Telegram](https://t.me/gazetauz)  |  [Instagram](https://instagram.com/gazetauzb)  |  [YouTube](https://youtube.com/@GazetaUzb)"
@gazetauz,63396,2026-08-06 10:41:24,19256,32,"В январе−июне добыча природного газа в Узбекистане сократилась на 16% — до 18,3 млрд кубометров. В июне спад ускорился до 26,8% в годовом выражении, а среднесуточная добыча опустилась до 83,3 млн кубометров — до самого низкого значения как минимум с начала 2022 года.

Снижение продолжилось и по другим видам энергоресурсов. За полугодие добыча газового конденсата уменьшилась на 19,6%, угля — на 18,7%, нефти — на 3,1%. Производство теплоэнергии сократилось на 18,1%.

На этом фоне выработка электроэнергии выросла на 5,7% — до 44,14 млрд кВт·ч. Рост обеспечили малые предприятия, включая солнечные, ветровые электростанции и ГЭС: их производство увеличилось на 36,7%, тогда как крупные предприятия сократили выработку на 4,6%.

Выпуск автомобильного бензина за полугодие вырос на 6%, дизельного топлива — на 2,1%. Однако в июне производство дизеля снизилось на 21,4% в годовом выражении, тогда как выпуск бензина увеличился на 22,4%.

https://www.gazeta.uz/ru/2026/08/06/energy-resources-uzb/

[Telegram](https://t.me/gazetauz)  |  [Instagram](https://instagram.com/gazetauzb)  |  [YouTube](https://youtube.com/@GazetaUzb)"
@gazetauz,63397,2026-08-06 11:05:01,19594,65,"Узбекистан и Казахстан договорились с 10 августа снять тарифные и нетарифные ограничения для 19 групп товаров — от овощей, фруктов и зерновой продукции до текстиля, стройматериалов, оборудования, автокомпонентов и мебели. 

Глава ТПП Даврон Вахабов назвал решение ответом на давние обращения бизнеса.

https://www.gazeta.uz/ru/2026/08/06/barriers-uzb-kg/

[Telegram](https://t.me/gazetauz)  |  [Instagram](https://instagram.com/gazetauzb)  |  [YouTube](https://youtube.com/@GazetaUzb)"
@gazetauz,63398,2026-08-06 11:22:56,20383,39,"**Курс доллара вырос**

Центральный банк Узбекистана опубликовал обновлённые курсы валют на 7 августа.

Доллар подорожал на 28,92 сума — до 11915,64 сума.

Курс евро вырос на 32,19 сума, российский рубль снизился на 0,18 сума.

[Telegram](https://t.me/gazetauz) | [Instagram](https://instagram.com/gazetauzb) | [YouTube](https://youtube.com/@GazetaUzb)"
@gazetauz,63399,2026-08-06 11:59:14,20077,22,"Во II квартале 2026 года TBC Uzbekistan увеличил объем платежей на 45% в годовом выражении — до 38,8 трлн сумов.

Компания также сообщила о росте кредитного портфеля до 10,48 трлн сумов и запуске новых направлений для бизнеса и физических лиц (реклама).

https://www.gazeta.uz/ru/2026/08/06/tbc-bank/"
@gazetauz,63400,2026-08-06 12:50:25,21148,38,"Центры реабилитации лиц без определённого места жительства в Узбекистане переименуют в Социальные центры. Размещение в них станет исключительно добровольным. 

Проживающим в центрах будут помогать с питанием, восстановлением документов, обучением профессии и трудоустройством.

https://www.gazeta.uz/ru/2026/08/06/homeless/

[Telegram](https://t.me/gazetauz)  |  [Instagram](https://instagram.com/gazetauzb)  |  [YouTube](https://youtube.com/@GazetaUzb)"
@gazetauz,63401,2026-08-06 13:15:51,20435,11,"Среднемесячная температура воздуха в июле в Узбекистане была на 1,3−2,3 градуса выше нормы. 

Пик экстремальной жары наблюдался 18−19 июля, в ряде регионов обновились рекорды. 

В центральных и восточных районах число дней с температурой +40 и выше составило 3−8, по остальной территории — 9−18.

https://www.gazeta.uz/ru/2026/08/06/july/

[Telegram](https://t.me/gazetauz)  |  [Instagram](https://instagram.com/gazetauzb)  |  [YouTube](https://youtube.com/@GazetaUzb)"
@gazetauz,63402,2026-08-06 14:00:54,20248,22,"Внешне похожие ПВХ-окна могут заметно различаться по прочности, теплоизоляции и долговечности. 

В AKFA объяснили, какие элементы конструкции определяют надёжность, энергоэффективность и срок службы ПВХ-окна (реклама).

https://www.gazeta.uz/ru/2026/08/06/akfa/"
@gazetauz,63403,2026-08-06 15:13:59,21315,71,"В 17-м квартале Юнусабада не будут строить пятиэтажное здание махалли на месте автостоянки. Об этом жителям сообщил хоким района на встрече, состоявшейся после публикации «Газеты». 

Активисты почти полгода добивались отмены решения о строительстве через суд.

https://www.gazeta.uz/ru/2026/08/06/qadrdon-mahalla/

[Telegram](https://t.me/gazetauz)  |  [Instagram](https://instagram.com/gazetauzb)  |  [YouTube](https://youtube.com/@GazetaUzb)"
@gazetauz,63404,2026-08-06 15:59:15,21621,25,"Национальная платёжная система UZCARD выступит ключевым партнёром первого международного Silk Road Finance & Technology Forum. 

Мероприятие пройдёт с 24 по 26 августа в Ташкенте и объединит представителей финансовой и технологической отраслей (реклама).

https://www.gazeta.uz/ru/2026/08/06/uzcard/"
@gazetauz,63405,2026-08-06 17:41:24,20696,74,"В торговом комплексе в Зангиатинском районе Ташкентской области произошёл крупный пожар. Здесь работали более 10 магазинов, продававших мебель, спорттовары, аксессуары для мобильных устройств, подарки и детские товары. 

Фотографии и видео корреспондента «Газеты» с места происшествия.

https://www.gazeta.uz/ru/2026/08/06/fire/

[Telegram](https://t.me/gazetauz)  |  [Instagram](https://instagram.com/gazetauzb)  |  [YouTube](https://youtube.com/@GazetaUzb)"
@gazetauz,63410,2026-08-07 02:51:29,20788,14,"В соцсетях распространилось видео спасения 13-летнего мальчика, который тонул в канале Бурджар в Ташкенте. 

На помощь ребёнку пришли инспектор патрульно-постовой службы и другой мужчина. Они награждены за спасение.

https://www.gazeta.uz/ru/2026/08/06/rescue/

[Telegram](https://t.me/gazetauz)  |  [Instagram](https://instagram.com/gazetauzb)  |  [YouTube](https://youtube.com/@GazetaUzb)"
@gazetauz,63411,2026-08-07 03:30:01,21431,23,"Международная олимпиада по информатике впервые пройдёт в столице Узбекистана. 

Ожидается участие 386 школьников более чем из 97 стран, а также руководителей делегаций, тренеров и членов международного комитета. 

От Узбекистана представлено 8 человек, отобранных из 100 учеников.

https://www.gazeta.uz/ru/2026/08/07/ioi/

[Telegram](https://t.me/gazetauz)  |  [Instagram](https://instagram.com/gazetauzb)  |  [YouTube](https://youtube.com/@GazetaUzb)"
@gazetauz,63412,2026-08-07 04:10:33,21181,40,"Глава МВД Узбекистана Азиз Ташпулатов провёл свой 16-й ежемесячный приём граждан. 

В ходе 13-часового мероприятия в спорткомплексе «Жар» было принято более 500 обращений. Часть граждан заняла очередь вечером предыдущего дня. 

«Газета» послушала, с какими проблемами приходят люди.

https://www.gazeta.uz/ru/2026/08/07/minister-meeting/

[Telegram](https://t.me/gazetauz)  |  [Instagram](https://instagram.com/gazetauzb)  |  [YouTube](https://youtube.com/@GazetaUzb)"
@gazetauz,63413,2026-08-07 05:21:44,20770,41,"Комитет по развитию конкуренции выявил случаи необоснованного завышения цен на ряд лекарств у трёх фармкомпаний. После проверки компании вернули излишне полученные почти 100 млн сумов.

Сообщается, что случаи несоблюдения установленных цен были обнаружены при продаже капсул «Гастромег ЭЗО» (Nika Pharm), крема «Долгит» и таблеток «Мезим» (Astor Alliance) и сиропа «Бровенсин» (Evro Farm Biznes).

https://www.gazeta.uz/ru/2026/08/03/pharma/

[Telegram](https://t.me/gazetauz)  |  [Instagram](https://instagram.com/gazetauzb)  |  [YouTube](https://youtube.com/@GazetaUzb)"
@gazetauz,63414,2026-08-07 06:01:48,20851,38,"Технологические стартапы со всего Узбекистана могут подать заявку на получение инвестиций от Hayot Ventures. 

Фонд рассматривает проекты на стадиях идеи, MVP и Pre-Seed и инвестирует в них от 10 тысяч до 150 тысяч долларов США (реклама).

https://www.gazeta.uz/ru/2026/08/07/hayot-ventures/"
@gazetauz,63415,2026-08-07 06:15:09,22142,400,"Бывший глава «Узбекнефтегаза» Баходиржон Сидиков в суде не признал вину и подробно изложил свою позицию по 19 эпизодам дела — от продажи доли в Jizzakh Petroleum и передачи месторождений до проектов Uzbekistan GTL и Ark Chemical. 

Суду ещё предстоит проверить позиции обвинения и подсудимого. Как прошло второе заседание — в нашем репортаже.

https://www.gazeta.uz/ru/2026/08/06/uzbekneftegaz/

[Telegram](https://t.me/gazetauz)  |  [Instagram](https://instagram.com/gazetauzb)  |  [YouTube](https://youtube.com/@GazetaUzb)"
@gazetauz,63416,2026-08-07 06:45:10,20768,65,"В выходные дни температура воздуха по Узбекистану начнёт повышаться и достигнет +37…+40 градусов, по северу, югу и пустынной зоне — +41…+42. 

Ожидается переменная облачность без осадков, в горных районах возможны кратковременные дожди.

https://www.gazeta.uz/ru/2026/08/07/weather/

[Telegram](https://t.me/gazetauz)  |  [Instagram](https://instagram.com/gazetauzb)  |  [YouTube](https://youtube.com/@GazetaUzb)"
@gazetauz,63417,2026-08-07 07:54:48,20159,68,"Суд в Термезе приговорил женщину к 3,5 годам колонии за попытку продать 11-летнего сына за 40 млн сумов. 

На судебном заседании мать сказала, что пошла на такой шаг из-за долгов, отсутствия жилья и развода и думала, что так будет лучше ребёнку. 

У неё есть ещё двое детей.

https://www.gazeta.uz/ru/2026/08/07/verdict/

[Telegram](https://t.me/gazetauz)  |  [Instagram](https://instagram.com/gazetauzb)  |  [YouTube](https://youtube.com/@GazetaUzb)"
@gazetauz,63418,2026-08-07 08:00:42,19252,27,"**Кешбэк за покупки за рубежом по картам Mastercard от НБУ**

При оплате покупок за границей картой Mastercard от НБУ предусмотрен кешбэк в рамках акции «Кешбэк за покупки за рубежом»:

— Mastercard Standard — 0,8%;
— Mastercard Gold — 1,0%;
— Mastercard Platinum — 1,2%;
— Mastercard World Elite — 1,5%.

Кешбэк начисляется при оплате только физической картой, включая контактные и бесконтактные операции. Зачисление — до 15-го числа следующего месяца.

Акция действует до 31 декабря 2026 года.

[Подробнее](https://nbu.uz/jismoniy-shaxslar-aksiyalar/chet-elda-keshbek?utm_source=Telegram_post&utm_medium=cpm&utm_campaign=NBU_reach_Telegram_post_tg_post_banner_cpm_audience_channel_pr&utm_content=ru).

Телефоны: 1344, (+998) 78-148-00-10.

[Facebook](https://www.facebook.com/uznbu) | [Instagram](https://www.instagram.com/nbu.official/) | [YouTube](https://www.youtube.com/@nbu.official)

__На правах рекламы.__"
@gazetauz,63419,2026-08-07 08:42:25,21925,51,"Народно-демократическая партия Узбекистана призвала должностных лиц отказаться от незаконных методов в общении с населением и придерживаться принципов верховенства права, человеческого достоинства и социального равенства. 

В НДПУ отметили, что состояние домов и улиц связано с эффективностью работы на местах и инфраструктурой.

https://www.gazeta.uz/ru/2026/08/07/ndpu/

[Telegram](https://t.me/gazetauz)  |  [Instagram](https://instagram.com/gazetauzb)  |  [YouTube](https://youtube.com/@GazetaUzb)"
@gazetauz,63420,2026-08-07 09:01:01,19039,14,"**Жавохир Синдаров приблизился к финалу Grand Chess Tour**

Шахматист Узбекистана Жавохир Синдаров стал вторым на престижном турнире Saint Louis Rapid & Blitz, набрав 22 очка. 

Он занял второе место отдельно и в рапиде, и в блице, а также поднялся на 5-е место в общем зачёте Grand Chess Tour — всего в 0,5 очка от зоны выхода в финал.

Победитель турнира Рамешбабу Прагнанандха отметил, что узбекистанец «боролся до самого конца».

Участие Синдарова в международных турнирах, подготовка к Grand Chess Tour и работа с тренерами проходят при поддержке [Национального банка Узбекистана](https://nbu.uz/ru).

Подробнее https://www.gazeta.uz/ru/2026/08/07/sindarov-uzb-chess

__Фото: Lennart Ootes / Grand Chess Tour__

[Telegram](https://t.me/gazetauz)  |  [Instagram](https://instagram.com/gazetauzb)  |  [YouTube](https://youtube.com/@GazetaUzb)"
@gazetauz,63423,2026-08-07 09:57:00,21089,80,"«Президентский подарок» для первоклассников на предстоящий учебный год начали доставлять в школы Узбекистана. В комплекте учебные принадлежности 12 видов. 

Впервые к портфелю прикреплён брелок с изображением государственных символов. «Газета» подготовила фоторепортаж.

https://www.gazeta.uz/ru/2026/08/07/schoolbags/

[Telegram](https://t.me/gazetauz)  |  [Instagram](https://instagram.com/gazetauzb)  |  [YouTube](https://youtube.com/@GazetaUzb)"
@gazetauz,63424,2026-08-07 10:46:40,21454,57,"Президент США Дональд Трамп подписал два указа, призванных ограничить право на гражданство по рождению и запретить «родильный туризм». 

Это вторая попытка главы Белого дома пересмотреть гарантии, закреплённые в американской Конституции.

https://www.gazeta.uz/ru/2026/08/07/birthright-citizenship/

[Telegram](https://t.me/gazetauz)  |  [Instagram](https://instagram.com/gazetauzb)  |  [YouTube](https://youtube.com/@GazetaUzb)"
@gazetauz,63425,2026-08-07 11:12:09,21421,31,"**Курс доллара продолжает расти**

Центральный банк Узбекистана опубликовал обновлённые курсы валют на 10 августа.

Доллар подорожал на 36,46 сума — до 11952,10 сума.

Курс евро вырос на 30,12 сума, российский рубль снизился на 0,98 сума.

[Telegram](https://t.me/gazetauz) | [Instagram](https://instagram.com/gazetauzb) | [YouTube](https://youtube.com/@GazetaUzb)"
@gazetauz,63426,2026-08-07 12:00:19,20552,31,"**Получение UzQR — теперь онлайн**

Клиентам «Банка развития бизнеса» больше не нужно посещать офис банка, чтобы получить UzQR. Через приложение [«Бизнес 24/7»](https://onelink.to/brb24) можно подать заявку на UzQR и скачать готовый QR-код в несколько этапов.

Преимущества UzQR:

— прием платежей из разных банковских и платежных приложений через один UzQR;
— мгновенное зачисление средств на банковский счет;
— отслеживание всех платежей на одной платформе.

Стать клиентом BRB легко, для этого достаточно: 

— открыть расчетный счет [в приложении](https://onelink.to/brb24);
— выбрать раздел «Единый QR»;
— отправить заявку и отследить статус;
— создать QR-код и скачать его.

Телефон: 1254.

__На правах рекламы.__"
@gazetauz,63427,2026-08-07 13:44:11,21013,18,"Уроженец Хорезмской области, уехавший в Россию на заработки, был задержан из-за проблем с документами. По его словам, под угрозой депортации он подписал контракт с Минобороны РФ, но позже смог вернуться на родину. 

С учётом предыдущей судимости суд назначил ему четыре года ограничения свободы.

https://www.gazeta.uz/ru/2026/08/07/court/

[Telegram](https://t.me/gazetauz)  |  [Instagram](https://instagram.com/gazetauzb)  |  [YouTube](https://youtube.com/@GazetaUzb)"
@gazetauz,63428,2026-08-07 14:00:54,20830,17,"MiniApp в Click — ещё один способ продавать и развивать бизнес. 

В Click рассказали, чем этот формат отличается от сайта и мобильного приложения, для каких задач подходит и как его запустить (реклама).

https://www.gazeta.uz/ru/2026/08/07/click/"
@gazetauz,63429,2026-08-07 14:40:44,20754,42,"Бывший хоким Намангана Анваржон Отаходжаев осуждён на 11 лет лишения свободы. 

Суд признал его виновным в хищении, злоупотреблении властью и получении взятки в особо крупном размере. 

Ещё шесть фигурантов дела получили разные сроки.

https://www.gazeta.uz/ru/2026/08/07/anvarjon-otaxodjayev/

[Telegram](https://t.me/gazetauz)  |  [Instagram](https://instagram.com/gazetauzb)  |  [YouTube](https://youtube.com/@GazetaUzb)"
@gazetauz,63430,2026-08-07 14:58:02,21051,41,"Шавкат Мирзиёев и Дональд Трамп в телефонном разговоре обсудили развитие стратегического партнёрства между Узбекистаном и США, экономическое сотрудничество, а также международную повестку. 

Президент Узбекистана пригласил главу Белого дома посетить Ташкент с официальным визитом.

https://www.gazeta.uz/ru/2026/08/07/us-call/

[Telegram](https://t.me/gazetauz)  |  [Instagram](https://instagram.com/gazetauzb)  |  [YouTube](https://youtube.com/@GazetaUzb)"
@gazetauz,63431,2026-08-07 15:10:17,23063,25,"Дорогие читатели,

совсем скоро, 11 августа, у «Газеты» день рождения. Нам исполнится 18 лет 🥳 

За это время мы выпустили тысячи новостей, репортажей, интервью и разборов, руководствуясь принципом **«Новости для людей».** Мы гордимся тем, что некоторые из наших публикаций помогли привлечь внимание к важным проблемам и способствовали изменениям в жизни города и страны.

Каждый в редакции понимает: без вашей поддержки всё это было бы невозможно. Поэтому сегодня мы хотим передать слово вам. 

**Расскажите, что для вас значит «Газета». **Может быть, вы помните материал, который помог разобраться в теме или просто не оставил равнодушным. Возможно, у вас есть любимый автор, чьи тексты ждёте и читаете в первую очередь. 

💌Напишите нам в бот @GazetauzFeedbackBot, поделитесь своей историей, связанной с «Газетой». Для нашей редакции это будет самый ценный подарок к совершеннолетию. Часть ваших поздравлений мы опубликуем."
@gazetauz,63432,2026-08-07 15:56:24,20245,41,"В Национальном олимпийском комитете обсудили вопросы развития хоккея в Узбекистане. 

Ранее группа поклонников хоккея обратилась к руководству страны с просьбой поддержать сферу.

https://www.gazeta.uz/ru/2026/08/07/hockey/

[Telegram](https://t.me/gazetauz)  |  [Instagram](https://instagram.com/gazetauzb)  |  [YouTube](https://youtube.com/@GazetaUzb)"
@gazetauz,63433,2026-08-07 16:00:19,23048,291,"**Korzinka Go приглашает на работу**

В службу доставки требуются сотрудники. Опыт не обязателен — всему обучат.

— зарплата два раза в месяц;
— бесплатный горячий обед;
— оплачиваемые отпуск и больничный;
— помощь с оплатой контракта после 1 года работы;
— премии и подарки детям;
— график 6/1, есть ночные смены с доплатой.

Вакансии: 

— курьер;
— сборщик заказов;
— упаковщик;
— кассир;
— повар;
— товаровед и другие.

Зарплата – от 4 до 12 млн сумов.

Заполнить анкету можно [по ссылке](https://t.me/korzinka_jbot).

__На правах рекламы.__"
@gazetauz,63434,2026-08-07 16:16:01,22749,23,"«Человек-паук: Новый день» и ещё три кинопремьеры, фестиваль мороженого, музыкальные квизы, квартирник «Забыли рифму», лекции, выставки, творческие мастер-классы и другие мероприятия предстоящих выходных — в подборке Afisha.uz.

https://www.gazeta.uz/ru/2026/08/07/afisha/

[Telegram](https://t.me/gazetauz)  |  [Instagram](https://instagram.com/gazetauzb)  |  [YouTube](https://youtube.com/@GazetaUzb)"
@gazetauz,63435,2026-08-07 16:47:24,24859,38,"Предстоящий осенне-зимний сезон станет испытанием для распределительных электросетей с точки зрения стабильного снабжения населения и бизнеса, заявил новый глава «Региональных электрических сетей» Сардор Исакулов. 

По его словам, ответственность предприятий отрасли в этом сезоне «возрастает вдвое».

https://www.gazeta.uz/ru/2026/08/07/energy-supply/

[Telegram](https://t.me/gazetauz)  |  [Instagram](https://instagram.com/gazetauzb)  |  [YouTube](https://youtube.com/@GazetaUzb)"
@gazetauz,63437,2026-08-07 18:01:08,26026,79,"Ушёл из жизни киноактёр, режиссёр и педагог Абдуманнон Убайдуллаев. Он получил известность в 66 лет после фильма Зульфикара Мусакова «Родина». 

Преподавал в Институте искусства и культуры. В интервью он говорил: «Если есть знания, которые ты с таким трудом накопил, кто-то же должен их получить».

https://www.gazeta.uz/ru/2026/08/07/abdumannon-ubaydullayev/

[Telegram](https://t.me/gazetauz)  |  [Instagram](https://instagram.com/gazetauzb)  |  [YouTube](https://youtube.com/@GazetaUzb)"
@gazetauz,63438,2026-08-08 04:46:35,23951,22,"Строительство многоэтажного бизнес-центра в одном из дворов махалли «Лолазор» удалось остановить после вмешательства властей. 

Однако в соседних дворах жители продолжают многолетнюю борьбу за сохранение детских площадок, зелёных зон и привычной городской среды. «Газета» рассказывает их истории.

https://www.gazeta.uz/ru/2026/08/07/residents-oppose-the-construction-project/

[Telegram](https://t.me/gazetauz)  |  [Instagram](https://instagram.com/gazetauzb)  |  [YouTube](https://youtube.com/@GazetaUzb)"
@gazetauz,63439,2026-08-08 05:15:00,23748,61,"При Союзе журналистов Узбекистана создан Совет блогеров. Задачами объявлены объединение блогеров, защита их интересов, оказание правовой помощи, а также проведение тренингов.

**Обновление:** Первоначально сообщалось, что совет возглавил  лингвист, журналист и блогер Эльдар Асанов. Он сообщил, что получил такое предложение, но отказался от председательства. Он также написал, что предлагал вместо совета создать клуб блогеров.

https://www.gazeta.uz/ru/2026/08/08/bloggers-council/

[Telegram](https://t.me/gazetauz)  |  [Instagram](https://instagram.com/gazetauzb)  |  [YouTube](https://youtube.com/@GazetaUzb)"
@gazetauz,63440,2026-08-08 12:55:33,22814,35,"19-летний защитник сборной Узбекистана Бехруз Каримов стал игроком швейцарского «Лугано». 

Футболист, ранее выступавший за термезский «Сурхан», подписал контракт с клубом, занявшим третье место в чемпионате Швейцарии и получившим путёвку в квалификацию Лиги конференций.

Ранее ещё один защитник сборной Узбекистана Жахонгир Урозов перешёл в российский «Рубин».

https://www.gazeta.uz/ru/2026/08/08/behruz-karimov/

[Telegram](https://t.me/gazetauz)  |  [Instagram](https://instagram.com/gazetauzb)  |  [YouTube](https://youtube.com/@GazetaUzb)"
@gazetauz,63441,2026-08-08 13:20:01,22426,43,"Минэкономфин предложил компенсировать из бюджета часть процентов по автокредитам на электромобили стоимостью до 1000 БРВ. 

Максимальная компенсация составит 8 процентных пунктов в течение двух лет. 

Критики считают, что мера прежде всего поможет обеспеченным покупателям. Они предлагают вместо неё снизить утилизационный сбор, чтобы сделать электромобили доступнее и усилить конкуренцию.

https://www.gazeta.uz/ru/2026/08/08/e-cars-subsidy-uzb/

[Telegram](https://t.me/gazetauz)  |  [Instagram](https://instagram.com/gazetauzb)  |  [YouTube](https://youtube.com/@GazetaUzb)"
@gazetauz,63442,2026-08-08 14:04:11,24230,99,"Межведомственная тарифная комиссия в Узбекистане утвердила новые тарифы для основных звеньев электроэнергетики — от генерации до распределения. 

Стоимость производства 1 кВт·ч составляет от 522 до 1126 сумов, транспортировки по магистральным сетям — 98 сумов, а распределения в регионах — от 171 до 410 сумов.

Документ позволяет впервые увидеть стоимость основных звеньев цепочки до конечного потребителя, однако цены генерации по-прежнему устанавливаются тарифной комиссией, а не рынком.

https://www.gazeta.uz/ru/2026/08/08/tariffs-uzb/

[Telegram](https://t.me/gazetauz)  |  [Instagram](https://instagram.com/gazetauzb)  |  [YouTube](https://youtube.com/@GazetaUzb)"
@gazetauz,63443,2026-08-09 05:16:01,22770,43,"Манга давно перестала быть развлечением только для подростков. Дизайнер и читающий отец Азамат Шамузафаров выбрал три японских комикса для новичков, которые можно читать вместе с детьми. 

Одна манга расскажет о школьнице, которая неожиданно получает способность путешествовать во времени, другая познакомит с девочкой, которая учится магии в волшебном ателье, а третья — своего рода японская версия «Мистера и миссис Смит» — расскажет о семье супершпионов. 

В этих историях есть приключения, юмор и фантастика, поэтому они отлично подходят для знакомства с жанром.

https://www.gazeta.uz/ru/2026/08/09/children-books/

[Telegram](https://t.me/gazetauz)  |  [Instagram](https://instagram.com/gazetauzb)  |  [YouTube](https://youtube.com/@GazetaUzb)"
@gazetauz,63444,2026-08-09 06:49:36,22742,15,"Международные резервы Узбекистана в июле увеличились на $590 млн — до $64,35 млрд. 

Стоимость золота выросла на $365 млн благодаря росту котировок, хотя его физический объём сократился почти на тонну. 

Впервые с момента появления ценных бумаг в структуре международных резервов зафиксировано сокращение их объёма. За июль портфель уменьшился примерно на 1,1 млрд долларов, или почти на 40% — с 2,86 млрд до 1,76 млрд долларов.

https://www.gazeta.uz/ru/2026/08/09/reserves/

[Telegram](https://t.me/gazetauz)  |  [Instagram](https://instagram.com/gazetauzb)  |  [YouTube](https://youtube.com/@GazetaUzb)"
@gazetauz,63445,2026-08-09 07:32:10,29505,132,"В Узбекистане планируют создать отдельную систему регулирования малой и любительской авиации для развития активного туризма. 

Предлагается упростить регистрацию и сертификацию воздушных судов, освободить аппараты массой до 115 кг от обязательной регистрации, восстановить неиспользуемые аэродромы и передавать их бизнесу.

https://www.gazeta.uz/ru/2026/08/09/aviation-tourism/

[Telegram](https://t.me/gazetauz)  |  [Instagram](https://instagram.com/gazetauzb)  |  [YouTube](https://youtube.com/@GazetaUzb)"
@gazetauz,63446,2026-08-10 03:59:15,22527,6,"По итогам 2025 года «Узбекинвест» сохранил наивысшую оценку платёжеспособности Ahbor-Reyting — uzA++ с прогнозом «Стабильный». 

Агентство отметило позиции компании на рынке, капитализацию и рост страхового бизнеса (реклама).

https://www.gazeta.uz/ru/2026/08/10/uzbekinvest/"
@gazetauz,63447,2026-08-10 05:43:10,22227,59,"Эмиратская Etihad Airways выполнила первый рейс Абу-Даби — Ташкент. 

Запуск ежедневных рейсов расширяет возможности долететь из Узбекистана во многие крупные города Европы, Азии и Северной Америки. 

Согласно код-шер соглашению с Uzbekistan Airways пассажиры Etihad получили доступ к восьми направлениям внутри Узбекистана через Ташкент.

https://www.gazeta.uz/ru/2026/08/10/etihad-airways-tashkent-uzbekistan/

[Telegram](https://t.me/gazetauz)  |  [Instagram](https://instagram.com/gazetauzb)  |  [YouTube](https://youtube.com/@GazetaUzb)"
@gazetauz,63448,2026-08-10 05:59:15,21511,45,"Игроки PUBG Mobile смогут помочь малообеспеченным семьям по всему Узбекистану подготовить детей к новому учебному году, просто принимая участие в игре.

Uzum, PUBG Mobile и фонд Ona превратят активность игрового сообщества в реальную помощь (реклама).

https://www.gazeta.uz/ru/2026/08/10/uzum/"
@gazetauz,63449,2026-08-10 06:15:18,21881,87,"В течение недели в Узбекистане ожидается жаркая погода. Днём температура будет в пределах +37…+40 градусов, 12−13 августа местами — до +41…+42. 

В отдельные дни в горных районах местами возможен кратковременный дождь, гроза.

https://www.gazeta.uz/ru/2026/08/10/weather/

[Telegram](https://t.me/gazetauz)  |  [Instagram](https://instagram.com/gazetauzb)  |  [YouTube](https://youtube.com/@GazetaUzb)"
@gazetauz,63450,2026-08-10 07:16:32,20843,11,"В Сырдарьинской области Captiva столкнулся с грузовиком с трейлером, который разворачивался. 

Погибли водитель и два пассажира кроссовера.

https://www.gazeta.uz/ru/2026/08/10/dtp/

[Telegram](https://t.me/gazetauz)  |  [Instagram](https://instagram.com/gazetauzb)  |  [YouTube](https://youtube.com/@GazetaUzb)"
@gazetauz,63451,2026-08-10 08:00:20,20211,11,"**«Актуальные 40 дней»: НБУ изучил возможности развития бизнеса в Сырдарьинской области**

Рабочая группа под руководством начальника Сырдарьинского областного управления НБУ и хокима Акалтынского района посетила махаллю «Обод» Акалтынского района в рамках [инициативы](https://nbu.uz/ru/novosti/po-vsei-respublike-proxodiat-aktualnye-40-dnei_03_08_26) «Актуальные 40 дней»:

️— изучены возможности для развития предпринимательства и создания новых рабочих мест;
— рассмотрены вопросы привлечения предпринимателей к использованию пустующих зданий;
— жителям предоставлена информация о возможностях для молодежи и кредитных продуктах НБУ.

«НБУ — всегда вместе с вами».

[Facebook](https://www.facebook.com/uznbu) | [Instagram](https://www.instagram.com/nbu.official/) | [YouTube](https://www.youtube.com/@nbu.official)

__На правах рекламы.__"
@gazetauz,63452,2026-08-10 08:45:59,20130,33,"Комитет по туризму предложил создать единый порядок для активного и экстремального туризма. 

Проект предусматривает регистрацию зиплайнов и банджи-джампинга, сертификацию гидов по международным стандартам, онлайн-разрешения для приграничных территорий и льготы на импорт туристического оборудования.

https://www.gazeta.uz/ru/2026/08/10/tourism/

[Telegram](https://t.me/gazetauz)  |  [Instagram](https://instagram.com/gazetauzb)  |  [YouTube](https://youtube.com/@GazetaUzb)"
@gazetauz,63453,2026-08-10 09:35:59,20166,102,"Сенаторы Узбекистана одобрили конституционный закон о Международном центре цифровых технологий (Enterprise Uzbekistan), который предусматривает создание в Ташкенте специальной юрисдикции для IT-компаний с элементами английского права до 2100 года. 

К 2030 году через центр планируется привлечь до 1000 международных компаний, создать свыше 300 тысяч рабочих мест и довести IT-экспорт до 5 млрд долларов.

https://www.gazeta.uz/ru/2026/08/10/enterprise-uzbekistan/

[Telegram](https://t.me/gazetauz)  |  [Instagram](https://instagram.com/gazetauzb)  |  [YouTube](https://youtube.com/@GazetaUzb)"
@gazetauz,63454,2026-08-10 10:02:02,19439,24,"В рамках HAMROH Fest предпринимательницы из разных регионов Узбекистана представили собственные бренды, поделились историями развития проектов и получили новые возможности для роста. 

Центральным событием фестиваля стала церемония вручения грантов выпускницам программы WESP (реклама).

https://www.gazeta.uz/ru/2026/08/10/cola/"
@gazetauz,63455,2026-08-10 10:16:22,20362,36,"Регуляторные преференции для участников Международного центра цифровых технологий будут направлены прежде всего на снятие бюрократических барьеров, а не на экономические льготы, заявили в Enterprise Uzbekistan. 

В качестве примера там привели тестирование беспилотных авто и такси.

«При тестировании таких проектов мы создаём возможности, чтобы международные и наши местные компании не сталкивались с возникающими бюрократическими или другими барьерами и препятствиями», — заявил зампред компании Эльёр Максудов.

Сенаторы поинтересовались, не нарушит ли специальный правовой режим Enterprise Uzbekistan конкуренцию для местных IT-компаний и стартапов, работающих вне центра. 

Максудов заявил, что ограничений для вступления местных компаний в центр не будет, а неготовые к международному рынку проекты продолжит поддерживать IT Park.

https://www.gazeta.uz/ru/2026/08/10/enterprise-uzbekistan-preferences/

[Telegram](https://t.me/gazetauz)  |  [Instagram](https://instagram.com/gazetauzb)  |  [YouTube](https://youtube.com/@GazetaUzb)"
@gazetauz,63456,2026-08-10 10:35:02,21464,48,"Сенат одобрил новый порядок приостановления операций по банковским счетам предпринимателей. 

Если налогоплательщик признаёт нарушение и не возражает, решение сможет принять сам налоговый орган. 

При наличии спора ограничение будет возможно только через суд, куда налоговики должны обратиться в течение трёх дней.

Экономические суды Узбекистана в 2023−2025 годах рассмотрели свыше 960 тысяч дел о приостановлении операций по счетам предпринимателей. В 95% случаев требования налоговых органов удовлетворялись.

https://www.gazeta.uz/ru/2026/08/10/account-blocking/

[Telegram](https://t.me/gazetauz)  |  [Instagram](https://instagram.com/gazetauzb)  |  [YouTube](https://youtube.com/@GazetaUzb)"
@gazetauz,63457,2026-08-10 11:01:47,21094,235,"Генконсульство Узбекистана в Казани подтвердило гибель семи граждан страны при атаке беспилотников на объекты Нижнекамска в Татарстане. 

По данным местных властей, всего погибли 13 человек, десятки получили ранения.

https://www.gazeta.uz/ru/2026/08/10/drone-attack-uzb/

[Telegram](https://t.me/gazetauz)  |  [Instagram](https://instagram.com/gazetauzb)  |  [YouTube](https://youtube.com/@GazetaUzb)"
@gazetauz,63458,2026-08-10 11:52:55,21040,51,"Сенат одобрил закон с пакетом гарантий для предпринимателей. 

Бизнес сможет заплатить 50% финансовой санкции в течение месяца и освободиться от остальной суммы штрафа либо автоматически получить рассрочку на полгода. 

Госорганам также запретят предъявлять требования вне единого реестра и инициировать пересмотр результатов приватизации.

Изъятие земельного участка предпринимателя для общественных нужд допускается только после полного возмещения предусмотренных законом потерь.

https://www.gazeta.uz/ru/2026/08/10/business-support/

[Telegram](https://t.me/gazetauz)  |  [Instagram](https://instagram.com/gazetauzb)  |  [YouTube](https://youtube.com/@GazetaUzb)"
@gazetauz,63459,2026-08-10 12:15:01,21858,352,"На третьем заседании по делу бывшего руководства «Узбекнефтегаза» и представителей подрядчиков показания дали экс-зампред компании, начальник департамента закупок и бывший глава Enter Engineering. 

Все они отвергли обвинения, оспорили расчёты ущерба и заявили, что решения принимались вне пределов их полномочий либо во исполнение решений правительства.

Защита экс-главы «Узбекнефтегаза» Баходиржона Сидикова попросила изменить меру пресечения в его отношении, в том числе в связи с состоянием его здоровья. Читайте наш репортаж:

https://www.gazeta.uz/ru/2026/08/10/court-uzbekneftegas/

[Telegram](https://t.me/gazetauz)  |  [Instagram](https://instagram.com/gazetauzb)  |  [YouTube](https://youtube.com/@GazetaUzb)"
@gazetauz,63460,2026-08-10 13:38:05,20351,61,"К Самарканду присоединят 17,2 тысячи га территорий соседних районов, после чего население города приблизится к 880 тысячам человек. 

Самаркандский район будет упразднён, а большую часть оставшейся его территории передадут Тайлакскому району. 

Для расширенного города планируется довести автобусный парк до 500 машин и реализовать туристические проекты почти на 400 млн долларов.

https://www.gazeta.uz/ru/2026/08/10/samarkand-region/

[Telegram](https://t.me/gazetauz)  |  [Instagram](https://instagram.com/gazetauzb)  |  [YouTube](https://youtube.com/@GazetaUzb)"
@gazetauz,63461,2026-08-10 13:59:15,19747,23,"Yandex Go расширил сервис «Еды» до 16 городов Узбекистана, а число региональных заказов за последний год выросло более чем на 80%. 

Вместе с этим растёт и локальный ресторанный бизнес — сейчас к сервису подключено более 3500 заведений (реклама).

https://www.gazeta.uz/ru/2026/08/10/yandex-go/"
@gazetauz,63462,2026-08-10 14:20:22,19407,18,"**Курс доллара снизился**

Центральный банк Узбекистана опубликовал обновлённые курсы валют на 11 августа.

Доллар снизился на 17,49 сума — до 11934,61 сума.

Курс евро вырос на 8,47 сума, российский рубль пошедевел на 0,57 сума.

[Telegram](https://t.me/gazetauz) | [Instagram](https://instagram.com/gazetauzb) | [YouTube](https://youtube.com/@GazetaUzb)"
@gazetauz,63463,2026-08-10 14:22:26,22285,51,"Сенат рассмотрел Национальный доклад о противодействии коррупции в Узбекистане по итогам 2025 года.

За коррупционные преступления в Узбекистане к уголовной ответственности привлекли 7517 человек — на 2,2%, или 163 человека, больше, чем годом ранее. 

Особенно заметно вырос показатель в хокимиятах — со 106 до 497 человек, в здравоохранении — с 342 до 404, в вузах — с 90 до 161.

В Андижанской области в 2025 году за коррупционные преступления привлекли к уголовной ответственности 946 человек. Далее идут Ташкентская область — 793, Кашкадарьинская — 745, Самаркандская — 709 и Наманганская — 549.

Ущерб интересам государства вырос с 2,81 трлн до более 2,9 трлн сумов.

https://www.gazeta.uz/ru/2026/08/10/anti-corruption/

[Telegram](https://t.me/gazetauz)  |  [Instagram](https://instagram.com/gazetauzb)  |  [YouTube](https://youtube.com/@GazetaUzb)"
@gazetauz,63464,2026-08-10 15:24:20,21552,62,"В фотоматериалах о благоустройстве махалли «Хаёт» в Навои использовались элементы искусственного интеллекта, признал городской хокимият после критики пользователей. 

В администрации заявили, что изображения должны были лишь «нагляднее» показать реальные изменения, но были опубликованы без проверки.

https://www.gazeta.uz/ru/2026/08/10/navoi/

[Telegram](https://t.me/gazetauz)  |  [Instagram](https://instagram.com/gazetauzb)  |  [YouTube](https://youtube.com/@GazetaUzb)"
@gazetauz,63465,2026-08-10 16:16:08,22897,113,"Число граждан Узбекистана, погибших при атаке беспилотников по Нижнекамску, выросло до восьми. Несколько узбекистанцев пострадали. 

По поручению президента создана правительственная комиссия. На неё возложены задачи по оказанию помощи пострадавшим, доставке тел погибших на родину и поддержке их семей.

В Россию направлены представители МЧС, МИДа, Минздрава, Агентства миграции и других структур.

https://www.gazeta.uz/ru/2026/08/10/commission/

[Telegram](https://t.me/gazetauz)  |  [Instagram](https://instagram.com/gazetauzb)  |  [YouTube](https://youtube.com/@GazetaUzb)"
@gazetauz,63466,2026-08-10 17:23:56,22951,14,"Узбекистанский шахматист Жавохир Синдаров в интервью в Сент-Луисе рассказал о подготовке к предстоящему матчу с чемпионом мира Доммараджу Гукешем, оценил нынешнюю игру соперника и объяснил, с чем связывает успехи шахматистов из Узбекистана. 

По его словам, сейчас он сосредоточен на турнирах Grand Chess Tour, однако его команда уже работает над подготовкой к чемпионскому матчу в Женеве.

https://www.gazeta.uz/ru/2026/08/10/sindarov-gukesh/

[Telegram](https://t.me/gazetauz)  |  [Instagram](https://instagram.com/gazetauzb)  |  [YouTube](https://youtube.com/@GazetaUzb)"
@gazetauz,63467,2026-08-11 03:59:15,24531,74,"Национальный почтовый оператор UzPost (АО «Узбекистон почтаси») запустил сервис инкассации для малого и среднего бизнеса, благодаря которому можно вносить наличную выручку через почтовые отделения с последующим зачислением на расчетный счет. 

Первым банковским партнером проекта стал Davr Bank (реклама).

https://www.gazeta.uz/ru/2026/08/11/uzpost/"
@gazetauz,63468,2026-08-11 05:42:53,21856,78,"Среди погибших и раненых в результате удара по Нижнекамску оказались граждане Узбекистана. Они приехали в Россию работать. Не воевать, не участвовать в политическом конфликте, не иметь отношения к российско-украинскому противостоянию. Но оказались его жертвами.

И в этом, пожалуй, одна из самых страшных особенностей любой современной войны: она очень быстро перестаёт быть войной только тех, кто её начал и ведёт. Колонка.

https://www.gazeta.uz/ru/2026/08/11/column/

[Telegram](https://t.me/gazetauz)  |  [Instagram](https://instagram.com/gazetauzb)  |  [YouTube](https://youtube.com/@GazetaUzb)"
@gazetauz,63469,2026-08-11 06:00:23,21092,16,"В BENKAM рассказали, как производят алюминиевые профили для различных отраслей промышленности. 

Производственный комплекс объединяет несколько этапов производства и обработки алюминиевого профиля — от экструзии до контроля качества готовой продукции (реклама).

https://www.gazeta.uz/ru/2026/08/11/benkam/"
@gazetauz,63470,2026-08-11 06:40:15,21271,32,"Агентство по финансовому мониторингу Казахстана объявило гражданина Узбекистана Махмуда Хикматова, известного как блогер аМаха.dxb, в международный розыск. Его подозревают в продвижении незаконных онлайн-казино. 

Один из казахстанских инфлюенсеров по этому делу на днях был экстрадирован из Вьетнама.

https://www.gazeta.uz/ru/2026/08/10/bloger/

[Telegram](https://t.me/gazetauz)  |  [Instagram](https://instagram.com/gazetauzb)  |  [YouTube](https://youtube.com/@GazetaUzb)"
@gazetauz,63471,2026-08-11 09:21:10,21093,29,"С 2022 года ТСЖ «Жиззах супер сервис» и частный предприниматель спорят за право на земельный участок. 

После решения Верховного суда в пользу ТСЖ территорию благоустроили и озеленили. В 2026 году Джизакский областной суд пересмотрел дело. 

«Газета» изучила ситуацию.

https://www.gazeta.uz/ru/2026/08/10/jizzakh/

[Telegram](https://t.me/gazetauz)  |  [Instagram](https://instagram.com/gazetauzb)  |  [YouTube](https://youtube.com/@GazetaUzb)"
@gazetauz,63472,2026-08-11 09:50:44,21770,21,"11 августа «Газета» отмечает 18-летие. Все важнейшие события в стране за эти почти два десятилетия — реформы и перемены, открытия и достижения, кризисы и трагедии — можно отследить по «Газете». 

Главным ориентиром нашей работы все эти годы были читатели. Спасибо, что вы все эти годы с нами!

https://www.gazeta.uz/ru/2026/08/11/gazetauz-eighteen/

[Telegram](https://t.me/gazetauz)  |  [Instagram](https://instagram.com/gazetauzb)  |  [YouTube](https://youtube.com/@GazetaUzb)"
@gazetauz,63473,2026-08-11 10:01:59,19488,26,"**Samsung представил Galaxy A27 5G с интеллектуальными функциями**

Благодаря набору AI-инструментов Awesome Intelligence пользователи могут быстрее находить нужную информацию, легко редактировать фотографии и экономить время при работе с голосовыми записями.

Дополняют эти возможности:

— 6,7-дюймовый Super Amoled-дисплей с частотой обновления 120 Гц;
— производительная платформа Snapdragon 6 Gen 3;
— аккумулятор ёмкостью 5000 мА·ч для комфортного использования устройства в течение всего дня.

Смартфон доступен в продаже в магазинах Samsung и у авторизованных партнёров в Узбекистане.

[Подробнее](https://www.samsung.com/uz_ru/smartphones/galaxy-a/galaxy-a27-5g-black-256gb-sm-a276bzkhsoz/?cid=uz_pd_social_telegram-_none_always-on_galaxy-a27-pr_image_gazeta-uz_awareness).

__На правах рекламы.__"
@gazetauz,63474,2026-08-11 10:16:00,20038,34,"В Ташкенте установили личность мотоциклиста, который разогнался до 210 км/ч на участке с ограничением скорости 60 км/ч. 

В отношении него составили административный протокол, предусматривающий штраф в 15 БРВ — 6,18 млн сумов. 

Мотоцикл поместили на штрафную площадку.

https://www.gazeta.uz/ru/2026/08/11/speeding-violation/

[Telegram](https://t.me/gazetauz)  |  [Instagram](https://instagram.com/gazetauzb)  |  [YouTube](https://youtube.com/@GazetaUzb)"
@gazetauz,63475,2026-08-11 10:35:00,20432,34,"Правоохранительные органы задержали в Фергане Мансура Арипова, известного как «Мансур Казанский», по подозрению в вымогательстве $200 тысяч. 

По версии следствия, он потребовал эти деньги за обратное переоформление нежилого помещения, которое было оформлено на его имя. 

Возбуждено уголовное дело.

https://www.gazeta.uz/ru/2026/08/11/extortion/

[Telegram](https://t.me/gazetauz)  |  [Instagram](https://instagram.com/gazetauzb)  |  [YouTube](https://youtube.com/@GazetaUzb)"
@gazetauz,63476,2026-08-11 11:01:12,19971,46,"Навоийский горно-металлургический комбинат в первом полугодии произвёл около 46,9 тонн золота — на 1,9% меньше, чем годом ранее. При этом стоимость произведённой продукции выросла на 41,7%, до 86,2 трлн сумов, а объём освоенных инвестиций — на 7,9%, до 236,8 млн долларов.

https://www.gazeta.uz/ru/2026/08/11/ngmk/

[Telegram](https://t.me/gazetauz)  |  [Instagram](https://instagram.com/gazetauzb)  |  [YouTube](https://youtube.com/@GazetaUzb)"
@gazetauz,63477,2026-08-11 11:25:08,20766,86,"Тысячи владельцев ипотечных квартир в Узбекистане не могут зарегистрироваться в собственном жилье из-за наложенного на него запрета или ареста. Из-за отсутствия регистрации у семей возникают проблемы с устройством детей в школу или детский сад, прикреплением к поликлинике, получением пенсии и других социальных услуг.

Только в Ташкенте, по данным депутатов, с такими препятствиями столкнулись более 20 тысяч молодых семей и других граждан, купивших жильё по ипотеке. Теперь собственникам и их близким родственникам предлагают разрешить регистрироваться в таких квартирах без согласия банка, суда или Бюро принудительного исполнения.

Законопроект, рассмотренный Законодательной палатой в первом чтении, также должен упростить временную регистрацию студентов в общежитиях и снять ограничения, связанные с социальной нормой площади жилья при регистрации по месту пребывания.

https://www.gazeta.uz/ru/2026/08/11/registration/

[Telegram](https://t.me/gazetauz)  |  [Instagram](https://instagram.com/gazetauzb)  |  [YouTube](https://youtube.com/@GazetaUzb)"
@gazetauz,63478,2026-08-11 12:02:29,19541,7,"7 августа в Ташкенте подвели итоги конкурса детских рисунков «Mehr nima?» от бренда мясных и колбасных изделий Asl Baraka. 

Пять работ победителей были выбраны для оформления лимитированной серии упаковок продукции бренда (реклама).

https://www.gazeta.uz/ru/2026/08/11/asl-baraka/"
@gazetauz,63479,2026-08-11 12:16:00,20187,61,"За грубые нарушения при строительстве в Узбекистане предложили взыскивать с юридических лиц по 5 БРВ (2,2 млн сумов) за каждый квадратный метр объекта, построенного к моменту выявления нарушения. 

Законопроект прошёл первое чтение в Законодательной палате, однако вызвал споры среди депутатов. Они предупредили, что санкции могут достигать миллиардов сумов, создать дополнительную нагрузку на застройщиков и в конечном счёте отразиться на стоимости жилья.

Спикер палаты Нуриддин Исмоилов привёл пример девятиэтажного дома, где сумма взыскания может составить около 12 млрд сумов. 

При этом авторы проекта настаивают, что действующие меры недостаточно сдерживают незаконное строительство, а уплата санкции не будет означать легализацию объекта.

https://www.gazeta.uz/ru/2026/08/11/construction/

[Telegram](https://t.me/gazetauz)  |  [Instagram](https://instagram.com/gazetauzb)  |  [YouTube](https://youtube.com/@GazetaUzb)"
@gazetauz,63480,2026-08-11 12:50:03,20488,70,"Незаконное строительство в Узбекистане превратилось в серьёзную угрозу для безопасности людей, заявил депутат Алишер Кадиров. 

По его словам, случаи, когда застройщик получает разрешение на три этажа, а возводит двенадцать, показывают, что действующие механизмы контроля и ответственности не работают должным образом.

Кадиров признал, что новые финансовые санкции вызвали острые споры даже внутри его фракции. Однако он считает, что нарушение градостроительных требований должно стать для застройщика заведомо убыточным, чтобы попытки «решить вопрос деньгами» или обойти правила теряли экономический смысл.

Законопроект предлагает взыскивать с компаний по 2,2 млн сумов за каждый квадратный метр при грубых нарушениях. Часть депутатов предупредила о миллиардных санкциях, чрезмерной нагрузке на бизнес и возможном росте цен на жильё.

https://www.gazeta.uz/ru/2026/08/11/alisher-kadirov/

[Telegram](https://t.me/gazetauz)  |  [Instagram](https://instagram.com/gazetauzb)  |  [YouTube](https://youtube.com/@GazetaUzb)"
@gazetauz,63481,2026-08-11 13:11:00,20584,13,"«Газете» — 18 лет. 

За несколько дней до дня рождения мы обратились к вам, нашим читателям, с просьбой рассказать, что для вас значит «Газета». 

Редакция получила десятки сообщений — от читателей, а также представителей государственных органов, международных организаций, посольств, бизнеса, общественной и культурной сфер. Этот отклик и внимание очень важны для нашей команды, потому что показывают, что наша работа видима и нужна. 

Мы обещали опубликовать часть поздравлений. С большим удовольствием держим слово.

https://www.gazeta.uz/ru/2026/08/11/18th-anniversary/

[Telegram](https://t.me/gazetauz)  |  [Instagram](https://instagram.com/gazetauzb)  |  [YouTube](https://youtube.com/@GazetaUzb)"
@gazetauz,63482,2026-08-11 13:41:05,20362,54,"**Курс доллара продолжает снижаться**

Центральный банк Узбекистана опубликовал обновлённые курсы валют на 12 августа.

Доллар снизился на 44,66 сума — до 11889,95 сума.

Курс евро подешевел на 70,61 сума, российский рубль — на 0,71 сума. 

[Telegram](https://t.me/gazetauz) | [Instagram](https://instagram.com/gazetauzb) | [YouTube](https://youtube.com/@GazetaUzb)"
@gazetauz,63483,2026-08-11 13:59:15,20778,46,"Авиакомпания Uzbekistan Airways запустила прямое направление Ташкент — Абу-Даби в партнёрстве с Etihad Airways.

Рейсы выполняются с 9 августа, а пассажиры могут накапливать премиальные баллы UzAirPlus при покупке билетов на официальном сайте авиакомпании (реклама).

https://www.gazeta.uz/ru/2026/08/11/uzairways/"
@gazetauz,63484,2026-08-11 14:56:10,21772,40,"«Общественные пространства и парки не могут существовать как отдельные, изолированные участки, иначе город теряет проницаемость». Таково мнение Марии Султановой, архитектора студии «САД», технического консультанта хокимията Ташкента в проекте преобразования территории вокруг резиденции «Оксарой» в общественный парк.

Здесь демонтировали почти 2 км ограждений, десятилетиями отделявших большую зелёную зону от города. В парке сохранят существующее озеленение и дорожки, откроют новые проходы и сделают его доступным с разных сторон.

«Парк естественным образом продолжает набережную Анхора и включается в зелёный каркас Ташкента. Поэтому его открытие важно не только для ближайших районов — оно позволяет соединить существующие пространства и сделать их частью общей городской сети»,  – отметила архитектор.

«Газета» узнала, как будет преобразована территория и какое место она займёт в зелёной системе Ташкента.

https://www.gazeta.uz/ru/2026/08/11/opening-of-the-park/

[Telegram](https://t.me/gazetauz)  |  [Instagram](https://instagram.com/gazetauzb)  |  [YouTube](https://youtube.com/@GazetaUzb)"
@gazetauz,63485,2026-08-11 15:26:26,22580,96,"Азиз Хакимов признан виновным в клевете, оскорблении и возбуждении вражды. 

При этом по обвинению в пропаганде войны он оправдан. 

Его Telegram-канал Comrade_Aziz суд постановил заблокировать.

https://www.gazeta.uz/ru/2026/08/11/aziz-hakimov/

[Telegram](https://t.me/gazetauz)  |  [Instagram](https://instagram.com/gazetauzb)  |  [YouTube](https://youtube.com/@GazetaUzb)"
@gazetauz,63486,2026-08-11 16:51:39,22450,43,"В Узбекистане за полгода предотвратили незаконный вывод 29 трлн сумов и заблокировали почти 19 тысяч банковских карт, связанных с преступлениями, сообщило МВД. 

За это же время более 13 тысячам пострадавших от киберпреступлений вернули свыше 120 млрд сумов.

https://www.gazeta.uz/ru/2026/08/11/cyber-crimes/

[Telegram](https://t.me/gazetauz)  |  [Instagram](https://instagram.com/gazetauzb)  |  [YouTube](https://youtube.com/@GazetaUzb)"
@gazetauz,63487,2026-08-12 04:01:17,21571,25,"В честь 10-летия компания EMU Express сделала бесплатным вызов курьера для отправки посылок. 

Оформить услугу можно через мобильное приложение компании — курьер приедет по указанному адресу и заберёт груз (реклама).

https://www.gazeta.uz/ru/2026/08/12/emu-express/"
@gazetauz,63488,2026-08-12 04:15:00,21702,35,"Президент Узбекистана поручил «Узбекнефтегазу» обеспечить выполнение прогнозов по добыче нефти и газа. 

В августе компания планирует запустить 27 скважин и дополнительно добывать 887 тысяч кубометров газа на пяти месторождениях (это 1% от общего среднесуточного объёма добычи всех газодобывающих компаний в июне).

https://www.gazeta.uz/ru/2026/08/11/gas/

[Telegram](https://t.me/gazetauz)  |  [Instagram](https://instagram.com/gazetauzb)  |  [YouTube](https://youtube.com/@GazetaUzb)"
@gazetauz,63489,2026-08-12 05:08:19,20861,24,"Депутаты не поддержали принятие законопроекта об увеличении штрафов в сфере миграции. 

Основные споры вызвали фиксированные штрафы до 40 БРВ за нарушения при регистрации граждан и иностранцев, а также разграничение ответственности за нарушение паспортной системы и правил пребывания иностранцев.

https://www.gazeta.uz/ru/2026/08/11/registration-foreigners/

[Telegram](https://t.me/gazetauz)  |  [Instagram](https://instagram.com/gazetauzb)  |  [YouTube](https://youtube.com/@GazetaUzb)"
@gazetauz,63490,2026-08-12 06:00:22,20691,13,"В Uzum Market поделились советами родителей о том, как сократить расходы при подготовке детей к новому учебному году. 

Они рассказали, на чем можно сэкономить и какие траты лучше распределить на несколько месяцев (реклама).

https://www.gazeta.uz/ru/2026/08/12/uzum-market/"
@gazetauz,63491,2026-08-12 06:10:47,26521,82,"Тела восьми граждан Узбекистана, погибших во время атаки беспилотников по Нижнекамску, доставили на родину.

Для перевозки тел погибших Министерство обороны выделило самолёт. Фото.

https://www.gazeta.uz/ru/2026/08/12/return/

[Telegram](https://t.me/gazetauz)  |  [Instagram](https://instagram.com/gazetauzb)  |  [YouTube](https://youtube.com/@GazetaUzb)"
@gazetauz,63492,2026-08-12 07:07:45,20563,52,"Агентство социальной защиты намерено расширять участие бизнеса в социальной сфере и сосредоточиться на регулировании и контроле качества услуг. 

В 2026 году объём рынка соцуслуг с участием предпринимателей достиг 1 трлн сумов, а число работающих в нём бизнесов — около 3000.

Руководитель агентства Мансурбек Оллоёров сообщил, что частные организации способны эффективнее заниматься непосредственно оказанием услуги, тогда как государственный орган может сосредоточиться на установлении требований и контроле качества.

Участие частного сектора будет расширяться и дальше. В частности, предприниматели начинают подключаться к новым видам реабилитационных услуг, дневному уходу и другим формам поддержки людей с инвалидностью.

https://www.gazeta.uz/ru/2026/08/12/social-protection/

[Telegram](https://t.me/gazetauz)  |  [Instagram](https://instagram.com/gazetauzb)  |  [YouTube](https://youtube.com/@GazetaUzb)"
@gazetauz,63493,2026-08-12 08:02:07,19447,12,"**«Актуальные 40 дней»: НБУ ознакомился с деятельностью предпринимателей в Навоийской области**

Представители НБУ в рамках инициативы [«Актуальные 40 дней»](https://nbu.uz/ru/novosti/po-vsei-respublike-proxodiat-aktualnye-40-dnei_03_08_26?utm_source=Telegram_post&utm_medium=cpm&utm_campaign=NBU_reach_Telegram_post_tg_post_banner_cpm_audience_channel_pr&utm_content=Gazeta) ознакомились с работой в махалле им. Гафура Гуляма Нуратинского района.

— рассмотрено обращение ООО Govsuvorlar о получении кредита;
— изучена деятельность семейного предприятия ALK-SOFDIL;
— представлены предложения по льготному кредитованию для расширения деятельности.

«НБУ — всегда вместе с вами».

[Facebook](https://www.facebook.com/uznbu) | [Instagram](https://www.instagram.com/nbu.official/) | [YouTube](https://www.youtube.com/@nbu.official)

__На правах рекламы.__"
@gazetauz,63494,2026-08-12 08:33:06,19582,92,"Сенат одобрил конституционный закон об Администрации президента, который впервые закрепляет на законодательном уровне её статус, задачи, полномочия и порядок взаимодействия с другими органами власти. До сих пор эти вопросы преимущественно регулировались подзаконными актами.

Администрация будет обеспечивать организационное, правовое и аналитическое сопровождение деятельности президента, контролировать исполнение его решений и поручений, работать с обращениями граждан и бизнеса, а также участвовать в реализации стратегических проектов и оценке эффективности руководителей.

При доработке документа в Законодательной палате учли предложения спикера Нуриддина Исмоилова и внесли изменения в отдельные нормы. В частности, из проекта исключили безусловное требование повторно проводить правовую, финансовую и антикоррупционную экспертизы уже принятого парламентом закона перед его подписанием президентом.

Закон был принят обеими палатами за несколько дней.

https://www.gazeta.uz/ru/2026/08/12/administration-uzb/

[Telegram](https://t.me/gazetauz)  |  [Instagram](https://instagram.com/gazetauzb)  |  [YouTube](https://youtube.com/@GazetaUzb)"
@gazetauz,63495,2026-08-12 09:16:08,20205,95,"Фестиваль дыни в Хиве установил рекорд Гиннесса по одновременной дегустации дынь. Для оформления павильонов было использовано более 700 тонн дынь. 

На мероприятие приехали 186 тысяч туристов. Среди выступивших артистов была российская певица МакSим. 

Смотрите фоторепортаж «Газеты».

https://www.gazeta.uz/ru/2026/08/12/melon-festival-khiva/

[Telegram](https://t.me/gazetauz)  |  [Instagram](https://instagram.com/gazetauzb)  |  [YouTube](https://youtube.com/@GazetaUzb)"
@gazetauz,63496,2026-08-12 09:45:00,20033,30,"Нового посла Германии в Узбекистане Маттиаса Фоллерта принял министр иностранных дел Бахтиёр Саидов. 

Предыдущим послом был Манфред Хутерер.

https://www.gazeta.uz/ru/2026/08/12/matthias-vollert/

[Telegram](https://t.me/gazetauz)  |  [Instagram](https://instagram.com/gazetauzb)  |  [YouTube](https://youtube.com/@GazetaUzb)"
@gazetauz,63497,2026-08-12 09:59:29,19781,26,"«Капиталбанк» запустил голосовое сопровождение в банкоматах для клиентов с нарушением зрения.

При подключении проводных наушников система озвучивает инструкции для снятия и пополнения средств, проверки баланса, оплаты услуг и других операций (реклама).

https://www.gazeta.uz/ru/2026/08/12/kapitalbank/"
@gazetauz,63498,2026-08-12 10:29:00,20031,40,"Сенат одобрил закон «О рыночном надзоре», который вводит новую систему контроля безопасности непродовольственных товаров после их выхода на рынок. При выявлении нарушений продукцию смогут ограничивать в продаже, отзывать или изымать из обращения, а таможня получит право приостанавливать выпуск подозрительных партий.

Ответственность за небезопасный товар будет возлагаться не только на продавца, но и на импортёра и производителя. Органы надзора смогут проводить контрольные закупки, экспертизы и испытания, при этом проверки должны строиться на оценке рисков, а не на массовом контроле бизнеса.

Для предпринимателей предусмотрены гарантии от злоупотреблений: они смогут участвовать в проверках, знакомиться с документами, вести аудио- и видеозапись действий проверяющих и обжаловать их решения. Также планируется создать единую информационную систему и цифровую базу опасной продукции.

https://www.gazeta.uz/ru/2026/08/12/market-control/

[Telegram](https://t.me/gazetauz)  |  [Instagram](https://instagram.com/gazetauzb)  |  [YouTube](https://youtube.com/@GazetaUzb)"
@gazetauz,63499,2026-08-12 11:30:17,20141,46,"Сенаторы Узбекистана одобрили закон «Об общей безопасности продукции», предусматривающий оценку рисков в течение всего жизненного цикла товара. 

Сейчас для более 7000 из свыше 13 тысяч товарных позиций не установлены общие требования безопасности. 

Новый закон вводит единые правила для непродовольственных товаров и закрепляет ответственность производителей, импортёров и продавцов, включая зарубежные маркетплейсы.

https://www.gazeta.uz/ru/2026/08/12/safety/

[Telegram](https://t.me/gazetauz)  |  [Instagram](https://instagram.com/gazetauzb)  |  [YouTube](https://youtube.com/@GazetaUzb)"
@gazetauz,63500,2026-08-12 11:59:23,19636,23,"До 15 августа продолжается приём заявок на President AI Award 2026. Для участия командам необходимо иметь как минимум работающий MVP. 

На первом этапе 25 проектов пройдут акселерацию, после чего определят 15 победителей (реклама).

https://www.gazeta.uz/ru/2026/08/12/it-park/"
@gazetauz,63501,2026-08-12 12:52:37,20023,70,"После внедрения рыночного надзора потребность в испытаниях продукции в Узбекистане заметно вырастет, заявили в Агентстве техрегулирования. 

Сейчас в стране работают 304 аккредитованные лаборатории, однако этого недостаточно. Власти рассчитывают расширять участие частного сектора.

https://www.gazeta.uz/ru/2026/08/12/laboratories/

[Telegram](https://t.me/gazetauz)  |  [Instagram](https://instagram.com/gazetauzb)  |  [YouTube](https://youtube.com/@GazetaUzb)"
@gazetauz,63502,2026-08-12 13:05:00,20458,51,"Жительница Багдадского района в своём доме нелегально обучала религии 41 девочку. Самым маленьким было по 5−6 лет. 

В отношении женщины возбуждено уголовное дело, а родителям 41 девочки могут быть назначены штрафы.

https://www.gazeta.uz/ru/2026/08/12/hujra/

[Telegram](https://t.me/gazetauz)  |  [Instagram](https://instagram.com/gazetauzb)  |  [YouTube](https://youtube.com/@GazetaUzb)"
@gazetauz,63503,2026-08-12 13:31:15,20206,33,"Новым послом Швейцарии в Узбекистане стала Симон Гигер. 

На этом посту она сменила Константина Оболенского.

https://www.gazeta.uz/ru/2026/08/12/simone-giger/

[Telegram](https://t.me/gazetauz)  |  [Instagram](https://instagram.com/gazetauzb)  |  [YouTube](https://youtube.com/@GazetaUzb)"
@gazetauz,63504,2026-08-12 13:59:18,20021,26,"Клиенты АКБ «Банк развития бизнеса» получили возможность проводить основные операции по счетам из «1С:Бухгалтерия» и Didox. 

Это стало возможным после интеграции платформы «Бизнес 24/7» с сервисом Dibank (реклама).

https://www.gazeta.uz/ru/2026/08/12/brb/"
@gazetauz,63505,2026-08-12 15:11:35,20974,165,"В связи с Днём независимости жители Узбекистана получат дополнительный выходной 31 августа. 

При пятидневной рабочей неделе отдых продлится четыре дня — с 29 августа по 1 сентября, при шестидневной — три дня, с 30 августа по 1 сентября.

https://www.gazeta.uz/ru/2026/08/12/holidays/

[Telegram](https://t.me/gazetauz)  |  [Instagram](https://instagram.com/gazetauzb)  |  [YouTube](https://youtube.com/@GazetaUzb)"
@gazetauz,63506,2026-08-12 15:27:26,20258,89,"Сенаторы Узбекистана одобрили поправки, по которым гражданам с I и II группами инвалидности пенсию будут назначать проактивно — без отдельного обращения. По расчётам, новый порядок позволит ежегодно упростить получение пенсии примерно для 52 тысяч человек.

Для работающих получателей пенсии по инвалидности вводится автоматический перерасчёт раз в два года с учётом дополнительного стажа и заработка. Сейчас для этого необходимо подавать заявление. В Пенсионном фонде ежегодно пересчитывают такие выплаты примерно 8000 гражданам.

Ещё одна норма ограничивает удержания из пенсий: после них пенсионеру должны оставлять не менее 715 тысяч сумов — официального размера минимальных потребительских расходов (показатель черты бедности). Ожидается, что эта гарантия затронет около 45 тысяч человек в год.

https://www.gazeta.uz/ru/2026/08/12/pensions/

[Telegram](https://t.me/gazetauz)  |  [Instagram](https://instagram.com/gazetauzb)  |  [YouTube](https://youtube.com/@GazetaUzb)"
@gazetauz,63507,2026-08-12 16:04:44,21434,63,"К июлю 2026 года в Узбекистане 85% пенсий по возрасту назначались проактивно — без заявления гражданина. В первый месяц после запуска системы в 2025 году показатель составлял 42%. В Пенсионном фонде рост объяснили постепенным устранением проблем с оцифровкой данных о трудовой деятельности.

При этом в Сенате обратили внимание на жалобы граждан, которым из-за неполного учёта стажа пенсия могла рассчитываться в меньшем размере. К концу 2027 года соответствующие услуги планируется полностью перевести в проактивный и электронный формат.

С момента запуска системы пенсии по возрасту без подачи заявления были назначены 154 205 гражданам. Теперь такой порядок предлагается распространить и на людей с I и II группами инвалидности. 

Председатель Сената Танзила Нарбаева подчеркнула, что цифровизация не должна из-за технических и организационных проблем превращать получение пенсии в более сложный процесс.

https://www.gazeta.uz/ru/2026/08/12/proactive-pension/

[Telegram](https://t.me/gazetauz)  |  [Instagram](https://instagram.com/gazetauzb)  |  [YouTube](https://youtube.com/@GazetaUzb)"
@gazetauz,63508,2026-08-13 03:59:15,20629,40,"Микрофинансовая организация [Una Moliya](https://unamoliya.uz/), лицензированная Центральным банком Республики Узбекистан, запустила мобильное приложение. 

Оформить заём до 25 млн сумов и получить деньги на карту стало ещё удобнее (реклама).

https://www.gazeta.uz/ru/2026/08/13/una-moliya/"
@gazetauz,63509,2026-08-13 04:29:28,22101,101,"Жители махалли «Аккурган» Мирзо-Улугбекского района через суд добились отмены решения о строительстве нового центра махалли. 

В ходе разбирательства установлено, что действующее здание комитета пригодно для работы, а согласие жителей на строительство нового здания получено не было.

https://www.gazeta.uz/ru/2026/08/12/court-victory/

[Telegram](https://t.me/gazetauz)  |  [Instagram](https://instagram.com/gazetauzb)  |  [YouTube](https://youtube.com/@GazetaUzb)"
@gazetauz,63510,2026-08-13 05:33:33,19696,31,"Хоким Сурхандарьинской области Улугбек Косимов раскритиковал состояние трассы М-39, условия в поездах, а также высокие цены билетов на поезда и самолёты. 

Он назвал транспортную прокуратуру и комитет по конкуренции «зрителями» и поручил исправить ситуацию до следующей недели.

https://www.gazeta.uz/ru/2026/08/13/ulugbek-kosimov/

[Telegram](https://t.me/gazetauz)  |  [Instagram](https://instagram.com/gazetauzb)  |  [YouTube](https://youtube.com/@GazetaUzb)"
@gazetauz,63511,2026-08-13 05:53:43,19016,54,"В семи районах Ташкента планируется построить когенерационные установки общей электрической мощностью 203 МВт, сообщили «Газете» в компании «Тепловые электрические станции». Проекты реализуют на основе государственно-частного партнёрства, инвестиции оцениваются в $173 млн.

Новые объекты появятся в Мирзо-Улугбекском, Янгихаётском, Яшнабадском, Учтепинском, Мирабадском, Шайхантахурском и Юнусабадском районах. Они должны обеспечить теплом 615 объектов, включая 549 многоквартирных домов, 17 школ, 26 детских садов и семь медицинских учреждений.

После запуска всех семи проектов станции смогут ежегодно вырабатывать около 1,5 млрд кВт·ч электроэнергии и отпускать порядка 1,2 млн Гкал тепла. Аналогичные когенерационные объекты уже работают в Чиланзарском, Алмазарском и Сергелийском районах столицы.

https://www.gazeta.uz/ru/2026/08/13/cogeneration-tashkent/

[Telegram](https://t.me/gazetauz)  |  [Instagram](https://instagram.com/gazetauzb)  |  [YouTube](https://youtube.com/@GazetaUzb)"
@gazetauz,63512,2026-08-13 06:04:03,18665,73,"**Второй грузовой поезд «Белорусский караван» прибыл в Узбекистан
**
В соответствии с договорённостями, достигнутыми между президентами Республики Узбекистан и Республики Беларусь, последовательно продолжается практическая работа по организации прямого грузового железнодорожного сообщения по маршруту Беларусь – Узбекистан. Запуск маршрута уже носит постоянный характер — белорусская сторона подтвердила еженедельный график отправок составов из Орши-Восточной.

Второй грузовой поезд «Белорусский караван», отправившийся со станции Орша-Восточная, расположенной в Витебской области Республики Беларусь, прибыл на станцию Чукурсай в Узбекистане за 7 суток.

Грузы в составе поезда, насчитывающего 44 вагона, после прибытия на станцию Чукурсай будут направлены на станции Ахтачи, Роустан, Назарбек и Какир.

В составе поезда перевозятся пиломатериалы, сахар, плитные материалы, а также различные товары народного потребления.

Прибытие данного грузового поезда в столь короткие сроки имеет важное значение для дальнейшего развития транспортно-логистических связей между Узбекистаном и Беларусью, увеличения объемов двусторонней торговли, а также организации регулярных грузовых перевозок между двумя странами.

[Cайт](http://www.railway.uz/uz/) | [Facebook](https://www.facebook.com/uzrailway) | [Instagram](https://www.instagram.com/uzrailways_uz) | [Telegram](https://t.me/uzrailways_uz) | [YouTube](https://www.youtube.com/uzrailwaysuz) | [X](https://x.com/uzrailway_uz)

__На правах рекламы.__"
@gazetauz,63513,2026-08-13 06:39:01,19698,52,"Сенат одобрил поправки в закон «О рекламе», согласно которым объявления о кредитах и микрозаймах должны будут содержать предупреждение о рисках невыполнения обязательств. 

Оно должно занимать не менее 10% основной площади или времени рекламы. Власти связывают меру с ростом кредитования и долговой нагрузки населения.

https://www.gazeta.uz/ru/2026/08/13/credits/

[Telegram](https://t.me/gazetauz)  |  [Instagram](https://instagram.com/gazetauzb)  |  [YouTube](https://youtube.com/@GazetaUzb)"
@gazetauz,63514,2026-08-13 07:10:08,19748,109,"Центральный банк обеспокоен ростом долговой нагрузки населения и прежде всего тем, насколько заёмщики способны обслуживать свои обязательства. На заседании Сената зампред ЦБ Санжар Носиров назвал ситуацию тревожной, отметив, что регулятор следит не столько за самим увеличением объёма кредитования, сколько за нагрузкой на доходы граждан.

По данным, озвученным сенатором Хусаном Эрматовым, за последний год кредитование населения выросло на 21,2%, тогда как задолженность предпринимателей — на 12%. За шесть лет долги населения перед банками увеличились более чем в пять раз — примерно до 231 трлн сумов.

Для ограничения рисков ЦБ уже ввёл ряд нормативов: на обслуживание кредитов должно уходить не более 50% месячного дохода заёмщика. Кроме того, сумма долга ограничена восьмикратным размером официального дохода и пятикратным — при неофициальном доходе.

https://www.gazeta.uz/ru/2026/08/13/loans/

[Telegram](https://t.me/gazetauz)  |  [Instagram](https://instagram.com/gazetauzb)  |  [YouTube](https://youtube.com/@GazetaUzb)"
@gazetauz,63515,2026-08-13 08:00:20,20151,103,"**All-New Li L9 уже в Узбекистане **

1370 км хода из которых 350 км на чистом электро. Платформа 800V, подруливающие задние колёса, экран 29″ и Yandex Auto на борту — Yandex Maps, Yandex Music, Yandex Books и Yandex Video с библиотекой Kinopoisk. Флагман для жары и дорог Узбекистана.

Цены:

— L9 Ultra – 1 099 900 000 сумов;
— L9 Livis – 1 299 900 000 сумов.

До 30 сентября – выгода 39 900 000 сумов и другие привилегии первым владельцам.

Салоны — Ташкент, Самарканд, Бухара. Официальная гарантия, OTA-обновления.

Более 5000 семей уже выбрали Li Auto.

Записаться на тест-драйв можно [по ссылке](https://www.liauto.com/ru_uz/drive/reserve.html?transparent=2&carModel=L9&utm_source=telegram&utm_medium=other&utm_campaign=L9_Launch_TG&utm_content=RU).

__На правах рекламы.__"
@gazetauz,63517,2026-08-13 09:06:57,18687,8,"Сотрудники ДПС в Чиракчинском районе Кашкадарьи перекрыли машиной дорогу, чтобы остановить нарушителя. 

Водитель Nexia-2 несколько раз проигнорировал сигнал об остановке и продолжил движение, протаранив служебный автомобиль. 

После задержания он сказал, что был без документов и испугался.

https://www.gazeta.uz/ru/2026/08/13/incident/

[Telegram](https://t.me/gazetauz)  |  [Instagram](https://instagram.com/gazetauzb)  |  [YouTube](https://youtube.com/@GazetaUzb)"
@gazetauz,63518,2026-08-13 09:30:17,19541,30,"**«Приведите кого-нибудь зрячего!» Как внутренняя инструкция нотариусов перевесила закон**

Люди с инвалидностью по зрению сталкиваются с систематической дискриминацией при получении нотариальных услуг. 

Нотариусы не принимают закреплённые законом факсимильные подписи, требуя привести представителя из Общества слепых. 

Дильмурад Юсупов и Абдулло Абдухалилов призывают менять систему.

https://www.gazeta.uz/ru/2026/08/13/rights/

[Telegram](https://t.me/gazetauz)  |  [Instagram](https://instagram.com/gazetauzb)  |  [YouTube](https://youtube.com/@GazetaUzb)"
@gazetauz,63519,2026-08-13 09:59:15,18476,16,"AKFA Comfort расширил линейку радиаторов для разных систем отопления — от частных домов до многоэтажных зданий.

В ассортименте представлены алюминиевые и биметаллические модели с разными показателями теплоотдачи и рабочего давления (реклама).

https://www.gazeta.uz/ru/2026/08/13/akfa/"
@gazetauz,63520,2026-08-13 10:32:34,18971,48,"Сенаторы Узбекистана одобрили поправки в законодательство об экстремизме. За первое изготовление и хранение для распространения экстремистских материалов предлагается применять административное, а не уголовное наказание. 

Одновременно предлагается дифференцировать наказание для участников и организаторов запрещённых организаций: для первых санкции будут мягче, для создателей и руководителей — строже. 

Кроме того, само понятие экстремизма сузят до восьми конкретных видов действий. Термин «религиозный экстремизм» заменят на «экстремизм», а в законодательстве появятся механизмы защиты сообщающих о такой деятельности, электронный реестр экстремистских организаций и материалов и меры по ресоциализации осуждённых.

Законопроект предусматривал новые механизмы противодействия экстремизму. В их числе — порядок признания организаций и «неформальных структур» экстремистскими.

https://www.gazeta.uz/ru/2026/08/13/extremism/

[Telegram](https://t.me/gazetauz)  |  [Instagram](https://instagram.com/gazetauzb)  |  [YouTube](https://youtube.com/@GazetaUzb)"
@gazetauz,63521,2026-08-13 10:52:58,19911,108,"Сенат Узбекистана одобрил поправку в Семейный кодекс, которая позволит присваивать ребёнку фамилию, образованную от имени отца. 

Сейчас закон разрешает выбирать фамилию отца или матери, а также по национальным традициям образовывать её от имени деда по отцовской или материнской линии.

https://www.gazeta.uz/ru/2026/08/13/surname-uzb/

[Telegram](https://t.me/gazetauz)  |  [Instagram](https://instagram.com/gazetauzb)  |  [YouTube](https://youtube.com/@GazetaUzb)"
@gazetauz,63522,2026-08-13 11:18:01,19288,51,"В Узбекистане предлагают продлить до 2038 года налоговые льготы по доходам от акций и облигаций, часть которых сейчас действует до конца 2028 года. В НАПП считают, что долгосрочные преференции дадут инвесторам больше предсказуемости и повысят привлекательность рынка капитала.

Льготы планируется распространить и на новые инструменты, включая сукук. Физических и юридических лиц — резидентов и нерезидентов — хотят освободить от налогов по процентным доходам и положительной курсовой разнице по облигациям, а для дивидендов сохранить действующие преференции.

По расчётам регулятора, комплекс мер должен способствовать росту инвестиций на фондовом рынке с 10 трлн сумов в 2026 году до 20 трлн сумов к 2030 году.

https://www.gazeta.uz/ru/2026/08/13/dividend-benefits/

[Telegram](https://t.me/gazetauz)  |  [Instagram](https://instagram.com/gazetauzb)  |  [YouTube](https://youtube.com/@GazetaUzb)"
@gazetauz,63523,2026-08-13 11:59:15,18732,18,"Oxbridge International School делает ставку не только на оценки, но и на понимание предметов, самостоятельность и подготовку к будущей профессии.

Для этого в учебный процесс встроены углублённые курсы, языковая подготовка, проектная работа и индивидуальная поддержка (реклама).

https://www.gazeta.uz/ru/2026/08/13/oxbridge/"
@gazetauz,63524,2026-08-13 12:18:01,19387,61,"НАПП представило проект нового закона «О рынке капитала», который должен заменить действующий закон «О рынке ценных бумаг». Документ предусматривает появление сукук, деривативов, секьюритизированных и других новых инструментов, а также упрощение доступа иностранных инвесторов на рынок Узбекистана.

Одновременно предлагается существенно расширить полномочия регулятора: НАПП сможет самостоятельно применять финансовые санкции, запрашивать сведения, составляющие банковскую тайну, ограничивать отдельные операции профучастников и приостанавливать обращение ценных бумаг.

В агентстве рассчитывают, что внедрение новых инструментов позволит увеличить объём привлечения инвестиций через фондовый рынок с 10 трлн сумов в 2026 году до 20 трлн сумов в 2030-м. Отдельно предусмотрены налоговые льготы для ряда инструментов и интеграция национальной депозитарной системы с Clearstream и Euroclear.

https://www.gazeta.uz/ru/2026/08/13/capital-market/

[Telegram](https://t.me/gazetauz)  |  [Instagram](https://instagram.com/gazetauzb)  |  [YouTube](https://youtube.com/@GazetaUzb)"
@gazetauz,63525,2026-08-13 13:20:00,19484,38,"Основательница проекта Nemolchi.uz Ирина Матвиенко провела в галерее Human House лекцию о насилии, которое может быть не только физическим, как его зачастую воспринимают.

Задача абьюзера — подавить другого человека психологически. Для этого могут быть использованы манипуляция заботой, цифровой и финансовый контроль, видимость выбора, изоляция от близких и друзей, угрозы и газлайтинг. 

«Если вы видите, что ваша знакомая сталкивается с насилием, то самое важное — её не осуждать. Часто бывает, что женщины ничего не предпринимают, а ждут, что кто-то придёт и спасёт их. Тут важно родственникам, друзьям и близким не играть в ""спасателей"". Если они пытаются принять меры за пострадавших, то надо быть готовыми к тому, что спасать этого человека придётся всю жизнь», — говорит Ирина Матвиенко.

«Газета» публикует конспект её выступления.

https://www.gazeta.uz/ru/2026/08/13/violence/

[Telegram](https://t.me/gazetauz)  |  [Instagram](https://instagram.com/gazetauzb)  |  [YouTube](https://youtube.com/@GazetaUzb)"
@gazetauz,63526,2026-08-13 13:40:05,23167,28,"Защитник сборной Узбекистана Бехруз Каримов после чемпионата мира привлёк интерес сразу нескольких европейских клубов, включая команду Бундеслиги, французский клуб, команды английского Чемпионшипа и City Football Group. По словам его агента Гайрата Хасбиуллина, окончательный выбор свёлся к швейцарскому «Лугано» и структуре «Манчестер Сити». 

Сторона игрока решила отказаться от варианта с City Football Group из-за риска аренды и ограниченного игрового времени. В «Лугано», напротив, Каримова видят кандидатом на место в основном составе и рассчитывают дать ему возможность постепенно адаптироваться к европейскому футболу.  

В эксклюзивном интервью «Газете» агент также рассказал о восстановлении защитника после перелома перед чемпионатом мира, планах в Швейцарии и объяснил, почему европейские клубы пока редко готовы платить за футболистов из Узбекистана более 500 тысяч долларов.

https://www.gazeta.uz/ru/2026/08/13/bekhruz-karimov/

[Telegram](https://t.me/gazetauz)  |  [Instagram](https://instagram.com/gazetauzb)  |  [YouTube](https://youtube.com/@GazetaUzb)"
@gazetauz,63527,2026-08-13 13:49:04,18527,25,"**Курс доллара снизился**

Центральный банк Узбекистана опубликовал обновлённые курсы валют на 14 августа.

Доллар снизился на 10,69 сума — до 11937,89 сума.

Курс евро подешевел на 24,28 сума, российский рубль — на 2,53 сума. 

[Telegram](https://t.me/gazetauz) | [Instagram](https://instagram.com/gazetauzb) | [YouTube](https://youtube.com/@GazetaUzb)"
@gazetauz,63528,2026-08-13 14:02:18,19306,65,"Сервис Yandex Maps научился находить в Ташкенте пешеходные маршруты с большим количеством деревьев и потенциальной тени. 

Для этого сервис анализирует мультиспектральные спутниковые снимки с помощью нейросети и учитывает температуру воздуха (реклама).

https://www.gazeta.uz/ru/2026/08/13/yandex-maps/"
@gazetauz,63529,2026-08-13 14:20:04,19582,19,"По итогам второго квартала 2026 года 64% предпринимателей в Узбекистане в опросе Центробанка сообщили об улучшении условий для ведения бизнеса против 61% годом ранее. 

Доля предприятий, работающих с относительно высокой загрузкой мощностей, выросла с 50% до 58%, а 56% респондентов отметили увеличение объёма заказов.

Одновременно бизнес продолжает сталкиваться с системными ограничениями. Среди основных причин, мешающих работать на полную мощность, предприниматели называли перебои с газом и электричеством, недостаточный спрос, рост цен на автомобильное топливо и проблемы с логистикой. 

В Ташкенте и Ташкентской области доля указавших на перебои с энергоснабжением заметно выросла.

При этом ожидания бизнеса стали существенно оптимистичнее: 82% опрошенных рассчитывают на улучшение макроэкономических условий в среднесрочной перспективе против 66% годом ранее. 

https://www.gazeta.uz/ru/2026/08/13/business-sentiment/

[Telegram](https://t.me/gazetauz)  |  [Instagram](https://instagram.com/gazetauzb)  |  [YouTube](https://youtube.com/@GazetaUzb)"
@gazetauz,63530,2026-08-13 15:16:13,19756,19,"Мозаики на здании бывшего тубдиспансера в Юнусабадском районе Ташкента (1972 год) перенесут в другое место. 

Агентство культурного наследия Узбекистана подчеркнуло их историческую и художественную ценность и рассматривает включение композиций в национальный реестр.

https://www.gazeta.uz/ru/2026/08/13/mosaics/

[Telegram](https://t.me/gazetauz)  |  [Instagram](https://instagram.com/gazetauzb)  |  [YouTube](https://youtube.com/@GazetaUzb)"
@gazetauz,63531,2026-08-13 15:34:01,21604,37,"Перед открытым диалогом президента с предпринимателями опрошены 5072 представителя бизнеса. 

Компании указали на проблемы с кредитованием, перебои в энергоснабжении, рост себестоимости, сложности с экспортом и налоговым администрированием. 

Шавкат Мирзиёев поручил определить по каждой поднятой проблеме конкретное решение, механизм реализации, ответственных и сроки исполнения.

https://www.gazeta.uz/ru/2026/08/13/business/

[Telegram](https://t.me/gazetauz)  |  [Instagram](https://instagram.com/gazetauzb)  |  [YouTube](https://youtube.com/@GazetaUzb)"
@gazetauz,63532,2026-08-13 16:25:33,22590,106,"Президент Узбекистана освободил Русланбека Давлетова от должности своего советника по вопросам представительных органов, ННО и молодёжи. 

Этот пост занял Олим Давлатов (на фото), до этого работавший директором Института социально-духовных исследований при Республиканском центре духовности и просвещения.

https://www.gazeta.uz/ru/2026/08/13/advisor/

[Telegram](https://t.me/gazetauz)  |  [Instagram](https://instagram.com/gazetauzb)  |  [YouTube](https://youtube.com/@GazetaUzb)"
@gazetauz,63533,2026-08-14 04:00:32,22051,74,"Держатели карт HUMO теперь могут снимать наличные и проверять баланс в банкоматах Halyk Bank в Казахстане. 

Ранее картами HUMO уже можно было оплачивать покупки через платёжные терминалы Halyk Bank (реклама).

https://www.gazeta.uz/ru/2026/08/14/humo/"
@gazetauz,63534,2026-08-14 04:45:24,22025,86,"На перекрёстке Актепа в Ташкенте открыли левые повороты — водителям теперь не нужно ехать сотни метров для разворота. Рядом с одним надземным переходом появились «зебры», у второго их пока нет. 

Неудобный перекрёсток был создан летом 2016 года — тогда власти активно подстраивали город под автомобилистов, полностью игнорируя существование пешеходов, и продвигали идею «бессветофорных трасс». В том году здесь была ликвидирована популярная и загруженная трамвайная линия.

Улицы и общественные пространства Ташкента становятся более человечными, однако сделать ещё предстоит много, и многое нужно было делать ещё вчера.

https://www.gazeta.uz/ru/2026/08/14/streets/

[Telegram](https://t.me/gazetauz)  |  [Instagram](https://instagram.com/gazetauzb)  |  [YouTube](https://youtube.com/@GazetaUzb)"
@gazetauz,63535,2026-08-14 05:30:00,19823,19,"31-летний мужчина получил 10 лет лишения свободы по обвинению в участии в экстремистской деятельности и финансировании терроризма. 

Сообщается, что он общался с членами запрещённых организаций и пытался присоединиться к боевикам в Сирии.

https://www.gazeta.uz/ru/2026/08/14/case/

[Telegram](https://t.me/gazetauz)  |  [Instagram](https://instagram.com/gazetauzb)  |  [YouTube](https://youtube.com/@GazetaUzb)"
@gazetauz,63536,2026-08-14 05:59:15,19699,7,"Более 14 млн Гб мобильного интернета в месяц — такой объем данных сегодня приходится на Бухарскую и Самаркандскую области по данным Mobiuz.

Чтобы справляться с растущей нагрузкой, за семь месяцев текущего года мобильный оператор запустил свыше 180 новых базовых станций 4G LTE (реклама).

https://www.gazeta.uz/ru/2026/08/14/mobiuz/"
@gazetauz,63537,2026-08-14 06:15:00,20793,60,"В 2017 году улицу Аккурган в Ташкенте хотели «джентрифицировать», создав условия для горожан и сделав локацию желанной для бизнеса. 

Спустя почти 9 лет заведений стало больше, но тротуары оказались заняты автомобилями, а один из них разрушили и восстановить намерены лишь через год. 

Почему на всех уровнях никак не получается сделать заботу о человеке главным принципом городского управления? Репортаж «Газеты».

https://www.gazeta.uz/ru/2026/08/14/akkurgan-street/

[Telegram](https://t.me/gazetauz)  |  [Instagram](https://instagram.com/gazetauzb)  |  [YouTube](https://youtube.com/@GazetaUzb)"
@gazetauz,63538,2026-08-14 06:23:15,19974,50,"Узбекистан обсуждает участие национальных компаний в строительстве и модернизации электросетей и подстанций Афганистана, заявил министр энергетики Шерзод Ходжаев. 

Кроме того, планируется экспорт излишков электроэнергии, но только после полного удовлетворения внутреннего спроса.

Ходжаев также отдельно отметил перспективы развития генерации в Сурхандарьинской области, граничащей с Афганистаном.

«Сурхандарья — регион с очень высоким солнечным потенциалом. Мощности солнечной станции, которая уже сегодня там работает, достаточно, чтобы полностью покрыть потребности Сурхандарьинской области. Но мы планируем построить там ещё две-три электростанции», — сказал министр.

https://www.gazeta.uz/ru/2026/08/14/energy-afghanistan-uzb/

[Telegram](https://t.me/gazetauz)  |  [Instagram](https://instagram.com/gazetauzb)  |  [YouTube](https://youtube.com/@GazetaUzb)"
@gazetauz,63539,2026-08-14 07:45:38,21321,258,"Шавкат Мирзиёев подписал конституционный закон об Администрации президента. 

Она будет контролировать исполнение президентских решений, оценивать работу чиновников и координировать хокимияты и судебно-правовые реформы. 

Для её сотрудников вводятся расширенные гарантии неприкосновенности.

https://www.gazeta.uz/ru/2026/08/14/president-administration/

[Telegram](https://t.me/gazetauz)  |  [Instagram](https://instagram.com/gazetauzb)  |  [YouTube](https://youtube.com/@GazetaUzb)"
@gazetauz,63540,2026-08-14 08:07:50,23403,414,"В Узбекистане распоряжения руководителя Администрации президента получат отдельный статус в системе нормативно-правовых актов и займут более высокое место, чем постановления Кабмина, акты министерств и решения местных органов власти. 

Такие распоряжения будут обязательны для исполнения всеми государственными органами, предприятиями, учреждениями, организациями и должностными лицами на всей территории Узбекистана.

https://www.gazeta.uz/ru/2026/08/14/order/

[Telegram](https://t.me/gazetauz)  |  [Instagram](https://instagram.com/gazetauzb)  |  [YouTube](https://youtube.com/@GazetaUzb)"
@gazetauz,63541,2026-08-14 08:22:15,19590,46,"Теперь карту для детей UZCARD Kids можно открыть и в АКБ «Узсаноаткурилишбанк» (SQB). 

Банк стал 13-м эмитентом проекта, а с начала текущего года по стране было выпущено около 50 тысяч детских карт (реклама).

https://www.gazeta.uz/ru/2026/08/14/uzcard-kids/"
@gazetauz,63542,2026-08-14 08:50:29,19861,139,"Суд в Ташкенте перевёл процесс по делу бывшего руководства «Узбекнефтегаза» и других подсудимых в закрытый режим. 

Об этом ходатайствовал прокурор, сославшись на рассмотрение секретных документов и материалов для служебного пользования. 

Адвокаты экс-главы «Узбекнефтегаза» Баходиржона Сидикова просили сохранить судебный процесс открытым, закрывая заседания только при рассмотрении документов для служебного пользования. 

Но судья принял решение перевести в закрытый режим весь процесс.

https://www.gazeta.uz/ru/2026/08/14/closed-court/

[Telegram](https://t.me/gazetauz)  |  [Instagram](https://instagram.com/gazetauzb)  |  [YouTube](https://youtube.com/@GazetaUzb)"
@gazetauz,63543,2026-08-14 09:15:07,20477,115,"Конституционный закон об Администрации президента меняет порядок назначения заместителей министров, руководителей комитетов и ряда других чиновников. 

В нескольких законах прямое указание на то, кто принимает кадровое решение, заменяется формулировкой «в порядке, определяемом президентом».

Изменения затронут заместителей руководителей министерств, комитетов, агентств и инспекций, заместителей хокимов областей и Ташкента, заместителей министра внутренних дел, а также отдельных руководителей налоговых органов.

Это означает, что конкретный механизм назначения и увольнения будет определяться президентом отдельно. 

https://www.gazeta.uz/ru/2026/08/14/deputies/

[Telegram](https://t.me/gazetauz)  |  [Instagram](https://instagram.com/gazetauzb)  |  [YouTube](https://youtube.com/@GazetaUzb)"
@gazetauz,63544,2026-08-14 10:01:18,19930,30,"В Ташкентском международном университете Кимё состоялась церемония выпуска студентов бакалавриата и магистратуры 2026 года. 

Часть студентов ещё до получения диплома получила предложения о работе, а выпускникам с высокими результатами предложили продолжить обучение в магистратуре (реклама).

https://www.gazeta.uz/ru/2026/08/14/kiut/"
@gazetauz,63545,2026-08-14 10:40:07,20234,28,"Президент Кыргызстана Садыр Жапаров заявил, что ещё два года назад решил не баллотироваться на выборах 2027 года и хотел поддержать Камчыбека Ташиева в качестве своего преемника. 

Однако позже, по его словам, он увидел, что глава ГКНБ «не готов», в том числе из-за ситуации в его окружении.

Жапаров также объяснил причины его отставки и исключил скорое возвращение на госслужбу.

https://www.gazeta.uz/ru/2026/08/14/sadir-japarov/

[Telegram](https://t.me/gazetauz)  |  [Instagram](https://instagram.com/gazetauzb)  |  [YouTube](https://youtube.com/@GazetaUzb)"
@gazetauz,63546,2026-08-14 11:07:10,20338,92,"Президент Кыргызстана Садыр Жапаров заявил, что после прихода к власти предложил Пекину начать строительство железной дороги Китай — Кыргызстан — Узбекистан, однако китайская сторона, по его словам, отказалась запускать проект без согласия России. 

После этого Жапаров обсудил вопрос с Владимиром Путиным и, как он утверждает, получил его поддержку.

«В итоге мне удалось её убедить. Позицию Китая тоже можно понять. Это великие державы. Если говорить о крупнейших мировых державах, это Китай, Россия, Америка. Они не могут не учитывать позиции друг друга. Поэтому после того, как китайская сторона поставила передо мной такой вопрос, я поехал к Владимиру Владимировичу», — сказал он.

https://www.gazeta.uz/ru/2026/08/14/china-kg-uzb-railway/

[Telegram](https://t.me/gazetauz)  |  [Instagram](https://instagram.com/gazetauzb)  |  [YouTube](https://youtube.com/@GazetaUzb)"
@gazetauz,63547,2026-08-14 11:19:51,21814,198,"Перебои с электричеством 14 августа почти одновременно затронули Узбекистан, Казахстан, Таджикистан и Кыргызстан. 

Минэнерго Узбекистана заявило, что причиной стала авария в энергосистеме соседней страны, повлиявшая на всю энергосистему Центральной Азии. 

Какую именно страну имеет в виду ведомство, пока не уточняется.

В это же время в Казахстане аварийно отключились три ЛЭП 500 кВ, а в Таджикистане произошёл масштабный сбой, причины которого пока устанавливаются.

https://www.gazeta.uz/ru/2026/08/14/blackout-ca/

[Telegram](https://t.me/gazetauz)  |  [Instagram](https://instagram.com/gazetauzb)  |  [YouTube](https://youtube.com/@GazetaUzb)"
@gazetauz,63548,2026-08-14 11:59:17,20382,14,"Octobank расширил возможности международных расчётов для юридических лиц. 

Клиенты банка теперь могут проводить конверсионные операции и платежи в 16 иностранных валютах через интернет-банкинг (реклама).

https://www.gazeta.uz/ru/2026/08/14/octobank/"
@gazetauz,63549,2026-08-14 12:50:55,20300,40,"**Курс доллара вновь снизился**

Центральный банк Узбекистана опубликовал обновлённые курсы валют на 17 августа.

Доллар потерял в цене 46,71 сума — до 11891,18 сума.

Курс евро снизился на 15,82 сума, российский рубль вырос на 0,07 сума. 

[Telegram](https://t.me/gazetauz) | [Instagram](https://instagram.com/gazetauzb) | [YouTube](https://youtube.com/@GazetaUzb)"
@gazetauz,63550,2026-08-14 13:55:42,21399,87,"В Узбекистане с 1 июля 2027 года создадут пять межрегиональных судов. Им передадут пересмотр дел в ревизионном порядке, чтобы областные суды не пересматривали собственные решения. Апелляция и кассация при этом останутся на уровне областей.

Следственные судьи получат больше полномочий при рассмотрении санкций: они смогут проверять законность задержания, достаточность оснований для подозрения или обвинения и запрашивать дополнительные материалы. Для этого вводится стандарт «обоснованного подозрения» — Prima Facie.

Эти и другие изменения вошли в Стратегию «Правосудие — 2030», которую одобрил президент Шавкат Мирзиёев. Она также предусматривает открытие гражданских судов почти во всех районах и городах, аудиозапись всех судебных заседаний, развитие «Цифрового суда» и создание открытого «Реестра прецедентов».

https://www.gazeta.uz/ru/2026/08/14/court-reform/

[Telegram](https://t.me/gazetauz)  |  [Instagram](https://instagram.com/gazetauzb)  |  [YouTube](https://youtube.com/@GazetaUzb)"
@gazetauz,63551,2026-08-14 13:59:15,19356,46,"Подготовка ребёнка к школе в Ташкенте в 2026 году может обойтись в несколько миллионов сумов.

payme предлагает с 3 августа по 10 сентября оформить рассрочку до 5 млн сумов под 0% и оплатить покупку тремя равными платежами (реклама).

https://www.gazeta.uz/ru/2026/08/14/payme/"
@gazetauz,63552,2026-08-14 14:39:22,20615,48,"Президент подписал новую редакцию закона «Об автомобильных дорогах», которая регулирует строительство, ремонт и использование дорог, включая платные трассы.

Платные дороги разрешается создавать только при наличии бесплатного альтернативного маршрута в надлежащем состоянии. Тариф сможет зависеть от категории автомобиля, времени суток, дня недели или месяца, а если бесплатной альтернативой невозможно воспользоваться, взимание платы должны приостановить.

Закон также требует публиковать данные о дорожных работах, подрядчиках и расходовании средств. При планировании дорог должны учитывать мнение жителей, безопасность пешеходов, создание безбарьерной среды и воздействие на окружающую среду.

https://www.gazeta.uz/ru/2026/08/14/roads/

[Telegram](https://t.me/gazetauz)  |  [Instagram](https://instagram.com/gazetauzb)  |  [YouTube](https://youtube.com/@GazetaUzb)"
@gazetauz,63553,2026-08-14 16:01:18,21078,61,"Для студентов и молодых специалистов Yandex ML School Uzbekistan открыла конкурс на бесплатную годовую программу по машинному обучению. 

Всего предусмотрено 35 мест, заявки принимаются до 9 сентября (реклама).

https://www.gazeta.uz/ru/2026/08/14/yandex/"
@gazetauz,63554,2026-08-14 16:17:05,20871,7,"Фильм «Моана» и ещё четыре кинопремьеры, Comic Con Tashkent 2026, музыкальные квизы, концерт Candle Fire: Iron Throne, выставки, творческие мастер-классы и другие события предстоящих выходных — в подборке Afisha.uz.

https://www.gazeta.uz/ru/2026/08/14/afisha/

[Telegram](https://t.me/gazetauz)  |  [Instagram](https://instagram.com/gazetauzb)  |  [YouTube](https://youtube.com/@GazetaUzb)"
@gazetauz,63555,2026-08-14 16:40:05,22329,67,"Перебои с электричеством 14 августа затронули сразу несколько стран Центральной Азии. По данным казахстанской KEGOC, аварии предшествовало отключение двух гидрогенераторов на Токтогульской ГЭС в Кыргызстане, после чего возникли нарушения в объединённой энергосистеме региона.

В Узбекистане наиболее продолжительные отключения произошли в Сурхандарьинской области. Минэнерго сообщило, что распространения аварии на энергосистему страны удалось избежать благодаря противоаварийной автоматике и системам накопления энергии (BESS).

В Сурхандарье восстановление заняло больше времени, поскольку одна из двух линий 500 кВ, питающих область, находилась на плановом ремонте. 

https://www.gazeta.uz/ru/2026/08/14/min-energy/

[Telegram](https://t.me/gazetauz)  |  [Instagram](https://instagram.com/gazetauzb)  |  [YouTube](https://youtube.com/@GazetaUzb)"
@gazetauz,63556,2026-08-15 04:03:55,22172,90,"К 35-летию Независимости Узбекистана Darmon Servis запускает две акции для врачей и их пациентов с 15 августа по 15 сентября. 

По направлению специалиста можно бесплатно сделать МРТ второго аналогичного сустава или пройти копрограмму (реклама).

https://www.gazeta.uz/ru/2026/08/15/darmon-servis/"
@gazetauz,63557,2026-08-15 05:03:25,24737,162,"В возрасте 76 лет после продолжительной болезни умер легенда узбекского бокса Руфат Рискиев, сообщила Федерация бокса Узбекистана.

В 1974 году «Ташкентский тигр» стал первым узбекским боксёром — чемпионом мира, завоевав золото первого чемпионата мира среди любителей в Гаване. Два года спустя Рискиев выиграл серебро Олимпиады в Монреале.

За карьеру он также четырежды становился чемпионом СССР, а после ухода из большого спорта работал в судействе и стал первым судьёй международной категории по профессиональному боксу в Центральной Азии.

https://www.gazeta.uz/ru/2026/08/15/rufat-risqiyev/

[Telegram](https://t.me/gazetauz)  |  [Instagram](https://instagram.com/gazetauzb)  |  [YouTube](https://youtube.com/@GazetaUzb)"
@gazetauz,63558,2026-08-15 06:06:56,20780,15,"Дорогие читатели!

По техническим причинам доступ к нашему сайту может временно быть затруднён у части читателей.

**В 11:50 проблема была решена.**

[Telegram](https://t.me/gazetauz)  |  [Instagram](https://instagram.com/gazetauzb)  |  [YouTube](https://youtube.com/@GazetaUzb)"
@gazetauz,63559,2026-08-15 06:24:58,21384,46,"На территории горного курорта Amirsoy 22−23 августа пройдёт Sky Camp Bo’stonliq. Мероприятие станет частью Samarkand Marathon Series 2026.

Участникам предложат трейловые дистанции на 5, 10 и 20 км — маршруты по природному рельефу, включая горные тропы, грунтовые дороги и каменистые участки. В программе также вертикальная гонка, забег с йогой и медитацией, детские старты и плоггинг — забег со сбором мусора.

19−20 августа в Ташкенте состоится Sky Camp Bo’stonliq Expo, где участники смогут получить стартовые пакеты и встретиться с представителями бегового сообщества.

В этом году в Samarkand Marathon Series также войдёт новый старт Aral Ultra, который состоится 3−4 октября. Samarkand Marathon пройдёт 7−8 ноября.

https://www.gazeta.uz/ru/2026/08/14/sky-camp/

[Telegram](https://t.me/gazetauz)  |  [Instagram](https://instagram.com/gazetauzb)  |  [YouTube](https://youtube.com/@GazetaUzb)"
@gazetauz,63560,2026-08-15 07:30:01,22161,64,"На фоне роста спроса на авиационное топливо «Узбекнефтегаз» рассматривает возможность долгосрочных поставок авиакеросина Jet A-1 из Китая. Вопрос обсуждался с послом КНР в Узбекистане Юй Цзюнем. Компания рассчитывает наладить прямое сотрудничество с китайскими поставщиками CNAF и Sinopec.

Поставки из Китая рассматриваются как один из способов диверсифицировать источники авиатоплива и повысить устойчивость системы снабжения. Это происходит на фоне увеличения потребности Узбекистана в авиакеросине и сокращения импорта керосина в январе−июле 2026 года.

В июле−декабре потребность страны в авиационном керосине оценивается в 375 тысяч тонн — на 27% больше, чем годом ранее. Основную часть спроса планируется покрыть за счёт отечественных НПЗ, однако власти также расширяют импорт из альтернативных источников (в том числе из Грузии и Ирака).

https://www.gazeta.uz/ru/2026/08/15/avia-fuel/

[Telegram](https://t.me/gazetauz)  |  [Instagram](https://instagram.com/gazetauzb)  |  [YouTube](https://youtube.com/@GazetaUzb)"
@gazetauz,63561,2026-08-15 08:47:25,22364,35,"Спасатель МЧС, 33-летний капитан Бобурмирзо Пардаев погиб при тушении пожара в жилом доме в Учтепинском районе Ташкента рано утром в субботу.

«Командир группы специального спасательного батальона капитан Бобурмирзо Пардаев, проявив мужество и отвагу спас людей, однако во время борьбы с пламенем сам героически погиб», — говорится в МЧС.

https://www.gazeta.uz/ru/2026/08/15/fvv/

[Telegram](https://t.me/gazetauz)  |  [Instagram](https://instagram.com/gazetauzb)  |  [YouTube](https://youtube.com/@GazetaUzb)"
@gazetauz,63562,2026-08-15 11:59:22,22294,14,"Octobank запустил две программы автокредитования для физических лиц — на новые автомобили у официальных дилеров и машины с пробегом.

Клиенты могут выбрать подходящую программу в зависимости от типа автомобиля (реклама).

https://www.gazeta.uz/ru/2026/08/15/octobank/"
@gazetauz,63563,2026-08-15 12:43:32,22965,85,"На месторождении «25 лет независимости» (М-25) в Байсунском районе, где почти два года продолжается выброс газа, дан старт работам по закрытию скважины. 

К работам привлечена китайская корпорация CNPC. В январе планируется начать буровые работы. Закрыть скважину намечено до июля, сообщили в «Узбекнефтегазе».

https://www.gazeta.uz/ru/2026/08/15/m-25/

[Telegram](https://t.me/gazetauz)  |  [Instagram](https://instagram.com/gazetauzb)  |  [YouTube](https://youtube.com/@GazetaUzb)"
@gazetauz,63564,2026-08-15 16:31:50,24261,329,"ЦОДД и УБДД Ташкента сообщили об изменении схемы движения на одном из крупных перекрёстков столицы. 

Поворот налево с ул. Мустакиллик на ул. Аккурган закрывается — нужно делать правый разворот вокруг бывшего сквера Пушкина. 

С ул. Паркент открывается прямой выезд на ул. Мустакиллик — установлены новые светофоры.

https://www.gazeta.uz/ru/2026/08/15/crossing/

[Telegram](https://t.me/gazetauz)  |  [Instagram](https://instagram.com/gazetauzb)  |  [YouTube](https://youtube.com/@GazetaUzb)"
@gazetauz,63565,2026-08-16 06:03:12,22003,56,"Азиза Мирзаева, возглавлявшая Тамдынский районный суд по уголовным делам с декабря 2024 года, погибла в ДТП на дороге Зарафшан — Томди. 

По данным Kun.uz, автомобиль под её управлением съехал с трассы и перевернулся. Она скончалась на месте от полученных травм.

https://www.gazeta.uz/ru/2026/08/16/court/

[Telegram](https://t.me/gazetauz)  |  [Instagram](https://instagram.com/gazetauzb)  |  [YouTube](https://youtube.com/@GazetaUzb)"
@gazetauz,63566,2026-08-16 06:20:01,23053,78,"Ташкентский городской кенгаш присвоил статус государственного памятника природы белой шелковице возрастом около 350 лет, растущей в сквере «Голубые купола» в Ташкенте. 

В ближайшее время вокруг шелковицы планируется установить специальное защитное ограждение, а рядом — информационную табличку на трёх языках с указанием возраста, вида дерева и его охранного статуса.

https://www.gazeta.uz/ru/2026/08/16/morus-alba/

[Telegram](https://t.me/gazetauz)  |  [Instagram](https://instagram.com/gazetauzb)  |  [YouTube](https://youtube.com/@GazetaUzb)"
@gazetauz,63567,2026-08-16 07:39:56,21092,22,"Верховный суд Узбекистана опроверг сообщения о том, что в день гибели председателя Тамдынского районного суда Азизы Мирзаевой для руководителей судов проводилось совещание. 

В ведомстве заявили, что никаких заседаний в тот день не назначали и поручений прибыть на работу в выходной не давали.

https://www.gazeta.uz/ru/2026/08/16/road-accident/

[Telegram](https://t.me/gazetauz)  |  [Instagram](https://instagram.com/gazetauzb)  |  [YouTube](https://youtube.com/@GazetaUzb)"
@gazetauz,63568,2026-08-16 08:15:05,23032,276,"В Ташкенте провели предварительную массовую оценку более 600 тысяч квартир и свыше 213 тысяч частных домовладений. Стоимость квартир определили в 426,7 трлн сумов — примерно в 7,4 раза выше их действующей кадастровой стоимости, частных домов — в 548,4 трлн сумов, примерно в 14 раз выше.

Стоимость квадратного метра квартир в зависимости от территории составила от 4,6 млн до 35,8 млн сумов, одной сотки земли — от 115 млн до 890 млн сумов. При массовой оценке учитываются в том числе стоимость земли, местоположение и характеристики объекта, инфраструктура и данные рынка.

Результаты пока не окончательные: их вынесут на общественное обсуждение на 60 дней. Собственники смогут ознакомиться с использованными при расчётах данными, запросить пересмотр оценки, а при несогласии — привлечь независимую оценочную организацию.

https://www.gazeta.uz/ru/2026/08/16/appraisal-tashkent/

[Telegram](https://t.me/gazetauz)  |  [Instagram](https://instagram.com/gazetauzb)  |  [YouTube](https://youtube.com/@GazetaUzb)"
@gazetauz,63569,2026-08-16 11:17:46,21596,61,"В отношении ответственных лиц «Худудгаз Каракалпакстан» возбуждено уголовное дело. 

По версии Департамента при Генпрокуратуре, разницу между объёмами полученного и реализованного газа без установления её причин относили к обычным потерям. 

Ущерб оценён в 251,5 млрд сумов ($21,1 млн).

https://www.gazeta.uz/ru/2026/08/16/gas/

[Telegram](https://t.me/gazetauz)  |  [Instagram](https://instagram.com/gazetauzb)  |  [YouTube](https://youtube.com/@GazetaUzb)"
@gazetauz,63570,2026-08-16 13:19:23,21780,95,"Президент Шавкат Мирзиёев заявил, что в Узбекистане необходимо создать условия для 100-процентного доверия граждан, обращающихся в суды. «Довольны ли люди судами? На этот справедливый вопрос мы должны искать ответ вместе», — сказал он, подчеркнув, что к 2030 году в стране должен быть современный суд.

Председатель Верховного суда Робахон Махмудова сообщила, что Стратегия «Правосудие — 2030» предусматривает создание судов по гражданским делам во всех 208 районах и городах страны, чтобы люди могли решать свои вопросы на месте, без лишней волокиты.

По её словам, для пересмотра решений в ревизионном порядке создадут пять межрегиональных судов — жалобу будет рассматривать «совершенно другой суд». Также планируется расширить полномочия следственных судей и создать открытый реестр прецедентов с правовыми позициями Президиума Верховного суда.

https://www.gazeta.uz/ru/2026/08/16/court-reform/

[Telegram](https://t.me/gazetauz)  |  [Instagram](https://instagram.com/gazetauzb)  |  [YouTube](https://youtube.com/@GazetaUzb)"
@gazetauz,63571,2026-08-16 14:15:00,21646,56,"В Узбекистане законодательство о Конституционном суде планируется обновить в третий раз за последние десять лет. 

По словам председателя суда Мирза-Улугбека Абдусаломова, новый крупный законопроект, который должен охватить всю деятельность Конституционного суда, находится практически на завершающей стадии и вскоре будет внесён в парламент.

Одновременно уже принят ещё один закон, направленный на совершенствование деятельности Конституционного суда, который поступил в Сенат. 

«Мы постараемся ещё больше приблизить Конституционный суд к людям и законодательно закрепить открытость его дверей для всех», — заявил он.

https://www.gazeta.uz/ru/2026/08/16/constitutional-court-uzb/

[Telegram](https://t.me/gazetauz)  |  [Instagram](https://instagram.com/gazetauzb)  |  [YouTube](https://youtube.com/@GazetaUzb)"
@gazetauz,63572,2026-08-17 04:00:22,20282,51,"Теперь в приложении [Milliy](https://nbu.uz/ru/milliy?utm_source=Telegram_post&utm_medium=cpm&utm_campaign=NBU_reach_Telegram_post_tg_post_banner_cpm_audience_channel_pr&utm_content=ru) можно заказать доставку новой банковской карты курьером по всему Узбекистану.

Стоимость и условия доставки:

— стоимость — 25 тысяч сумов;
— срок — до 3 рабочих дней;
— доставка действует по всему Узбекистану.

Чтобы оформить заказ:

— нужно открыть приложение [Milliy](https://nbu.uz/ru/milliy?utm_source=Telegram_post&utm_medium=cpm&utm_campaign=NBU_reach_Telegram_post_tg_post_banner_cpm_audience_channel_pr&utm_content=ru);
— в разделе «Дебетовые карты» выбрать «Доставка курьером»;
— заполнить необходимые данные;
— оплатить услугу.

Доставка доступна только при оформлении новой карты.

Телефоны: 1344, (+998) 78-148-00-10.

[Facebook](https://www.facebook.com/uznbu) | [Instagram](https://www.instagram.com/nbu.official/) | [YouTube](https://www.youtube.com/@nbu.official)

__На правах рекламы.__"
@gazetauz,63573,2026-08-17 05:00:52,19976,152,"Рынок «Янгиабад» выставлен на продажу. В соцсетях пишут о возможном сносе и строительстве на его месте экобазара и развлекательного центра. Официального подтверждения такой информации не было.

Во многих странах подобные рынки сохраняют и превращают в городские достопримечательности. «Газета» рассказывает о шести наиболее известных из них.

https://www.gazeta.uz/ru/2026/08/16/flea-market/

[Telegram](https://t.me/gazetauz)  |  [Instagram](https://instagram.com/gazetauzb)  |  [YouTube](https://youtube.com/@GazetaUzb)"
@gazetauz,63574,2026-08-17 05:32:05,19745,72,"На станции «Космонавтов» Ташкентского метрополитена на путях ходила кошка. После сообщений в соцсетях её достали и передали владельцу. 

На движение поездов инцидент не повлиял, сообщили в метро.

https://www.gazeta.uz/ru/2026/08/17/cat/

[Telegram](https://t.me/gazetauz)  |  [Instagram](https://instagram.com/gazetauzb)  |  [YouTube](https://youtube.com/@GazetaUzb)"
@gazetauz,63575,2026-08-17 05:55:21,19256,27,"Президент Узбекистана 17 августа посетит Хорезмскую область, где ознакомится с новыми проектами в различных сферах, а также проведёт открытый диалог с предпринимателями.

https://www.gazeta.uz/ru/2026/08/17/xorezm/

[Telegram](https://t.me/gazetauz)  |  [Instagram](https://instagram.com/gazetauzb)  |  [YouTube](https://youtube.com/@GazetaUzb)"
@gazetauz,63576,2026-08-17 06:03:18,19280,21,"Бренд Chery провел испытания гибридных автомобилей, призванные проверить распространённые опасения вокруг этой технологии.

В рамках мероприятия участники на практике оценили безопасность и возможности гибридных систем (реклама).

https://www.gazeta.uz/ru/2026/08/17/chery-uzbekistan/"
@gazetauz,63577,2026-08-17 06:21:12,19588,157,"С 1 января 2027 года в Узбекистане начнут регулировать деятельность операторов рассрочки. Компании должны будут войти в реестр Центробанка, проводить цифровую идентификацию клиентов и передавать сведения обо всех договорах в кредитные бюро.

Максимальный срок рассрочки ограничат 12 месяцами, стоимость товара или услуги — 250 БРВ (110 млн сумов). Все платежи сверх основного долга, включая комиссии, штрафы и пени, не смогут превышать 50% суммы рассрочки в год, а досрочное погашение будет разрешено без дополнительных платежей.

Недвижимость, а также имущество, изъятое из оборота или ограниченное в обороте, нельзя будет приобретать в рамках услуги рассрочки.

При выдаче рассрочки операторы должны будут учитывать установленный Центробанком максимальный показатель долговой нагрузки. Новые требования распространят и на часть товарных кредиторов с оборотом свыше 500 млн сумов в квартал и долей рассрочки не менее 50%.

https://www.gazeta.uz/ru/2026/08/17/bnpl/

[Telegram](https://t.me/gazetauz)  |  [Instagram](https://instagram.com/gazetauzb)  |  [YouTube](https://youtube.com/@GazetaUzb)"
@gazetauz,63578,2026-08-17 06:50:08,18731,28,"Сухая и преимущественно малооблачная погода сохранится в Узбекистане в течение рабочей недели. 

Дневная температура воздуха в большинстве регионов будет в пределах +33…+38 градусов, на юге — +40…+43.

https://www.gazeta.uz/ru/2026/08/17/weather/

[Telegram](https://t.me/gazetauz)  |  [Instagram](https://instagram.com/gazetauzb)  |  [YouTube](https://youtube.com/@GazetaUzb)"
@gazetauz,63579,2026-08-17 07:10:06,18888,93,"Около 1,4 млн граждан Узбекистана сейчас работают почти в 40 странах. Из них 834,2 тысячи, или около 60%, находятся в России, ещё 258 тысяч — в странах Европы. Женщины составляют 28,6% трудовых мигрантов, молодёжь — 28,9%.

При этом география трудовой миграции меняется: показатель по странам СНГ снизился на 29%, тогда как по европейскому региону вырос на 42%, по Восточной Азии — на 26%. Власти расширяют организованное трудоустройство в Европе, Азии и США.

Центробанк отмечает, что старение населения и дефицит рабочей силы в развитых странах могут открыть новые направления для мигрантов из Узбекистана. К 2030 году нехватка работников только в Европе оценивается в 7,5−10,5 млн человек.

https://www.gazeta.uz/ru/2026/08/17/migration/

[Telegram](https://t.me/gazetauz)  |  [Instagram](https://instagram.com/gazetauzb)  |  [YouTube](https://youtube.com/@GazetaUzb)"
@gazetauz,63580,2026-08-17 07:42:00,18290,70,"В первой половине 2026 года объём денежных переводов в Узбекистан из-за рубежа вырос на 13%, или на 1,1 млрд долларов, и достиг 9,3 млрд долларов. К концу полугодия поступления ускорились: только в июне в страну перевели 2,2 млрд долларов.

Центробанк связывает рост с высоким спросом на рабочую силу и уровнем зарплат в странах трудовой миграции, а также укреплением их валют. В частности, российский рубль в среднем укрепился к доллару на 13,5%.

Меняется и структура переводов: уже 51,7% средств поступает напрямую на банковские карты через P2P-сервисы. 

Переводы из Великобритании выросли на 62%, из стран ЕС — на 27%, из США — на 19%.

https://www.gazeta.uz/ru/2026/08/17/money-transfers/

[Telegram](https://t.me/gazetauz)  |  [Instagram](https://instagram.com/gazetauzb)  |  [YouTube](https://youtube.com/@GazetaUzb)"
@gazetauz,63581,2026-08-17 08:00:14,18000,12,"Рынок ORM-услуг стал важной частью стратегии крупного и среднего бизнеса в Узбекистане. 

Руководитель агентства Index Тимур Абдулин рассказал, как изменилось отношение компаний к управлению репутацией (реклама).

https://www.gazeta.uz/ru/2026/08/17/index/"
@gazetauz,63582,2026-08-17 08:51:40,18416,18,"В январе−июне через дистанционные сервисы банков физлица обменяли 7,48 млрд долларов — на 27,2% больше, чем годом ранее. Однако традиционные обменные пункты росли быстрее — на 33,3%, до 11,16 млрд долларов.

В результате доля онлайн-операций в общем объёме валютно-обменных операций снизилась с 41% до 39%, тогда как доля обменных пунктов немного восстановилась — с 58% до 59%.

Самую высокую динамику показали валютные банкоматы: объём операций через них вырос на 60,3% — с 252 млн до 404 млн долларов. 

Население остаётся крупным чистым продавцом иностранной валюты. За полгода физлица продали банкам валюты примерно на 5,5 млрд долларов больше, чем купили. 

https://www.gazeta.uz/ru/2026/08/17/currency-exchange/

[Telegram](https://t.me/gazetauz)  |  [Instagram](https://instagram.com/gazetauzb)  |  [YouTube](https://youtube.com/@GazetaUzb)"
@gazetauz,63583,2026-08-17 09:15:01,18612,32,"Президент Узбекистана посетил новый терминал для официальных делегаций в аэропорту Ургенча. Внешне он напоминает старое здание аэропорта с колоннами. 

Сейчас в партнёрстве с Incheon International Airport Corporation реализуется проект расширения и модернизации аэропорта, инвестиции составят 264 млн долларов. Старые терминалы будут заменены единым новым комплексом.

https://www.gazeta.uz/ru/2026/08/17/urgench-airport/

[Telegram](https://t.me/gazetauz)  |  [Instagram](https://instagram.com/gazetauzb)  |  [YouTube](https://youtube.com/@GazetaUzb)"
@gazetauz,63584,2026-08-17 10:00:15,18897,14,"Национальная платёжная система HUMO станет Founding Partner международного форума Silk Road Finance & Technology Forum 2026 в Ташкенте.

На мероприятии компания представит новый сценарий бесконтактной оплаты без карт и смартфонов (реклама).

https://www.gazeta.uz/ru/2026/08/17/humo/"
@gazetauz,63585,2026-08-17 10:49:15,18544,21,"Сборная Узбекистана завоевала 1 серебряную и 3 бронзовые медали на Международной олимпиаде по информатике, которая впервые прошла в Ташкенте. 

Это лучший результат страны за историю участия в олимпиаде. Всего было вручено 188 медалей.

https://www.gazeta.uz/ru/2026/08/17/ioi/

[Telegram](https://t.me/gazetauz)  |  [Instagram](https://instagram.com/gazetauzb)  |  [YouTube](https://youtube.com/@GazetaUzb)"
@gazetauz,63586,2026-08-17 11:37:46,17425,50,"Президент Узбекистана проехал по новой железнодорожной линии между аэропортом Ургенча и Хивой. На маршруте запускается электропоезд CR200J китайского производства.

Президенту также представили 10 троллейбусов Yutong с автономным ходом, которые также будут ездить от аэропорта до Хивы. Сейчас троллейбусы ходят до центрального рынка Ургенча.

https://www.gazeta.uz/ru/2026/08/17/urgench-khiva/

[Telegram](https://t.me/gazetauz)  |  [Instagram](https://instagram.com/gazetauzb)  |  [YouTube](https://youtube.com/@GazetaUzb)"
@gazetauz,63591,2026-08-17 11:50:02,17533,21,"В Ташкенте и Ташкентской области задержаны трое подозреваемых в мошенничестве. 

Один из них обещал отправить шестерых жителей Кашкадарьи на работу в Словакию за 145 млн сумов, двое других — организовать выезд в Германию и Южную Корею за 4000 и 5000 долларов соответственно.

https://www.gazeta.uz/ru/2026/08/17/fraud/

[Telegram](https://t.me/gazetauz)  |  [Instagram](https://instagram.com/gazetauzb)  |  [YouTube](https://youtube.com/@GazetaUzb)"
@gazetauz,63592,2026-08-17 12:00:16,17464,64,"В честь 35-летия независимости Республики Узбекистан Kia подготовила праздничное предложение на кроссоверы Sonet и Sportage. 

С 17 августа по 6 сентября выгода при покупке автомобилей составит 10% (реклама).

https://www.gazeta.uz/ru/2026/08/17/kia/"
@gazetauz,63593,2026-08-17 12:16:10,17570,32,"В 2025 году через территорию Ирана транзитом прошло импортных товаров для Узбекистана на $3,9 млрд — около 9% всего импорта страны. Ещё $1,4 млрд пришлось на экспорт через этот маршрут, что эквивалентно примерно 10% экспорта без учёта золота.

Особенно заметна зависимость по технологическому оборудованию: через Иран было ввезено продукции примерно на $1 млрд, или 14,8% всего импорта такой категории. Возможные перебои на маршрутах могут привести к росту транспортных расходов и увеличению сроков доставки.

Минэкономфин оценивает влияние напряжённости на Ближнем Востоке по внешнеторговому и логистическому каналу в $1−1,5 млрд, или около 0,7−1% ВВП Узбекистана.

https://www.gazeta.uz/ru/2026/08/17/iran-uzbekistan/

[Telegram](https://t.me/gazetauz)  |  [Instagram](https://instagram.com/gazetauzb)  |  [YouTube](https://youtube.com/@GazetaUzb)"
@gazetauz,63594,2026-08-17 12:31:14,17073,22,"Экспорт Узбекистана за январь−июнь сократился на 8,8% — до $15,9 млрд, тогда как импорт вырос на 21% — до $25,1 млрд. 

На фоне сокращения экспорта золота в 4,3 раза дефицит внешней торговли увеличился до $9,3 млрд. 

Импорт легковых автомобилей вырос на 84,5%, бензина — на 78,5%, газа — на 41,4%.

https://www.gazeta.uz/ru/2026/08/17/trade/

[Telegram](https://t.me/gazetauz)  |  [Instagram](https://instagram.com/gazetauzb)  |  [YouTube](https://youtube.com/@GazetaUzb)"
@gazetauz,63595,2026-08-17 12:53:15,17572,50,"**Курс доллара снизился**

Центральный банк Узбекистана опубликовал обновлённые курсы валют на 18 августа.

Доллар снизился на 33,83 сума — до 11857,35 сума. 

Курс евро подешевел на 7,11 сума, российский рубль — на 2,51 сума. 

[Telegram](https://t.me/gazetauz) | [Instagram](https://instagram.com/gazetauzb) | [YouTube](https://youtube.com/@GazetaUzb)"
@gazetauz,63596,2026-08-17 13:10:08,16691,93,"**Чем запомнился Comic Con Tashkent 2026**

Фестиваль гик-культуры Comic Con Tashkent 2026 прошёл на выходных в Humo Arena. Событие объединило поклонников кино, сериалов, видеоигр, комиксов, аниме и косплея. За два дня его посетили более 21 тысячи человек, в том числе гости из Казахстана, Кыргызстана, России и других стран.

Специальными гостями мероприятия в этом году стали американский актёр Шон Фонтено — голос и прототип Франклина Клинтона, одного из трёх главных героев Grand Theft Auto V, Рэнди Хевенс, сыгравший мистера Кларка в сериале «Очень странные дела», Кристиан Нэрн, известный по роли Ходора в «Игре престолов», и авторы анимационного сериала Metal Family.

Программа фестиваля включала встречи с приглашёнными гостями, автограф- и фотосессии, а также другие активности. Одним из центральных событий стал конкурс косплея, участники которого перевоплотились в любимых персонажей из видеоигр, аниме, комиксов, фильмов и сериалов.

«Газета» побывала на Comic Con Tashkent 2026 и показывает, как прошёл фестиваль.

https://www.gazeta.uz/ru/2026/08/17/comic-con-tashkent-2026/

[Telegram](https://t.me/gazetauz) | [Instagram](https://instagram.com/gazetauzb) | [YouTube](https://youtube.com/@GazetaUzb)"
@gazetauz,63603,2026-08-17 13:51:18,17560,47,"Доллар продолжил снижение на валютном рынке Узбекистана и подешевел до 11 857,35 сума — минимального уровня с августа 2023 года. 

С начала года сум укрепился к доллару на 1,4%.

https://www.gazeta.uz/ru/2026/08/17/usd-sum/

[Telegram](https://t.me/gazetauz)  |  [Instagram](https://instagram.com/gazetauzb)  |  [YouTube](https://youtube.com/@GazetaUzb)"
@gazetauz,63604,2026-08-17 14:10:20,18215,28,"В культурном пространстве Zanmakon проходит выставка художницы-керамистки Риммы Газалиевой «Qimmat». 

Название экспозиции отсылает к Киммат — своенравной героине узбекской народной сказки, которую принято считать отрицательной. Художница предлагает взглянуть на неё иначе — как на женщину, которая знает себе цену. 

Выставка работает до 25 августа. Вход свободный. 

https://www.gazeta.uz/ru/2026/08/17/qimmat-exhibition/

[Telegram](https://t.me/gazetauz)  |  [Instagram](https://instagram.com/gazetauzb)  |  [YouTube](https://youtube.com/@GazetaUzb)"
@gazetauz,63605,2026-08-17 14:47:43,18833,18,"Дональд Трамп заявил, что недоволен участием США в военных учениях с Южной Кореей и поручил Пентагону сократить их масштаб. 

Глава Белого дома сослался на «очень хорошие отношения» с лидером КНДР Ким Чен Ыном и отказ Сеула поддержать Вашингтон в войне с Ираном.

https://www.gazeta.uz/ru/2026/08/17/trump-south-korea/

[Telegram](https://t.me/gazetauz)  |  [Instagram](https://instagram.com/gazetauzb)  |  [YouTube](https://youtube.com/@GazetaUzb)"
@gazetauz,63606,2026-08-17 15:00:01,19707,52,"Президент Шавкат Мирзиёев посетил филиал китайского Ляонинского педагогического университета и Институт Конфуция, открытые в Хиве. 

Вуз будет готовить кадры по образованию, туризму, бизнесу и искусственному интеллекту. Обучение будет проходить в очной и дистанционной формах на узбекском, китайском и английском языках.  

На 2026 год приёмная квота определена в размере 160 человек. 

https://www.gazeta.uz/ru/2026/08/17/khiva/

[Telegram](https://t.me/gazetauz)  |  [Instagram](https://instagram.com/gazetauzb)  |  [YouTube](https://youtube.com/@GazetaUzb)"
@gazetauz,63608,2026-08-18 04:24:29,18703,47,"В январе−июне внешняя торговля Узбекистана выросла до $41 млрд, однако импорт рос значительно быстрее экспорта, из-за чего дефицит достиг $9,29 млрд. 

Китай обеспечил 23,1% внешнеторгового оборота Узбекистана в первом полугодии, Россия — 17,1%, Казахстан — 6,8%. Россия при этом осталась крупнейшим экспортным рынком, а Китай — главным поставщиком с долей 32% всего импорта.

Среди основных экспортных направлений быстрее всего росли Гонконг, Кыргызстан, Афганистан и Франция. Экспорт в Гонконг увеличился примерно в 20 раз, в Кыргызстан — на 70%, Афганистан — на 60%.

При этом динамика по месяцам была неравномерной: в июне экспорт в Китай, Казахстан, Турцию, ОАЭ и Таджикистан заметно ухудшился по сравнению с весенними показателями.

https://www.gazeta.uz/ru/2026/08/17/trade-uzb/

[Telegram](https://t.me/gazetauz)  |  [Instagram](https://instagram.com/gazetauzb)  |  [YouTube](https://youtube.com/@GazetaUzb)"
@gazetauz,63609,2026-08-18 05:11:46,17542,38,"В Хиве планируется построить новый туристический городок площадью 12,3 гектара. Проект представили президенту.

При разработке концепции учтена планировка улиц первой столицы Хивинского ханства города Вазир (1511 год). Проект должен снизить туристическую нагрузку на Ичан-Калу и стать одним из новых маршрутов для путешественников.

В прошлом году был открыт туристический комплекс «Арда Хива» («Вечная Хива»), занимающий 25 гектаров на берегу озера Гауккуль.

В ходе нынешней поездки в Хорезм глава государства также дал старт строительству туристического комплекса «Сахро юлдузи» («Звезда пустыни») площадью 26 гектаров.

https://www.gazeta.uz/ru/2026/08/18/khiva-tourism/

[Telegram](https://t.me/gazetauz)  |  [Instagram](https://instagram.com/gazetauzb)  |  [YouTube](https://youtube.com/@GazetaUzb)"
@gazetauz,63610,2026-08-18 06:29:15,16607,67,"Экспорт Узбекистана в Гонконг за первое полугодие вырос примерно в 20 раз — с 26,8 млн до 543,1 млн долларов. Особенно резко поставки увеличились весной. 

В результате Гонконг стал шестым крупнейшим экспортным рынком страны, опередив Турцию.

Резкий рост совпал с почти трёхкратным увеличением общего экспорта ювелирных изделий из Узбекистана. По данным Market Inside, среди крупнейших поставщиков в Гонконг преобладают компании ювелирной отрасли, включая Luxury Diamond, Goldwish и Fatih Jewellery.

На этом фоне власти Узбекистана и Гонконга начали обсуждать более тесное сотрудничество в торговле золотом. Во время июньского визита в Ташкент глава администрации Гонконга Джон Ли заявил, что регион активно формирует международный рынок торговли золотом и видит потенциал в сотрудничестве с Узбекистаном.

https://www.gazeta.uz/ru/2026/08/18/uzbekistan-hong-kong/

[Telegram](https://t.me/gazetauz)  |  [Instagram](https://instagram.com/gazetauzb)  |  [YouTube](https://youtube.com/@GazetaUzb)"
@gazetauz,63611,2026-08-18 06:50:03,16220,15,"Президент Шавкат Мирзиёев заявил, что предприниматели в Узбекистане переходят от этапа «начала бизнеса» к «наращиванию капитала». За пять лет инвестиции предприятий в основной капитал выросли втрое — до 363 трлн сумов.

Кредитный портфель, направленный на бизнес, за этот период увеличился почти в три раза и достиг 450 трлн сумов. Предприниматели также воспользовались налоговыми и таможенными льготами на 650 трлн сумов и самостоятельно привлекли 1 млрд долларов из зарубежных банков.

Число районов с объёмом промышленного производства свыше 100 млн долларов выросло с 66 до 116, а с объёмом услуг более 1 трлн сумов — с 41 до 152. 

Об этом президент сообщил 18 августа на открытом диалоге с предпринимателями в Хорезмской области.

https://www.gazeta.uz/ru/2026/08/18/business-dialogue/

[Telegram](https://t.me/gazetauz)  |  [Instagram](https://instagram.com/gazetauzb)  |  [YouTube](https://youtube.com/@GazetaUzb)"
@gazetauz,63612,2026-08-18 07:01:11,16219,76,"В 2027 году Узбекистан планирует запустить в грузинском порту Поти логистический центр мощностью 500 тысяч тонн и начать практические работы по проекту в порту Анаклия. Об этом президент Шавкат Мирзиёев сообщил на диалоге с предпринимателями в Хорезмской области.

Глава государства также объявил о новых мерах поддержки транспортно-логистической отрасли: при импорте грузовых автомобилей отменены таможенная пошлина и утилизационный сбор, а для предоставления вагонов при международных перевозках будет установлена нулевая ставка НДС.

Кроме того, крупные транспортно-логистические центры планируется создать в Алате, Термезе, Янгиюле, Ахангаране и Ханабаде. 

В 2027 году также намечен запуск Ташкентского международного финансового центра и международного центра цифровых технологий Enterprise Uzbekistan.

https://www.gazeta.uz/ru/2026/08/18/projets-uzbekistan/

[Telegram](https://t.me/gazetauz)  |  [Instagram](https://instagram.com/gazetauzb)  |  [YouTube](https://youtube.com/@GazetaUzb)"
@gazetauz,63613,2026-08-18 07:21:13,15794,80,"В Узбекистане внедрят механизм «контргарантий» для малого бизнеса. При кредитах до 10 млрд сумов предпринимателю будет достаточно предоставить залог на 25% суммы, остальную часть обеспечения возьмёт на себя государство. 

В стране также создадут комплексную систему сопровождения предпринимателей от запуска бизнеса до его роста. Она включит три новые программы, онлайн-кредитование до 5 млрд сумов, беззалоговые займы до 200 млн сумов.

https://www.gazeta.uz/ru/2026/08/18/pledge/

[Telegram](https://t.me/gazetauz)  |  [Instagram](https://instagram.com/gazetauzb)  |  [YouTube](https://youtube.com/@GazetaUzb)"
@gazetauz,63614,2026-08-18 07:31:00,15392,79,"Президент Шавкат Мирзиёев объявил новые меры по расширению возможностей бизнеса в регионах. Земельные участки будут выставлять на аукцион уже с разрешением на строительство, архитектурно-планировочным заданием и проектом, чтобы предприниматели могли начинать стройку сразу после покупки.

Условия приобретения госактивов также смягчат: первоначальный взнос снизят с 30% до 15%, при полной оплате в течение шести месяцев предоставят скидку 25%, а после внесения половины стоимости остаток можно будет выплачивать семь лет без процентов.

Кроме того, банкам разрешат реализовать около 2500 объектов на 9 трлн сумов без первоначального взноса и с беспроцентной рассрочкой. 

В пяти специальных экономических зонах также создадут Bond-промышленные зоны для локализации 50 приоритетных видов продукции.

https://www.gazeta.uz/ru/2026/08/18/state-assets/

[Telegram](https://t.me/gazetauz)  |  [Instagram](https://instagram.com/gazetauzb)  |  [YouTube](https://youtube.com/@GazetaUzb)"
@gazetauz,63615,2026-08-18 07:41:01,15843,115,"В Узбекистане для предприятий, подключённых к системам учёта АСКУЭ и АСКУГ и соблюдающих платёжную дисциплину, предоплату за электроэнергию и природный газ снизят со 100% до 15%. Об этом президент Шавкат Мирзиёев сообщил на открытом диалоге с предпринимателями.

Глава государства отметил, что требование о полной предоплате сокращает оборотные средства бизнеса. Новый порядок станет частью реформы системы управления в энергетике, которая должна учитывать текущие потребности предприятий и их планы развития.

С 2027 года также изменятся и подходы в строительстве. В сметах государственных объектов для подрядных организаций будут предусматривать 7% прибыли, а на проектные работы — от 4% до 7% стоимости объекта в зависимости от его сложности. 

Затраты на труд будут рассчитываться исходя из 5% минимального размера оплаты труда за каждый человеко-час.

https://www.gazeta.uz/ru/2026/08/18/advance-payment/

[Telegram](https://t.me/gazetauz)  |  [Instagram](https://instagram.com/gazetauzb)  |  [YouTube](https://youtube.com/@GazetaUzb)"
@gazetauz,63616,2026-08-18 08:03:28,15457,20,"В рамках проекта «BYD. Сделано в Узбекистане» BYD Uzbekistan Factory и BYD Astana Motors организовали экскурсию по заводу в Джизаке для более чем 50 клиентов, журналистов и блогеров. 

Гости познакомились с производством автомобилей и работой школы инженеров (реклама).

https://www.gazeta.uz/ru/2026/08/18/byd/"
@gazetauz,63617,2026-08-18 08:13:09,15458,85,"В Узбекистане ежегодно будут отбирать 50 компаний с выручкой свыше 1 трлн сумов для подготовки к выходу на рынок капитала. Государство компенсирует половину расходов на IPO и переход на международные стандарты отчётности. 

Власти рассчитывают, что это позволит частному бизнесу привлекать не менее $1 млрд в год.

Одновременно будет запущена программа «ИИ-партнёр для 10 тысяч предприятий». Компаниям компенсируют 50% расходов на внедрение искусственного интеллекта, а при разработке ИИ-моделей для новой продукции предоставят бесплатный доступ к суперкомпьютеру и покроют затраты на исследования.

На первый этап ИИ-программы выделят не менее $100 млн. 

Кроме того, предприятиям электротехнической, строительной и пищевой промышленности будут компенсировать половину расходов на внедрение автоматизированных систем управления.

https://www.gazeta.uz/ru/2026/08/18/ipo-ai-uzb/

[Telegram](https://t.me/gazetauz)  |  [Instagram](https://instagram.com/gazetauzb)  |  [YouTube](https://youtube.com/@GazetaUzb)"
@gazetauz,63618,2026-08-18 08:23:33,15266,58,"Президент объявил новый пакет мер по поддержке экспортёров. В Узбекистане запустят систему «Экспортный навигатор».

Бизнесу будут компенсировать половину расходов на привлечение иностранных брендмейкеров — до $500 тысяч, на продвижение национальных брендов выделят до $50 тысяч, а также возместят часть затрат на маркетплейсы и международные тендеры. 

На единую систему поддержки экспорта направят не менее $1 млрд.

Кроме того, в 25 странах появятся «экспортные послы», а **требования по экспортной выручке смягчат: **отменят 50-процентную предоплату по инвойсу, снимут ограничения на экспорт при непоступлении оплаты и увеличат срок поступления валютной выручки через торговые дома и дистрибьюторов со 180 до 365 дней.

https://www.gazeta.uz/ru/2026/08/18/export/

[Telegram](https://t.me/gazetauz)  |  [Instagram](https://instagram.com/gazetauzb)  |  [YouTube](https://youtube.com/@GazetaUzb)"
@gazetauz,63619,2026-08-18 08:33:17,15523,118,"В Узбекистане на три года введут мораторий на проверки малого бизнеса, если они не связаны с причинением вреда здоровью людей или интересам других предпринимателей. Об этом президент Шавкат Мирзиёев сообщил на диалоге с бизнесом.

Для среднего и крупного бизнеса внедрят добровольный профилактический аудит. Если предприниматель устранит выявленные недостатки, его не будут штрафовать, а повторную проверку в течение года можно будет провести только с разрешения бизнес-омбудсмана.

По данным президента, более половины из изученных 5000 предпринимателей подвергались налоговым проверкам 2−3 раза в год, ещё 21% — по четыре раза. К ним добавлялись повторные проверки пожарных, строительных, санитарных, карантинных и энергетических инспекций.

https://www.gazeta.uz/ru/2026/08/18/moratorium-small-business/

[Telegram](https://t.me/gazetauz)  |  [Instagram](https://instagram.com/gazetauzb)  |  [YouTube](https://youtube.com/@GazetaUzb)"
@gazetauz,63620,2026-08-18 08:47:55,16218,68,"В Узбекистане размеры всех видов штрафов для предпринимателей планируется сократить в среднем в два раза. 

Президент Шавкат Мирзиёев заявил, что штрафы должны служить профилактике нарушений, а не сбору денег. Сейчас применять финансовые санкции могут 51 ведомство.

С 2027 года в спорах между бизнесом и государством введут «презумпцию правоты предпринимателя»: пока его вина не доказана в суде, к нему нельзя будет применять штрафы и другие меры воздействия. 

За первое нарушение без вреда жизни, здоровью или имуществу предпринимателю дадут 10 дней на устранение недостатков.

https://www.gazeta.uz/ru/2026/08/18/fines/

[Telegram](https://t.me/gazetauz)  |  [Instagram](https://instagram.com/gazetauzb)  |  [YouTube](https://youtube.com/@GazetaUzb)"
@gazetauz,63621,2026-08-18 09:00:13,16689,95,"В Узбекистане 50% государственных услуг для предпринимателей переведут на принцип «молчание — знак согласия». Если заявление не будет рассмотрено в установленный срок, оно автоматически будет считаться решённым в пользу бизнеса.

Более чем по 30 видам деятельности лицензии и разрешения отменят, ещё по 35 видам сроки их выдачи сократят в 2−3 раза, а 10 разрешений переведут на уведомительный порядок. Каждый отказ в выдаче лицензии будет изучать Бизнес-омбудсман.

Для экспорта продовольствия вместо отдельных ветеринарных, санитарных и фитосанитарных разрешений введут единый «Сертификат здоровья». Новые лицензии и разрешения перед введением будут в течение шести месяцев тестировать в трёх регионах.

https://www.gazeta.uz/ru/2026/08/18/gov-services-for-business/

[Telegram](https://t.me/gazetauz)  |  [Instagram](https://instagram.com/gazetauzb)  |  [YouTube](https://youtube.com/@GazetaUzb)"
@gazetauz,63622,2026-08-18 09:25:22,18797,87,"В Ташкенте представили пересмотренную Национальную учебную программу для школ. 

Целями заявлены повышение успеваемости на всех уровнях и достижение результатов, сопоставимых с общепризнанными мировыми стандартами. 

Реализация будет осуществляться вместе с Cambridge University Press and Assessment.

До этого Национальную учебную программу утверждали в 2020 году. Ожидалось, что школы полностью перейдут на неё к 2025 году. 

https://www.gazeta.uz/ru/2026/08/18/national-study-program/

[Telegram](https://t.me/gazetauz)  |  [Instagram](https://instagram.com/gazetauzb)  |  [YouTube](https://youtube.com/@GazetaUzb)"
@gazetauz,63623,2026-08-18 10:43:01,16811,64,"В Ташкенте планируют создать Китайский международный техникум с участием China Oriental Education Holdings. 

Компания должна будет инвестировать $5,1 млн на реконструкцию и оснащение учебного заведения. 

Техникум, как ожидается, также будет готовить кадры для BYD, Chery и JAC.

https://www.gazeta.uz/ru/2026/08/18/college/

[Telegram](https://t.me/gazetauz)  |  [Instagram](https://instagram.com/gazetauzb)  |  [YouTube](https://youtube.com/@GazetaUzb)"
@gazetauz,63624,2026-08-18 11:01:04,17330,103,"В Узбекистане до 2030 года продлят льготу, позволяющую гостиницам платить земельный налог и налог на имущество по ставкам, сниженным в 10 раз. 

На строительство, реконструкцию и оснащение гостиниц также направят $50 млн. Предпринимателям будут предоставлять кредиты на эти цели сроком на 10 лет под 16% годовых, а субсидии на строительство трёх-, четырёх- и пятизвёздочных гостиниц продлят ещё на два года. 

Требование о заключении иностранной компании для подтверждения «звёздности» при получении субсидии отменят.

Кроме того, услуги туроператоров для иностранных туристов приравняют к экспорту и освободят от НДС. 

Таможенные льготы на ввоз туристических автобусов, электробусов и микроавтобусов продлят ещё на год, утильсбор с них взимать не будут.

https://www.gazeta.uz/ru/2026/08/18/tourism/

[Telegram](https://t.me/gazetauz)  |  [Instagram](https://instagram.com/gazetauzb)  |  [YouTube](https://youtube.com/@GazetaUzb)"
@gazetauz,63625,2026-08-18 12:02:20,18287,54,"Дочерняя компания Paynet FurtherIT инвестирует 17,2 млрд сумов в GoInvest и планирует поэтапно увеличить долю до 51%.

Сделка расширит финансовую экосистему Paynet и откроет пользователям доступ к местным и международным фондовым рынкам (реклама).

https://www.gazeta.uz/ru/2026/08/18/paynet/"
@gazetauz,63626,2026-08-18 12:15:28,17508,26,"Первую часть (1,2 км) участка линии BRT по ул. Шахрисабз в Ташкенте планируется открыть до конца августа. Линия будет обособлена бордюрами. 

В ЦОДД объяснили длительность работ полным переустройством основания проезжей части на глубину до 2 м, чтобы она выдерживала тяжёлые автобусы.

https://www.gazeta.uz/ru/2026/08/18/brt-shahrisabz/

[Telegram](https://t.me/gazetauz)  |  [Instagram](https://instagram.com/gazetauzb)  |  [YouTube](https://youtube.com/@GazetaUzb)"
@gazetauz,63627,2026-08-18 12:43:11,17516,69,"**Курс доллара вновь снизился**

Центральный банк Узбекистана опубликовал обновлённые курсы валют на 19 августа.

Доллар снизился на 36,95 сума — до 11820,40 сума. 

Курс евро подешевел на 61,75 сума, российский рубль — на 0,27 сума. 

[Telegram](https://t.me/gazetauz) | [Instagram](https://instagram.com/gazetauzb) | [YouTube](https://youtube.com/@GazetaUzb)"
@gazetauz,63628,2026-08-18 13:00:55,17700,61,"**Президент проехал по платной дороге «Ургенч — Хива»**

Шавкат Мирзиёев проехал по платной автомобильной дороге, соединившей аэропорт Ургенча и Хиву. Это первая платная дорога в Узбекистане.

Проезд можно будет оплачивать как электронно без остановки транспорта, так и картой или через QR-код. Для спецтранспорта предусмотрен беспрепятственный проезд. 

Протяжённость четырёхполосной дороги составляет 35 км. Её открытие должно сократить время в пути с 45−50 минут до 15−17. 

https://www.gazeta.uz/ru/2026/08/18/urgench-khiva-toll-road/

[Telegram](https://t.me/gazetauz) | [Instagram](https://instagram.com/gazetauzb) | [YouTube](https://youtube.com/@GazetaUzb)"
@gazetauz,63632,2026-08-18 14:04:06,19019,95,"15 августа в главном филиале Beshqozon в Ташкенте официально представили первый куриный плов от бренда JO‘JA.

Блюдо получило положительные отзывы гостей и теперь представлено в основном меню всех филиалов сети Beshqozon (реклама).

https://www.gazeta.uz/ru/2026/08/18/joja/"
@gazetauz,63633,2026-08-18 14:15:03,20358,164,"Рынок «Янгиабад» в Ташкенте будет сохранён, формат блошиного рынка меняться не будет, заверили в хокимияте. 

Главные задачи — учесть интересы людей, сохранить рабочие места продавцов, а также создать более безопасную и современную среду, отметили в администрации.

«Проект будет представлен для общественного обсуждения. Каждый сможет ознакомиться с предлагаемыми изменениями, высказать своё мнение, задать вопросы и внести предложения», — говорится в сообщении хокимията.

https://www.gazeta.uz/ru/2026/08/18/yangiabad/

[Telegram](https://t.me/gazetauz)  |  [Instagram](https://instagram.com/gazetauzb)  |  [YouTube](https://youtube.com/@GazetaUzb)"
@gazetauz,63634,2026-08-19 03:54:03,18593,26,"Для работников аппарата судов в Узбекистане разработали образцы единой форменной одежды. 

В Верховном суде рассчитывают, что форма сделает сотрудников более узнаваемыми для граждан и повысит их профессиональную ответственность. 

Форму планируется утвердить в 2027 году.

https://www.gazeta.uz/ru/2026/08/18/uniform/

[Telegram](https://t.me/gazetauz)  |  [Instagram](https://instagram.com/gazetauzb)  |  [YouTube](https://youtube.com/@GazetaUzb)"
@gazetauz,63635,2026-08-19 04:01:16,17888,13,"ATMOS помогла UnaMoliya автоматизировать платёжные процессы для онлайн-выдачи и погашения микрозаймов.

Решение объединило привязку банковских карт, мгновенные выплаты, онлайн-платежи и автоплатежи в единую систему (реклама).

https://www.gazeta.uz/ru/2026/08/19/atmos/"
@gazetauz,63636,2026-08-19 04:16:00,18806,110,"С 1 сентября в Узбекистане предлагают значительно повысить штраф за безбилетный проезд в автобусах: с 41 200 до 220 тысяч сумов за первое нарушение и до 440 тысяч сумов — за повторное. 

Предложения внесены в Законодательную палату.

https://www.gazeta.uz/ru/2026/08/18/buses/

[Telegram](https://t.me/gazetauz)  |  [Instagram](https://instagram.com/gazetauzb)  |  [YouTube](https://youtube.com/@GazetaUzb)"
@gazetauz,63637,2026-08-19 05:18:51,20828,234,"Генпрокуратура Узбекистана запустила Telegram-бот (@noqonuniy_qurilish_bot), чтобы жители Ташкента сообщали о незаконном строительстве вблизи многоквартирных домов, на спортивных и детских площадках и в зелёных зонах. 

Там призвали «не оставаться равнодушными к своему дому и махалле — принимать активное участие в осуществлении общественного контроля». «Помните, каждый участок земли — это достояние каждого из нас и нашего народа!» — заявили в Генпрокуратуре.

Жители Ташкента и других городов никогда не были равнодушными. Они десятилетиями жалуются на застройку дворов, детских и спортивных площадок, зелёных зон, строительство новых зданий вплотную к существующим, высотных зданий вместо заявленных многоуровневых парковок, зданий большей этажности, чем указано в документах.

В конце июля глава Администрации президента Саида Мирзиёева назвала возмущения жителей  справедливыми.

https://www.gazeta.uz/ru/2026/08/19/illegal-constructions/

[Telegram](https://t.me/gazetauz)  |  [Instagram](https://instagram.com/gazetauzb)  |  [YouTube](https://youtube.com/@GazetaUzb)"
@gazetauz,63638,2026-08-19 05:37:28,18463,324,"⚡️Предприниматель и учредитель мобильного оператора Perfectum Фарход Мамаджанов сообщил о договорённостях с международным телекоммуникационным холдингом VEON по привлечению $200 млн в телекоммуникационный проект в Узбекистане. 

Бизнесмен попросил президента помочь с получением заключения Комитета по развитию конкуренции для готовящейся сделки.

По словам Мамаджанова, стороны достигли договорённостей ещё в июне и готовы подписать соглашение с нидерландской VEON (является владельцем другого оператора Beeline Uzbekistan).

Глава Комитета по конкуренции Халилилло Турахужаев сообщил, что заявка на предварительное согласие на сделку по экономической концентрации поступила 24 июля и сейчас ведомство изучает рынок мобильной связи. 

Шавкат Мирзиёев заявил, что лично возьмёт вопрос на контроль.

https://www.gazeta.uz/ru/2026/08/19/veon-perfectum/

[Telegram](https://t.me/gazetauz)  |  [Instagram](https://instagram.com/gazetauzb)  |  [YouTube](https://youtube.com/@GazetaUzb)"
@gazetauz,63639,2026-08-19 06:00:20,17267,13,"**Акция Salom Maktab от Ucell**

Начать учебный год можно с выгодными комплектами смартфонов:

— Honor X7e и Honor X6c с тарифом Bor 70;
— Tecno Spark 50 и Tecno Go 3 с тарифом Bor 70.

Тариф предоставляется без абонентской платы на три месяца для основного смартфона и один месяц для дополнительного смартфона.

Также доступны комплекты:

— Honor X6e и Earbuds X7 Pro;
— Honor X6e и Headphones Pro;
— Redmi A7 Pro и Buds 8 Lite.

Акция действует с 17 августа до 17 октября.

Тарифы доступны только для новых подключений в офисах Ucell.

[Подробнее](https://ucell.uz/sma19).

__На правах рекламы.__"
@gazetauz,63640,2026-08-19 06:23:31,18300,47,"Посетителя Ташкентского зоопарка, который бросал камни в льва и дикобразов, привлекли к административной ответственности. 

Мужчину оштрафовали на 2,8 млн сумов за жестокое обращение с животными.

https://www.gazeta.uz/ru/2026/08/18/zoo/

[Telegram](https://t.me/gazetauz)  |  [Instagram](https://instagram.com/gazetauzb)  |  [YouTube](https://youtube.com/@GazetaUzb)"
@gazetauz,63641,2026-08-19 07:04:37,19913,262,"Предприниматель Джахонгир Артыкходжаев заявил, что AKFA Holding готова трудоустроить 10 тысяч граждан Узбекистана, находящихся за рубежом, в том числе желающих вернуться из России. Он предложил создать отдельный колл-центр и подключить к инициативе других предпринимателей.

Он также сообщил о переговорах по EPC-контрактам на строительство нефтехимического комплекса в Мексике и горнодобывающего комплекса в Саудовской Аравии, куда, по его словам, можно будет направить на работу тысячи узбекистанцев. Ещё один потенциальный проект обсуждается в Албании.

Президент поддержал предложения и поручил в течение 10−15 дней подготовить платформу по возвращению и трудоустройству соотечественников, а также проработать возможности их занятости за рубежом. 

«Здесь нельзя ограничиваться громкими словами, нужно действовать», — заявил президент, говоря о положении граждан Узбекистана за границей после трагедии в Татарстане.

https://www.gazeta.uz/ru/2026/08/19/akfa-migrants-uzb/

[Telegram](https://t.me/gazetauz)  |  [Instagram](https://instagram.com/gazetauzb)  |  [YouTube](https://youtube.com/@GazetaUzb)"
@gazetauz,63643,2026-08-19 08:48:08,17702,29,"Президент заявил, что Хорезм должен стать образцовым регионом по сокращению бедности и безработицы. По его словам, сегодня 91 тысяча жителей области живёт в бедности, около 39 тысяч остаются без работы, ещё 102 тысячи находятся за рубежом.

Глава государства назвал инфляцию «налогом на бедного» и связал рост доходов населения со сдерживанием цен, увеличением производства продовольствия и притоком инвестиций. В этом году в область планируется привлечь более 2,5 млрд долларов, для сопровождения проектов будет создан специальный проектный офис.

Отдельно президент заявил о необходимости повышать доходы населения за счёт туризма и добавленной стоимости. По его словам, интеграция аэропорта, железной дороги и другой транспортной инфраструктуры должна помочь превратить Хиву и Хорезм в источник большего благосостояния для жителей региона.

https://www.gazeta.uz/ru/2026/08/19/khorezm-president/

[Telegram](https://t.me/gazetauz)  |  [Instagram](https://instagram.com/gazetauzb)  |  [YouTube](https://youtube.com/@GazetaUzb)"
@gazetauz,63644,2026-08-19 09:06:32,18278,78,"С 1 января 2027 года застройщики по-прежнему смогут напрямую продавать жильё покупателям в рассрочку. Минюст и Центральный банк уточнили, что ограничение на недвижимость касается посредников — операторов услуг рассрочки, а не прямых сделок между застройщиком и покупателем.

Продажа автомобилей с оплатой частями также сама по себе не означает, что продавец автоматически подпадёт под новые требования. В ЦБ пояснили, что будут учитываться модель бизнеса, факт оказания услуг рассрочки, оборот компании и доля таких продаж.

Обязательная регистрация в реестре ЦБ потребуется, в частности, организациям с квартальным оборотом свыше 500 млн сумов, если доля рассрочки составляет 50% и более. Производственные предприятия из этого требования исключены.

https://www.gazeta.uz/ru/2026/08/19/bnpl-uzb/

[Telegram](https://t.me/gazetauz)  |  [Instagram](https://instagram.com/gazetauzb)  |  [YouTube](https://youtube.com/@GazetaUzb)"
@gazetauz,63645,2026-08-19 10:51:21,18916,83,"**Яркие таблички на памятниках возмутили ташкентцев. Их начали убирать**

Ташкентцы, включая журналистов «Газеты», начали бить тревогу после появления на памятниках архитектуры ярко-жёлтых табличек «Под охраной государства».

После критики архитектора Александра Федорова (автора канала Tashkent Modernism) на монументе «Мужество» табличку убрали.

https://www.gazeta.uz/ru/2026/08/19/monuments/

[Telegram](https://t.me/gazetauz)  |  [Instagram](https://instagram.com/gazetauzb)  |  [YouTube](https://youtube.com/@GazetaUzb)"
@gazetauz,63650,2026-08-19 11:57:39,16884,16,"Верховная Рада утвердила новым министром обороны Украины Евгения Хмару, до этого исполнявшего обязанности главы СБУ. 

Он сменил Михаила Федорова, отставка которого вызвала массовые протесты в стране, продолжающиеся до сих пор.

https://www.gazeta.uz/ru/2026/08/19/yevhenii-khmara/

[Telegram](https://t.me/gazetauz)  |  [Instagram](https://instagram.com/gazetauzb)  |  [YouTube](https://youtube.com/@GazetaUzb)"
@gazetauz,63651,2026-08-19 12:31:50,16632,26,"В январе−июне 2026 года Узбекистан увеличил импорт природного и искусственного газа на 41,4% — до $971,7 млн, тогда как экспорт сократился на 34,4% — до $232,9 млн. В результате разница между импортом и экспортом газа достигла около $739 млн против порядка $332 млн годом ранее.

При этом пересмотрена база сравнения за первое полугодие 2025 года. Исходя из нового темпа роста, импорт газа тогда составлял около $687,2 млн, хотя в опубликованном год назад докладе указывалось $571,8 млн. Расхождение между двумя оценками достигает $115,4 млн.

Одновременно импорт бензина вырос на 78,5% — до 409,5 млн долларов, пропана — в 3,6 раза, а импорт дизельного топлива сократился на 11,1%. 

Экспорт электроэнергии увеличился на 13,4%, её импорт снизился на 15,6%. 

https://www.gazeta.uz/ru/2026/08/19/gas-export-import/

[Telegram](https://t.me/gazetauz)  |  [Instagram](https://instagram.com/gazetauzb)  |  [YouTube](https://youtube.com/@GazetaUzb)"
@gazetauz,63652,2026-08-19 12:50:00,17238,46,"В Узбекистане планируют упростить строительство микроГЭС, пересмотреть условия аукционов и установить минимальный тариф на закупку вырабатываемой электроэнергии. 

Сейчас из почти 3000 запланированных проектов инициаторы определены лишь по 932, а введена примерно четверть предусмотренной мощности.

Кроме того, объекты мощностью до 50 кВт освободят от градостроительной экспертизы и строительного надзора, а малые ГЭС для собственных нужд на объектах водного хозяйства можно будет строить без аукциона.

Также разрешат изменять конструкцию каналов, рек и русел для создания дополнительного напора воды.

К 2030 году мощность малых и микроГЭС хотят довести до 204,8 МВт, а ежегодную выработку — до 620 млн кВт·ч. 

https://www.gazeta.uz/ru/2026/08/19/micro-ges/

[Telegram](https://t.me/gazetauz)  |  [Instagram](https://instagram.com/gazetauzb)  |  [YouTube](https://youtube.com/@GazetaUzb)"
@gazetauz,63653,2026-08-19 13:10:01,17569,94,"**Официальный курс доллара снизился ниже 11800**

Центральный банк Узбекистана опубликовал обновлённые курсы валют на 20 августа.

Доллар снизился на 25,52 сума — до 11794,88 сума. 

Курс евро вырос на 1,12 сума, российский рубль снизился на 0,38 сума. 

[Telegram](https://t.me/gazetauz) | [Instagram](https://instagram.com/gazetauzb) | [YouTube](https://youtube.com/@GazetaUzb)"
@gazetauz,63654,2026-08-19 13:55:26,17380,18,"Диёр Имамходжаев утверждён генеральным директором Профессиональной футбольной лиги Узбекистана ещё на четыре года. 

Его кандидатуру выдвинул президент Ассоциации футбола Баходир Курбонов, а все восемь членов Исполкома ПФЛ поддержали её единогласно.

https://www.gazeta.uz/ru/2026/08/19/uzpfl/

[Telegram](https://t.me/gazetauz)  |  [Instagram](https://instagram.com/gazetauzb)  |  [YouTube](https://youtube.com/@GazetaUzb)"
@gazetauz,63655,2026-08-19 14:01:36,17926,23,"В Республике Каракалпакстан 101 молодой семье, оказавшейся в сложных социальных условиях, передали ключи от новых домов. 

Социальный проект реализован при поддержке InfinBANK совместно с государственными организациями (реклама).

https://www.gazeta.uz/ru/2026/08/19/infinbank/"
@gazetauz,63656,2026-08-19 14:47:07,17959,27,"Границы Гулистана и Ширина в Сырдарьинской области планируется расширить за счёт земель Гулистанского и Баяутского районов. 

Гулистан получит более 1100 га новых территорий, Ширин — более 600. Законодательная палата поддержала это решение.

https://www.gazeta.uz/ru/2026/08/19/plan/

[Telegram](https://t.me/gazetauz)  |  [Instagram](https://instagram.com/gazetauzb)  |  [YouTube](https://youtube.com/@GazetaUzb)"
@gazetauz,63657,2026-08-20 03:20:02,17028,120,"Президент Шавкат Мирзиёев впервые публично сообщил, что в Узбекистане ведётся «большая подготовка» по проекту второй атомной электростанции. «Сегодня хочу по секрету сказать вам: ведём большую подготовку и по второй станции», — заявил он 17 августа во время поездки в Хорезмскую область.

Пока не раскрываются предполагаемое место строительства второй АЭС, её мощность и сроки реализации проекта. Президент связал дальнейшее развитие атомной энергетики с необходимостью обеспечить инвесторов гарантированным электроснабжением и снизить себестоимость электроэнергии.

Первая интегрированная АЭС строится в Фаришском районе Джизакской области. Она будет состоять из двух энергоблоков ВВЭР-1000 и двух малых модульных реакторов РИТМ-200Н общей мощностью 2110 МВт. 

https://www.gazeta.uz/ru/2026/08/20/nuclear-power-station/

[Telegram](https://t.me/gazetauz)  |  [Instagram](https://instagram.com/gazetauzb)  |  [YouTube](https://youtube.com/@GazetaUzb)"
@gazetauz,63658,2026-08-20 03:45:03,15923,50,"В этом году на вступительных экзаменах в вузы Узбекистана проходные 56,7 балла не смогли набрать 37,5% абитуриентов. Показатель улучшился по сравнению с прошлым годом. 

Средний проходной балл на государственный грант составил 134,6, на контрактные места — 93,7.

https://www.gazeta.uz/ru/2026/08/18/high-education/

[Telegram](https://t.me/gazetauz)  |  [Instagram](https://instagram.com/gazetauzb)  |  [YouTube](https://youtube.com/@GazetaUzb)"
@gazetauz,63659,2026-08-20 04:01:17,15896,25,"Более 25 лет Sika участвует в проектах строительной отрасли Узбекистана. 

Следующий этап развития компании предполагает дальнейшую локализацию, расширение производства и внедрение новых технологий (реклама).

https://www.gazeta.uz/ru/2026/08/20/sika/"
@gazetauz,63660,2026-08-20 05:30:17,15522,40,"В Узбекистане сокращается доля тех, кто не смог набрать проходной балл (56,7) при поступлении в вузы, заявил министр высшего образования Конгратбай Шарипов. 

Он объяснил эту тенденцию повышением уровня знаний в школах. По его словам, потребность в высшем образовании составляет примерно 30%.

https://www.gazeta.uz/ru/2026/08/20/education/

[Telegram](https://t.me/gazetauz)  |  [Instagram](https://instagram.com/gazetauzb)  |  [YouTube](https://youtube.com/@GazetaUzb)"
@gazetauz,63661,2026-08-20 05:51:10,15110,21,"В Ташкентской области Spark выехал на встречную полосу и перевернулся после того, как его подрезал Cobalt. 

Погибли 39-летний мужчина и его пятилетний ребёнок. Водителя Cobalt задержали, возбуждено уголовное дело.

https://www.gazeta.uz/ru/2026/08/19/incident/

[Telegram](https://t.me/gazetauz)  |  [Instagram](https://instagram.com/gazetauzb)  |  [YouTube](https://youtube.com/@GazetaUzb)"
@gazetauz,63662,2026-08-20 05:59:14,15195,23,"InfinBANK и Yangi Asr Avlodi выпустили книгу «Pul. Bolalar uchun moliyaviy bilimlar», знакомящую детей с основами финансовой грамотности.

Презентация прошла 19 августа в «Театр+» с финансовым квестом и театральным представлением (реклама).

https://www.gazeta.uz/ru/2026/08/20/infinbank/"
@gazetauz,63663,2026-08-20 06:12:15,15879,90,"Основатель сети Korzinka, председатель ассоциации «Торговля и сервис» Зафар Хашимов предложил усовершенствовать регулирование коммерческой аренды в Узбекистане. Он указал на короткие сроки договоров, резкое повышение арендной платы и риски потери вложений предпринимателей в арендованные помещения.

Отдельно Хашимов призвал бизнес отказаться от практики разделения арендной платы на «белую» и «чёрную» части и платежей «в конверте». По его словам, официальное отражение всей суммы аренды в расходах выгодно самому предпринимателю, поскольку уменьшает его налогооблагаемую базу.

Президент Шавкат Мирзиёев поддержал предложение о совершенствовании правил аренды. Он поручил ответственным лицам совместно с Министерством юстиции и общественным советом в течение двух месяцев подготовить конкретные предложения и заявил, что готов их поддержать.

https://www.gazeta.uz/ru/2026/08/20/rent/

[Telegram](https://t.me/gazetauz)  |  [Instagram](https://instagram.com/gazetauzb)  |  [YouTube](https://youtube.com/@GazetaUzb)"
@gazetauz,63664,2026-08-20 08:11:20,15274,133,"С 20 августа над Ташкентом будут проводиться плановые лётные проверки аэронавигационных систем аэропортов. 

Самолёт-лаборатория компании Avion будет совершать манёвры на малой высоте (около 1 км), по несколько раз пролетая над одними и теми же территориями.

Процесс может занять несколько дней. Жителей попросили не беспокоиться.

https://www.gazeta.uz/ru/2026/08/20/avion/

[Telegram](https://t.me/gazetauz)  |  [Instagram](https://instagram.com/gazetauzb)  |  [YouTube](https://youtube.com/@GazetaUzb)"
@gazetauz,63665,2026-08-20 08:40:08,13641,24,"Турецкая Aksa в течение первых 12 лет управления распределительными электросетями Самаркандской области должна привлечь $357 млн прямых инвестиций. Из них не менее $27 млн компания обязана вложить в первые два года — переходный период проекта.

Электросети и другая инфраструктура останутся в собственности государства и будут переданы частному оператору в безвозмездное пользование для эксплуатации. Aksa займётся расширением, модернизацией и реконструкцией сетей, а также должна будет ежегодно сокращать потери электроэнергии.

Государство, в свою очередь, гарантирует частному партнёру доход в соответствии с соглашением о ГЧП. Расходы на модернизацию и расширение сетей будут возмещаться ежемесячными платежами, отдельно предусмотрена оплата за их эксплуатацию.

https://www.gazeta.uz/ru/2026/08/20/aksa-enerji/

[Telegram](https://t.me/gazetauz)  |  [Instagram](https://instagram.com/gazetauzb)  |  [YouTube](https://youtube.com/@GazetaUzb)"
@gazetauz,63666,2026-08-20 09:05:12,13183,21,"**Шахматист Жавохир Синдаров занял третье место на Sinquefield Cup в США**

Узбекистанский гроссмейстер Жавохир Синдаров стал третьим на Sinquefield Cup в США после мощной концовки турнира. 

Не одержав ни одной победы в первых турах, узбекистанец затем выиграл две партии подряд и перед финальным отрезком сохранял шансы на первое место. 

Он набрал 5 очков из 9 и лишь немного не дотянул до финала Grand Chess Tour.

Участие Синдарова в международных турнирах, подготовка к Grand Chess Tour и работа с тренерами проходят при поддержке [Национального банка Узбекистана](https://nbu.uz/ru).

https://www.gazeta.uz/ru/2026/08/20/sinquefield-cup-sindarov

__Фото: Lennart Ootes / Grand Chess Tour__

[Telegram](https://t.me/gazetauz)  |  [Instagram](https://instagram.com/gazetauzb)  |  [YouTube](https://youtube.com/@GazetaUzb)"
@gazetauz,63669,2026-08-20 09:59:15,13100,7,"В Uztelecom рассказали, какие новые сервисы и технологические направления компания развивает наряду с традиционными услугами связи. 

Похожие изменения происходят в банковской сфере и e-commerce, где компании все чаще выходят за рамки привычного бизнеса (реклама).

https://www.gazeta.uz/ru/2026/08/20/uztelecom/"
@gazetauz,63670,2026-08-20 11:04:35,11986,20,"Первый заместитель министра энергетики Умид Мамадаминов заявил, что власти намерены изменить условия реализации проектов малых и микроГЭС, чтобы исключить случаи получения земельных участков без последующего строительства станций. 

По его словам, некоторые проекты на аукционах приобретались практически по нулевой стоимости, что могло указывать на интерес инвесторов прежде всего к земле, а не к производству электроэнергии.

Всего в Узбекистане определено около 3000 потенциальных точек для строительства малых и микроГЭС, более 2500 из них уже выставлены на аукцион. 

Теперь проекты планируется заново оценить с учётом наличия водного потока, ожидаемой выработки и необходимости модернизации гидротехнических сооружений, разделив их на три категории.

https://www.gazeta.uz/ru/2026/08/20/energy/

[Telegram](https://t.me/gazetauz)  |  [Instagram](https://instagram.com/gazetauzb)  |  [YouTube](https://youtube.com/@GazetaUzb)"
@gazetauz,63671,2026-08-20 11:30:04,11168,20,"В ночь на 20 августа Киев подвергся массированной воздушной атаке со стороны России. 

Погибли 15 человек, более 30 пострадали, повреждены жилые дома и объекты инфраструктуры. 

21 августа объявлен днём траура в столице Украины.

https://www.gazeta.uz/ru/2026/08/20/kyiv-attack/

[Telegram](https://t.me/gazetauz)  |  [Instagram](https://instagram.com/gazetauzb)  |  [YouTube](https://youtube.com/@GazetaUzb)"
@gazetauz,63672,2026-08-20 11:45:13,10804,33,"В Узбекистане мощностей Республиканского центра хранения радиоактивных отходов может хватить ещё примерно на 4−5 лет. Сейчас четыре из десяти хранилищ уже заполнены, остальные — на 50−92%, сообщил заместитель председателя Комитета промбезопасности Сардорбек Якубеков.

На этом фоне Законодательная палата 18 августа приняла в первом чтении проект закона «Об обращении с радиоактивными отходами», который должен впервые комплексно урегулировать весь цикл обращения с ними — от образования и переработки до транспортировки, хранения и захоронения.

Документ вводит единые требования безопасности, принцип «загрязнитель платит», предусматривает национального оператора и участие общественности. 

Отдельно власти намерены урегулировать вопросы уранового наследия: только на хвостохранилище ГМЗ-1 накоплено более 57 млн тонн урановых отходов.

https://www.gazeta.uz/ru/2026/08/20/radioactive/

[Telegram](https://t.me/gazetauz)  |  [Instagram](https://instagram.com/gazetauzb)  |  [YouTube](https://youtube.com/@GazetaUzb)"
@gazetauz,63673,2026-08-20 12:00:14,10217,19,"Новая моментальная карта UZCARD Moment от Tenge Bank выдаётся сразу в отделении, а активировать её клиент может самостоятельно в Tenge24 всего за несколько минут.

Главное преимущество UZCARD Moment — максимально простой и быстрый путь от получения карты до начала её использования (реклама).

https://www.gazeta.uz/ru/2026/08/20/tenge-bank/"
@gazetauz,63674,2026-08-20 12:21:13,10219,37,"Система оплаты проезда по первой платной автодороге Узбекистана Ургенч — Хива сейчас работает в тестовом режиме и будет полностью запущена с 25 августа, сообщили «Газете» в Комитете по автодорогам.

Стоимость проезда для легковых автомобилей по всему маршруту составляет 25 тысяч сумов, по сокращённому участку — 20 тысяч.

Оплата будет взиматься в электронном виде без остановки автомобилей. Пользователи смогут оплачивать поездки вручную или подключить автоматическое списание средств, а также получать через сайт и мобильное приложение данные о состоянии дороги, пробках, времени в пути и погоде.

Новая четырёхполосная трасса протяжённостью 35 км должна сократить время поездки между Ургенчем и Хивой с 45−50 до 15−20 минут. Её пропускная способность превышает 20 тысяч автомобилей в сутки, максимальная разрешённая скорость достигает 150 км/ч.

https://www.gazeta.uz/ru/2026/08/20/toll-roads/

[Telegram](https://t.me/gazetauz)  |  [Instagram](https://instagram.com/gazetauzb)  |  [YouTube](https://youtube.com/@GazetaUzb)"
@gazetauz,63675,2026-08-20 13:00:10,9113,14,"Более 152 тысяч студентов в Узбекистане, или около 20,5% всех обучающихся на дневной форме, на начало 2025/2026 учебного года проживали в арендованных квартирах. 

Всего в 202 вузах страны насчитывалось 741,5 тысячи студентов-очников. Из них около 441 тысячи, или 59%, жили в собственном доме либо у близких родственников и оттуда добирались на учёбу.

Ещё 102 тысячи студентов проживали в общежитиях вузов, а более 44 тысяч — в общежитиях, построенных на основе государственно-частного партнёрства.

По данным МВД, около 70% студентов не обеспечены местами в общежитиях, поэтому многие вынуждены снимать жильё, как правило, группами по четыре-пять человек. Власти считают, что действующие правила регистрации по месту пребывания не должны создавать для них дополнительные сложности.

https://www.gazeta.uz/ru/2026/08/20/students-uzb/

[Telegram](https://t.me/gazetauz)  |  [Instagram](https://instagram.com/gazetauzb)  |  [YouTube](https://youtube.com/@GazetaUzb)"
@gazetauz,63676,2026-08-20 13:15:18,8600,25,"Дональд Трамп объявил о начале «самой сокрушительной» экономической операции против Ирана из-за отсутствия прогресса по сделке. 

Президент США пообещал, что любая страна, которая будет помогать Тегерану, «сама столкнётся с огромными экономическими последствиями».

https://www.gazeta.uz/ru/2026/08/20/trump-iran/

[Telegram](https://t.me/gazetauz)  |  [Instagram](https://instagram.com/gazetauzb)  |  [YouTube](https://youtube.com/@GazetaUzb)"
@kunuzofficial,173067,2026-08-08 17:04:31,344169,1141,"**“Чўққида ҳеч нарса йўқ экан...” — Жалолиддин Аҳмадалиев машҳурлик бадали, тўй бизнеси ва нота билмаслиги ҳақида**

“Гитарамиз сими узилиб кетса ҳам қўшиқ айтишга иштиёқ бор эди. Ҳозир ҳамма шароит бор, лекин ўша иштиёқ йўқ...” 

Ўзининг самимий ва дардли тароналари билан қисқа фурсатда миллионлаб тингловчилар қалбидан жой олган хонанда Жалолиддин Аҳмадалиев Кun.uzʼга интервю берди. Қаҳрамонимиз санъатга кириб келиши, “олий маълумотли ошиқ” ибораси ортидаги аламли ҳақиқат, шоу-бизнеснинг ғирромликлари ҳамда машҳурлик олиб келган беҳаловатлик ҳақида очиқ-ойдин сўз [юритди](https://kun.uz/kr/09669647).

[**📹СУҲБАТНИ ТЎЛИҚ ТОМОША ҚИЛИНГ**](https://youtu.be/gDRZxP8UsN4)"
@kunuzofficial,173068,2026-08-09 05:11:16,352491,90,"**Аҳоли уйларида тозалик рейдлари ва Тошкентдаги ноқонуний қурилишлар — ҳафта дайжести**

➖ Тозаликка мажбурлаш кампанияси: одамларнинг шахсий ҳаёт дахлсизлиги бузилмоқда.

➖Миграция агентлигидаги коррупция: қидирувдаги собиқ ходимнинг иддаоларидан бири тасдиқланди.

➖Ҳаддидан ошган ҳайдовчиларга кескинроқ чоралар: энди нафақат гувоҳнома, автомобил ҳам олиб қўйилиши мумкин.

➖Газсиз ҳудудларга арзонроқ электр: янги вазир ҳам чегирма ҳақида ваъда берди.

Ортда қолган ҳафтанинг Ўзбекистон ҳаётига оид шу ва бошқа мавзулари – Kun.uz [дайжестида](https://kun.uz/kr/55438664).

[**📹 ВИДЕОШАРҲНИ ТОМОША ҚИЛИНГ**](https://youtu.be/pyh-1h7m5q8)"
@kunuzofficial,173069,2026-08-09 07:05:47,317897,450,"**Фарғонада «Мансур Казанский» лақабли шахс қўлга олинди**

У шериклари билан Фарғона шаҳрида фуқародан товламачилик йўли билан 200 минг доллар талаб қилганликда гумонланмоқда.

👉 https://kun.uz/kr/38138035

[Kun.uz расмий канали](https://t.me/kunuzofficial)"
@kunuzofficial,173070,2026-08-09 07:50:07,305960,11,"**Илҳом Алиев Трамп билан телефон орқали мулоқот қилди**

Суҳбатда Вашингтон саммитига бир йил тўлгани муносабати билан Озарбойжон ва Арманистон ўртасидаги тинчлик жараёни муҳокама қилинган. Томонлар узоқ йиллик можарога барҳам берилганини таъкидлаган.

👉 https://kun.uz/kr/14892500

[Kun.uz расмий канали](https://t.me/kunuzofficial)"
@kunuzofficial,173071,2026-08-09 08:02:20,318183,86,"**«Макка пакти Эронга қарши қаратилмаган ва НАТОнинг 5-моддасига тенг» – Туркия**
 
🇹🇷🇸🇦🇵🇰 Туркия, Покистон ва Саудия Арабистони ўртасида имзоланган мудофаа пакти техник жиҳатдан **НАТОнинг жамоавий мудофаа кафолатига доир ""5-моддаси""га тенгдир**, деди Туркия ташқи ишлар вазири. 

🇪🇬 Фидан, шунингдек, ушбу келишув **Эронга қарши қаратилмагани** ва унга Миср ҳам қўшилишини таъкидлади.

👉 https://kun.uz/kr/50194882

[Kun.uz расмий канали](https://t.me/kunuzofficial)"
@kunuzofficial,173072,2026-08-09 10:12:23,319197,174,"**«Реал» ўз тарихидаги энг қиммат харидни амалга оширди**

Мадридликлар 19 ёшли Диоманде учун космик даражадаги сумма сарфламоқда. У клуб учун Криштиану Роналду, Гарет Бэйл, Эден Азар ва Жуд Беллингҳэмдан ҳам қимматроқ харидга айланди. Бундан ташқари, у футбол тарихидаги энг қиммат бешинчи футболчи (ундан олдинда фақат Неймар, Мбаппе, Дембеле ва Исак бор) бўлмоқда.

Бу футболчи ҳақида нималар маълум ва у кутилмаларни оқлайдими?

👉 https://kun.uz/kr/30264844

[Kun.uz расмий канали](https://t.me/kunuzofficial)"
@kunuzofficial,173073,2026-08-09 11:09:01,324344,171,"**Навоий вилоятида ишчини тупроқ босиб қолди**

Навоий вилоятининг Қизилтепа туманида 59 ёшли ёлланма ишчи қувурларни таъмирлаш вақтида тупроқ босиб қолиши оқибатида вафот этди. Атрофдагилар унга ёрдам беришга уринган, аммо қуруқ қўл ва белкурак билан бунинг уддасидан чиқа олишмаган.

👉 https://kun.uz/kr/22861076

[Kun.uz расмий канали](https://t.me/kunuzofficial)"
@kunuzofficial,173074,2026-08-09 12:43:01,324809,288,"**Сирдарёда «Каптива» юк машинаси билан тўқнашди**

ЙТҲга юк машинаси қайрилиб олиш қоидасини бузгани сабаб бўлган. Тўқнашув оқибатида ёнғин чиқиб, «Каптива»даги уч киши ҳалок бўлган.

👉 https://kun.uz/kr/66047886

[Kun.uz расмий канали](https://t.me/kunuzofficial)"
@kunuzofficial,173076,2026-08-09 14:05:11,311756,73,"**Инфантино атрофида янги можаро: у УЕФАда ишлаган вақтида маъшуқасига катта пул тўлашда айбланмоқда
**
УЕФАдагилар барчасини тасдиқлаган, ФИФА рад этмоқда.

👉 https://kun.uz/kr/17543155

[Kun.uz расмий канали](https://t.me/kunuzofficial)"
@kunuzofficial,173077,2026-08-09 15:07:02,309166,36,"**Россия Харкив ва Одессага, Украина – Белгородга зарба берди**. **Суратлар**

Зеленский 40 кунлик «таъсир операцияси» якунларини сарҳисоб қилди ва логистика бўйлаб янги зарбалар билан таҳдид қилди.

📸 👉 https://kun.uz/kr/68216730

[Kun.uz расмий канали](https://t.me/kunuzofficial)"
@kunuzofficial,173078,2026-08-09 15:40:16,309995,54,"**КХДР Украина урушида яна фаоллашяпти. Бу нимани англатади?**

Пхенян Россияга нафақат қурол-яроғ, балки ҳарбий хизматчилар ва ракета бўлинмаларини ҳам юбораётгани ҳақида хабарлар бор. 90 нафар шимолий кореялик ҳарбийдан иборат бўлинма 120 та баллистик ракета ва 6 та учириш қурилмаси билан Россия ғарбига жойлаштирилиши айтиляпти. Бу амалга ошса, КХДРнинг урушдаги иштироки янги босқичга ўтади. Бундай вазият Киевнинг жавоб чораларига, шунингдек Сеул ва Токионинг Украинани кўпроқ қўллашига олиб келиши мумкин.

[📹 ВИДЕОНИ ТОМОША ҚИЛИНГ](https://kun.uz/kr/81575625)"
@kunuzofficial,173079,2026-08-09 16:20:11,311832,91,"**АҚШда қурол тақчиллиги, Кореяда массаж можароси – ҳафта дайжести**

🔘 Россия – Украина уруши окопдан шаҳарларга кўчди. Энди ҳеч қаер хавфсиз эмас: соҳиллар ҳам, машина-дўконлар ва ҳатто уйлар ҳам!

🔘 Американинг қуроли тугаяпти. Трамп ҳукумат йиғилишида уруш вазиридан ҳисоб сўради. Эронга «иккинчи жаҳон уруши давридан буён энг йирик зарба» катта эҳтимол шу сабаб бекор қилинган.

🔘 Кореяда мисли кўрилмаган можаро: корейслар ЖЧ саралашида ишлаган ҳакамлар «мезбонлар фойдасига қарор чиқариши учун» уларга массаж хизмати ташкил [қилиб берган](https://kun.uz/kr/64984715).

[**📹 БАТАФСИЛ YOUTUBE'ДА КЎРИНГ**](https://youtu.be/H7j4nwPNoxc)"
@kunuzofficial,173080,2026-08-09 17:10:22,333338,783,"**Турон — харитадаги ЯНГИ КУЧ | MAYDON**

Туркийлар — харитадаги энг кенг тарқалган оилалардан бири. Японларнинг Nissan Qashqai машинаси номи ҳам улардан олинган. Чингизхон давридан токи бугунги Мўғулистоннинг ҳам, Хитойни уч аср бошқарган манжурларнинг расмий алифболари ҳам уларники. Одамлар орасида Буюк Хитой девори улардан ҳимояланиш учун қурилгани, Колумб кашф қилган Америка ҳиндулари, японлар ва гринландиялик туб аҳоли ҳам аслида шу этник гуруҳга мансуб эканлиги ҳақида гаплар юради. [**MAYDON**](https://www.instagram.com/maydon_rasmiy?igsh=eG1yaDA1ajViNm1k&utm_source=qr) жамоаси навбатдаги қизиқ ва катта мавзуни қисқа дақиқаларда тушунтиради. 

[📹👉**ҲОЗИРОҚ КЎРИШ УЧУН**👈](https://youtu.be/gKaEvTOoJg4?si=PeyWYrTyIdwbHaYD)"
@kunuzofficial,173081,2026-08-10 04:02:16,314391,194,"**Илон Маск дунёдаги энг катта ва энг қимматли бинони қурмоқчи**

Маълумот берилишича, мажмуанинг майдони қарийб 9,3 млн квадрат метрни (1300та футбол майдонига тенг) ташкил этади.

«Terafab дунёдаги энг катта ва энг қимматли бино бўлади», — дея таъкидлаган Илон Маск.

👉 https://kun.uz/kr/45715236

[Kun.uz расмий канали](https://t.me/kunuzofficial)"
@kunuzofficial,173082,2026-08-10 05:01:38,314456,771,"**Иккинчи мутахассисликка қабул 10 августда якунланади
**
2026-2027 ўқув йили учун иккинчи ва ундан кейинги олий таълимга онлайн ариза қабул қилиш 10 август куни якунланади. 

Номзодлар шу кунни ҳам қўшиб ҳисоблаганда my.edu.uz платформаси орқали ҳужжат топшириши мумкин.

👉 https://kun.uz/kr/98620673

[Kun.uz расмий канали](https://t.me/kunuzofficial)"
@kunuzofficial,173083,2026-08-10 06:05:09,316193,881,"**10 август куни автомобилдан фойдаланган давлат хизматчилари жавобгарликка тортилади
**
“Автомобилсиз кун” ва “Автомобилсиз ҳафта” акциялари доирасида давлат фуқаролик хизматчилари томонидан автотранспорт воситаларидан фойдаланиш жавобгарликка сабаб бўлади.

Ушбу тадбирлар президентнинг 2026 йил 25 мартдаги “Атмосфера ҳавоси сифатини яхшилашга қаратилган “Тоза ҳаво” умуммиллий лойиҳасини амалга ошириш чора-тадбирлари тўғрисида”ги фармонига мувофиқ, ҳар ойнинг 10 ва 25-саналарида ўтказиб келинмоқда.

👉 https://kun.uz/kr/76349628

[Kun.uz расмий канали](https://t.me/kunuzofficial)"
@kunuzofficial,173084,2026-08-10 06:35:01,307118,515,"**Ҳафта давомида ҳаво +42 даражагача исийди
**
Ҳафта давомида Ўзбекистон ҳудуди бўйича иссиқ об-ҳаво бўлиши кутилмоқда. Ҳарорат кундуз кунлари +37…+42, кечалари +21…+26 даража атрофида бўлади. Айрим ҳудудларда шамол кучайиши мумкин.

👉 https://kun.uz/kr/09278357

[Kun.uz расмий канали](https://t.me/kunuzofficial)"
@kunuzofficial,173085,2026-08-10 07:05:13,318187,866,"**Инсон иқтисоддан устун: Кореяда компаниялар жазирама сабаб ходимларига таътил берди**

Кореяда 1904 йилдан бери энг иссиқ ҳарорат қайд этилди – 42,5 градус. Президент буни миллий фалокат дея атади. Катта компаниялар эса ўз ходимларига 10 кунгача меҳнат таътили берди, ҳаттоки улар хорижга ҳам компания ҳисобидан дам олишга жўнатилган. 

Кореяда таътилни иқтисодий зарар эмас, меҳнат ҳуқуқининг бир қисми ва келажакка инвестиция деб қабул қилишади, дейди Kun.uz билан гаплашган Сеулдаги тадқиқотчи Дониёр Бобоев.

[📹 **ТЎЛИҚ ВИДЕОНИ ТОМОША ҚИЛИНГ**](https://kun.uz/kr/47961481)"
@kunuzofficial,173086,2026-08-10 07:32:45,309893,448,"**Энди банклардан 500 долларгача нақд валютани паспортсиз сотиб олиш мумкин**

Ўзбекистонда 9 августдан банклардан 500 долларгача бўлган нақд чет эл валютасини паспорт, ID карта ёки уларнинг ўрнини босувчи бошқа ҳужжатларсиз олиш мумкин. Аввал шахсни тасдиқловчи ҳужжатсиз банкдан фақатгина 100 доллар сотиб олиш мумкин эди.

👉 https://kun.uz/kr/65264128

[Kun.uz расмий канали](https://t.me/kunuzofficial)"
@kunuzofficial,173087,2026-08-10 08:20:04,311958,682,"**“АҚШда ҳаммасини нолдан бошладим” – Ришод Собиров**

Олимпия ўйинларининг 3 карра совриндори, икки карра жаҳон чемпиони, ўзбек ва дунё дзюдосининг машҳур вакилларидан бири Ришод Собиров Kun.uz'га интервю берди. 

У суҳбатда дзюдога кириб келиши, чемпионлик йўлидаги машаққатлар, сохта дўстлар, спортчилик фаолиятини тугатганидан сўнг АҚШга кетиб, “трак” ҳайдагани, кондиционер ўрнатгани ҳақида гапириб берди.

📹 [**ВИДЕОНИ ТОМОША ҚИЛИНГ**](https://www.youtube.com/watch?v=JONJvzCX1tE&t=1s)"
@kunuzofficial,173088,2026-08-10 09:22:26,296027,324,"**Татаристонда 13 киши ҳалок бўлиб, ўнлаб кишилар яраланди**

Россия регионлари бўйлаб 450 дан ортиқ дрон ҳужум уюштирган. Татаристонда мотам эълон қилинди.

👉 https://kun.uz/kr/55532892

[Kun.uz расмий канали](https://t.me/kunuzofficial)"
@kunuzofficial,173089,2026-08-10 10:05:09,290416,79,"**Ҳўрмузни очиш шартлари ва Киевга ракета сотаётган турклар – кун дайжести**

• Теҳрон расмийларига кўра, Ҳўрмуз бўғозининг қайта очилиши — қисман АҚШнинг ҳужумларида етказилган зарар учун компенсация тўлашига боғлиқ;

• Украин нашрларига кўра, Киев Туркиядан 70 та ATACMS ва ёппасига ўт очиш реактив тизимларини сотиб оляпти;

• Канаданинг ғарбий қисмида — Британия Колумбиясида авж олаётган ўрмон ёнғинлари кучайиб, фавқулодда ҳолат даражасига етди;

• Хитойда эса «Делфин» тайфуни оқибатида миллиондан ортиқ одам ўз уйларидан эвакуация қилинди;

• Туркия ташқи ишлар вазири Ҳоқон Фидан Макка пакти — Эрон ёки бошқа бирор давлатга қарши қаратилмаганини таъкидлади;

• Нетаняҳу АҚШ президенти Доналд Трампнинг Ғазо бўйича сўнгги режасини рад этишини таъкидлади.

👉 https://kun.uz/kr/98378676

[Kun.uz расмий канали](https://t.me/kunuzofficial)"
@kunuzofficial,173090,2026-08-10 10:45:09,279211,576,"**Бразилияда футболчи голни нишонлаш вақтида туннелга тушиб кетди**

«Коритиба» клуби ҳимоячиси голини нишонлашга берилиб, диққатни йўқотди. Аммо чуқурликдан қайтиб чиққанида гол офсайд туфайли бекор қилинди.

Эътиборли жиҳати, худди шу каби ҳолат худди шу стадионда 12 йил олдин ҳам рўй берганди (2-видео). Ўшанда ҳам «Коритиба» футболчиси голни мухлислар қаршисига бориб нишонлаш учун реклама тахтасидан ошиб ўтган ва кириш қисми очиқ турган туннелга тушиб кетганди.

👉 https://kun.uz/kr/39141383

[Kun.uz расмий канали](https://t.me/kunuzofficial)"
@kunuzofficial,173093,2026-08-10 11:06:58,303355,706,"**Татаристонда 7 ўзбекистонлик ҳалок бўлди
**
Украина дронлари Татаристоннинг Нижнекамск шаҳрига қилган ҳужум оқибатида ҳалок бўлган 13 кишидан 7 нафари Ўзбекистон фуқаролари экани маълум қилинди.

Ҳужумдан кейин 75 киши тиббий ёрдам сўраб мурожаат қилган, жабрланганлар орасида ҳам Ўзбекистон фуқаролари бор ёки йўқлиги ҳозирча номаълум. 

👉 https://kun.uz/kr/15583820

[Kun.uz расмий канали](https://t.me/kunuzofficial)"
@kunuzofficial,173095,2026-08-10 12:00:09,299925,73,"**""Яхшилик Аирдропи (Airdrop of Hope)"": Uzum, PUBG MOBILE ва Она фонди Билимлар куни муносабати билан хайрия тадбирини йўлга қўймоқда**

PUBG MOBILE ўйинчилари шунчаки ўйинда иштирок этиш орқали бутун Ўзбекистон бўйлаб кам таъминланган оилаларга фарзандларини янги ўқув йилига тайёрлашга ёрдам беришлари мумкин. Uzum ва PUBG MOBILE ҳамда Она фонди эса ўйин ҳамжамиятининг фаоллигини ҳақиқий ёрдамга айлантиради.

👉 https://kun.uz/kr/17220516

Реклама"
@kunuzofficial,173096,2026-08-10 12:06:01,315495,398,"**Дала яна қизийди**

10–16 август кунлари қишлоқ хўжалиги учун яна юқори ҳарорат ва қуруқ об-ҳаво фони ҳукм суради. Айрим ҳудудларда +41…+43 даражагача кўтариладиган иссиқлик тупроқдаги намликнинг тез камайиши, суғоришга бўлган талабнинг ортиши ва экинлар учун физиологик стресснинг кучайишига олиб келиши мумкин. 

Ҳафта охирида ҳароратнинг бироз пасайиши эса далалар учун қисқа муддатли енгиллик яратади.

Ҳафта давомида кутилаётган об-ҳаво билан иқлимшунос Эркин Абдулаҳатов таништиради.

👉 https://kun.uz/kr/69495567

[Kun.uz расмий канали](https://t.me/kunuzofficial)"
@kunuzofficial,173098,2026-08-10 14:04:22,303554,288,"""**Мармар гўшт"", Hyundai Palisade ва  “Piramit Tower”даги уйлар. Миграция агентлигининг ""ички ошхонаси""да нима гаплар? **

“Корея иши” фигуранти сифатида халқаро қидирувга берилган Азиз Тоштемиров Миграция агентлигининг амалдаги раҳбари Беҳзод Мусаевга нисбатан жиддий даъволарни илгари суряпти. У юқори лавозимли амалдорларни қимматбаҳо буюмлар талаб қилиш, имтиҳонларни сохталаштириш ҳамда давлат маблағларини ўзлаштиришда айблаяпти.

Ўз навбатида Миграция агентлиги 2020-2025 йилларда Тоштемировнинг расмий даромади ва у томонидан оила аъзоларининг номига харид қилинган кўчмас мулк объектлари қиймати ўртасида 10 баробар фарқ борлигини маълум қилди.

👉 https://kun.uz/kr/63092940

[Kun.uz расмий канали](https://t.me/kunuzofficial)"
@kunuzofficial,173099,2026-08-10 15:14:55,299234,52,"**Мусофирликдаги ўзбекистонликлар фожиаси ва 3 триллион сўм коррупция зарари — маҳаллий дайжест
**
▪️Украина дронлари Россиянинг Нижнекамск шаҳрига ҳужум қилди, оқибатда 13 киши ҳалок бўлди, уларнинг 7 нафари ўзбекистонлик экани айтилди.

▪️Банкдан 500 долларгача нақд валютани паспортсиз сотиб олиш имконияти жорий этилди.

▪️Коррупция оқибатида давлатга қарийб 3 трлн сўм зарар етказилди.

▪️Тошкентда скутер ва мопед ҳайдовчилари бўйича рейд ўтказилди.

▪️Ўзбекистонда ярим йилда ўғил болалар кўпроқ туғилди.

🗓 Куннинг муҳим янгиликлари билан таништирамиз.

👉 https://kun.uz/kr/45961836

[Kun.uz расмий канали](https://t.me/kunuzofficial)"
@kunuzofficial,173100,2026-08-10 15:32:01,319881,566,"**Колумбияда кучли зилзила рўй берди
**
10 август куни Колумбия ғарбида, Чоко департаментида кучли зилзила рўй берди. АҚШ Геология хизмати унинг кучини 7,4 магнитуда этиб баҳолаган.

Гувоҳларга кўра, зилзила афтершоклар билан беш дақиқага яқин вақт давом этган. Қўшни Эквадорда ҳам силкиниш кучини сезишган.

👉 https://kun.uz/kr/33422282

[Kun.uz расмий канали](https://t.me/kunuzofficial)"
@kunuzofficial,173102,2026-08-10 16:07:24,319151,436,"**Татаристонда ҳалок бўлган ўзбекистонликлар сони ошди
**
Ўзбекистон ФВВ Татаристоннинг Нижнекамск шаҳрида украин дрони зарбаси оқибатлари бўйича қўшимча маълумот берди. Унга кўра, ҳалок бўлган ўзбекистонликлар сони 8 нафарни ташкил этмоқда, шунингдек, Ўзбекистоннинг яна бир неча фуқароси жароҳатланиб, шифохонага ётқизилган.

Қайд этилишича, улар қурилиш корхонасида қурувчи бўлиб ишлаган. Дрон улар яшаётган ҳостелга келиб урилган.

👉 https://kun.uz/kr/57063834

[Kun.uz расмий канали](https://t.me/kunuzofficial)"
@kunuzofficial,173103,2026-08-10 17:01:48,328536,525,"**Тошкентда одамларни қўрқитиб, пул ундирган «Иззат Назарбек» ушланди
**
У қўрқитиш ва зўравонлик йўли билан фуқаролардан жами 108 минг АҚШ доллари ҳамда бошқа мол-мулкларни ундиришда, шунингдек, шахсий суратларини тарқатиш билан шантаж қилиб, бир аёлни жинсий алоқага мажбурлашда гумонланмоқда.

👉 https://kun.uz/kr/27178460

[Kun.uz расмий канали](https://t.me/kunuzofficial)"
@kunuzofficial,173104,2026-08-11 04:04:16,310794,96,"**Ўзбекистоннинг олтин-валюта захиралари ошди
**
Ўзбекистоннинг олтин-валюта захиралари июл ойида 589,8 млн долларга кўпайиб, 1 август ҳолатига 64,34 млрд долларни ташкил этди. Ўтган ой давомида захираларнинг валюта қисми 208,6 млн долларга, олтин қисмининг қиймати 365,2 млн долларга ошди. 

Ўз навбатида, регулятор инвестиция киритган қимматли қоғозлар портфели 1,1 млрд долларга ёки 38 фоизга қисқарди.

👉 https://kun.uz/kr/45397420

[Kun.uz расмий канали](https://t.me/kunuzofficial)"
@kunuzofficial,173105,2026-08-11 05:05:07,298893,84,"**Колумбиядаги зилзилада 132 киши ҳалок бўлди
**
Колумбияда 7,4 магнитудали кучли зилзила оқибатида камида 132 киши ҳалок бўлди, 570 киши жароҳатланди. 

Мамлакат президенти Абелардо де ла Эсприэля умуммиллий фавқулодда ҳолат эълон қилиб, барча мавжуд ресурсларни табиий офат оқибатларини бартараф этишга сафарбар қилишни буюрди.

👉 https://kun.uz/kr/31125896

[Kun.uz расмий канали](https://t.me/kunuzofficial)"
@kunuzofficial,173106,2026-08-11 06:04:44,298437,396,"**☄️** **Kia Carens — ҳар бир оилавий сафар учун мукаммал танлов!**

**Ҳозирда Kia Carens махсус шартлар асосида тақдим этилмоқда: **
▪️ Бошланғич тўлов — 40% (135 960 000 сўмдан); 
▪️ Ойлик тўлов — 3 399 000 сўмдан 
▪️ Муддат — 5 йилгача 
▪️ Йиллик ставка — 0%.

🔥 **Афзалликлари**: 
- 6 ўриндиқли кенг салон
- Иккинчи қаторда капитан ўриндиқлар
- Ишончли двигател
- Замонавий дизайн

**📞 Батафсил маълумот:** **+998555001331**

Реклама"
@kunuzofficial,173107,2026-08-11 06:16:01,296406,151,"**Сурхондарёда ҳайдовчининг қариндошлари ЙПХ ходимларига тан жароҳати етказди
**
Ҳолат Ангор туманида содир бўлган. ЙПХ ходимларини кўрган Damas ҳайдовчиси қочиб, шубҳали ҳаракат содир этган. Уни кузатиб борган ЙПХ ходимлари яшаш уйи яқинида тўхтатиб, спиртли ичимлик ҳиди келгани сабабли тиббий кўрикка олиб бормоқчи бўлган. 

Шунда ҳодиса жойига ҳайдовчининг яқин қариндошлари ва қўшниси етиб келиб, икки ходимга тан жароҳати етказган.

👉 https://kun.uz/kr/84313469

[Kun.uz расмий канали](https://t.me/kunuzofficial)"
@kunuzofficial,173108,2026-08-11 07:05:08,296125,50,"**Руминияда сув танқислиги АЭС ишига хавф солмоқда
**
Руминияда қурғоқчилик оқибатида Дунай суви рекорд даражада пасайиши атом энергетикасига жиддий таъсир кўрсатмоқда. Мамлакат расмийларига кўра, дарё оқимини ўзгартириш ва АЭС атрофида сув сатҳини сунъий равишда кўтариш чораларидан сўнг амалдаги реактор камида яна тўққиз кун ишлай олади. 

Руминияда август ойи давомида энергетик фавқулодда ҳолат режими жорий этилган.

👉 https://kun.uz/kr/75712765

[Kun.uz расмий канали](https://t.me/kunuzofficial)"
@kunuzofficial,173109,2026-08-11 07:35:20,299740,42,"**Россияда «Яблоко» рақобатчи партия талаби билан сайловдан четлатилди**

Бу сайловдаги урушга қарши ягона партия эди. «Родина» партияси даъвосидан маълум бўлишича, урушга қарши позиция – экстремизм, СhatGPT орқали тайёрланган суратлар – нейрон тармоқ эгаси бўлган компания ҳуқуқларини бузиш деб топилган. Ҳиросиманинг бомбардимон қилинган фотосуратидан фойдаланиш эса Америка армияси ҳуқуқларини бузиш деб ҳисобланган.

📹 👉 https://kun.uz/kr/29002310

[Kun.uz расмий канали](https://t.me/kunuzofficial)"
@kunuzofficial,173110,2026-08-11 09:11:54,293789,74,"**Трампнинг қурилиши тўхтайди - АҚШ аппеляция суди**

Оқ уйнинг шарқий қаноти ўрнида 400 миллион долларлик бал зали қурилишини федерал суд ноқонуний эълон қилиб, қурилишни тўхтатишни буюрди. 

Судьялар ҳайъати қурилиш учун Конгресс рухсат бериши ва унгача ер устидаги ҳар қандай жараён тўхташи лозимлигини эслатди. Трамп эса суд қарорида норози, олий судга аппеляция билан мурожаат қилишини [билдирди](https://kun.uz/kr/81117882).

📹 [**ВИДЕОНИ ТОМОША ҚИЛИНГ**](https://youtu.be/DZLww4SRz34)"
@kunuzofficial,173112,2026-08-11 09:26:20,297868,52,"**Макка пакти ва Трампнинг янги талаби | «Геосиёсат»

**Туркия, Саудия Арабистони ва Покистон уч давлатдан бирига қилинган қуролли ҳужумни барчасига қилинган тажовуз деб белгиловчи мудофаа пактини имзолади.

Украинанинг Татаристонга берган зарбалари оқибатида 8 нафар ўзбекистонлик ҳалок бўлди. Россияда урушга қарши «Яблоко» партиясининг сайловдаги иштироки чеклаб қўйилди. Трамп Эрондан товон пули талаб қиляпти.

Халқаро майдондаги муҳим мавзулар муҳокамаси –  Kun.uz'нинг жонли эфирдаги «Геосиёсат» дастурида.

📱 [**Telegram'да кўриш**](https://t.me/kunuzofficial?livestream)

📱[ **YouTube'да кўриш**](https://www.youtube.com/live/sFsNPHMxOzQ?si=r8hDsd_y7wiShtaR)"
@kunuzofficial,173113,2026-08-11 10:09:27,301659,84,"**Украина ҳужумида ҳалок бўлган ўзбекистонликлар ва Колумбияда даҳшатли зилзила – кун дайжести
**
• Колумбияда 7,4 магнитудали кучли зилзила: камида 132 киши ҳалок бўлди, юзлаб инсонлар жароҳатланган;

• Татаристонда Украинанинг дрон ҳужуми оқибатида камида 13 киши, жумладан 8 нафар ўзбекистонлик ҳалок бўлди;

• Доналд Трамп Эрондан — урушлар, ҳужумлар ва намойишларда ҳалок бўлганлар учун товон талаб қилди;

• Туркия парламенти «Курдистон ишчи партияси» жангарилари учун чекланган амнистия тўғрисидаги қонунни маъқуллади;

• Сурия ва Россия Тартус ҳамда Хмеймимдаги ҳарбий базалар бўйича келишувга эришди;

• АҚШ давлат департаменти Трамп маъмурияти даврида чет элликларнинг 175 мингдан ортиқ визаларини бекор қилди.

👉 https://kun.uz/kr/98428093

[Kun.uz расмий канали](https://t.me/kunuzofficial)"
@kunuzofficial,173115,2026-08-11 11:05:01,299915,334,"**Жиззахда Onix ва Volkswagen тўқнашувида 2 киши ҳалок бўлди**

ЙТҲ Зомин тумани ҳудудида содир бўлган: Onix машинаси йўлнинг қарама-қарши томонидан келаётган Volkswagen билан тўқнашган. Оқибатда, ҳар икки машина ҳайдовчиси вафот этган.

👉 https://kun.uz/kr/41007438

[Kun.uz расмий канали](https://t.me/kunuzofficial)"
@kunuzofficial,173117,2026-08-11 12:30:01,294205,254,"**President AI Award’га ариза топширишга 4 кун қолди**

Сунъий интеллектга асосланган ва камида MVP босқичидаги маҳсулотга эга жамоалар President AI Award 2026 танловига **15 августгача **ариза топшириши мумкин.

Танловнинг умумий инвестиция жамғармаси — 1 млн доллар.

👉https://kun.uz/uz/55002538

Реклама"
@kunuzofficial,173118,2026-08-11 12:37:36,305474,193,"**Азиз Ҳакимов 4 йилга қамалди**

Ҳакимов урушни тарғиб қилиш моддаси бўйича оқланган, лекин туҳмат, ҳақорат ва миллий адоват қўзғатиш моддалари бўйича айбдор деб топилган. Унинг муаллифидаги Comrade_Aziz телеграм-канали блокланади.

Интернетда совет даври йўналишидаги қарашларни тарғиб қилиши ҳамда «Ўлмас полк» тадбирларини ташкил этишдаги иштироки билан танилган Ҳакимов 2025 йил сентябр ойида ҳибсга олинганди. Энди у тергов ҳибсхонасида ўтказган даври чиқариб ташланса, яна 3 йилдан кўпроқ муддатни манзил-колонияда ўтайди.

👉 https://kun.uz/kr/02534219

[Kun.uz расмий канали](https://t.me/kunuzofficial)"
@kunuzofficial,173119,2026-08-11 13:10:34,303462,388,"**Ҳокимликларда коррупцион жиноятлар кескин кўпайди**

2024 йилда маҳаллий ҳокимликларнинг 106 нафар ходими коррупцион жиноятлар учун судланган бўлса, 2025 йилда бу кўрсаткич 497 нафарни ташкил этди.

Энг кўп коррупция содир этиладиган ҳудудлар рўйхатида Андижон вилояти биринчи ўриндан тушмай келмоқда.

👉 https://kun.uz/kr/58446871

[Kun.uz расмий канали](https://t.me/kunuzofficial)"
@kunuzofficial,173120,2026-08-11 14:02:27,288760,103,"**“Палов индекси”: Ўзбекистонда ош тайёрлаш бир йил ичида қанчага қимматлашди?
**
2025 йилнинг июл ойидан 2026 йилнинг июл ойигача бўлган даврда ош пишириш учун керак бўладиган масаллиқлар қиймати ҳудудлар кесимида 7 фоиздан 10 фоизгача ошди. Энг кўп нарх кўтарилиши Хоразм, Андижон ва Бухоро вилоятларида кузатилган.

Хусусан, ўтган йилнинг июл ойида Хоразмда 1 кило ош дамлаш учун 106 минг сўмлик бозорлик қилиш керак эди, бу йил мазкур кўрсаткич қарийб 118 минг сўмга етган.

👉 https://kun.uz/kr/76328023

[Kun.uz расмий канали](https://t.me/kunuzofficial)"
@kunuzofficial,173121,2026-08-11 14:07:15,436122,5328,"**Мустақиллик байрамида ўзбекистонликлар неча кун дам олади?**

Президент фармонига кўра, 31 август – душанба куни иш ҳафтасининг туридан қатъи назар барча ходимлар учун қўшимча дам олиш куни деб [белгиланган](https://kun.uz/kr/27846256).

Шунга мувофиқ, ҳафтасига 5 кун ишловчилар Мустақиллик байрамида кетма-кет тўрт кун (29 август – 1 сентябр), 6 кун ишловчилар эса кетма-кет уч кун (30 август – 1 сентябр) дам олади.

🟡 29 август, шанба – одатий иш ёки дам олиш куни
🔴 30 август, якшанба – одатий дам олиш куни
🔴 31 август, душанба – барча учун қўшимча дам олиш куни
🔴 1 сентябр, сешанба – Мустақиллик байрами куни

__2 сентябр, чоршанба – барча учун одатий иш куни.__

[Kun.uz расмий канали](https://t.me/kunuzofficial)"
@kunuzofficial,173122,2026-08-11 15:10:13,307882,85,"**СИ орқали «ободонлаштирилган» маҳалла ва «Қовун сайли»даги рекорд — маҳаллий дайжест
**
▪️Навоийда сунъий интеллект орқали «ободонлаштирилган» маҳалла бўйича ҳокимлик узр сўради.

▪️Хивадаги «Қовун сайли» фестивали Гиннесс рекордлар китобига киритилди.

▪️Жиззахдаги аянчли ЙТҲ оқибатида 2 киши ҳалок бўлди.

▪️Рақобат қўмитаси биологик фаол қўшимчалар дори эмаслиги ҳақида огоҳлантирди.

▪️Бўстонлиқда тоғда адашиб қолган 7 киши қутқарилди.

🗓 Куннинг муҳим янгиликлари билан таништирамиз.

👉 https://kun.uz/kr/52418056

[Kun.uz расмий канали](https://t.me/kunuzofficial)"
@kunuzofficial,173123,2026-08-11 15:32:24,305582,211,"**Россияга ёнилғи тақчиллиги қайтмоқда**

Сочида ёнилғи қуйиш шохобчаларидаги вазият туфайли аҳолидан шахсий автомобилларда йўлга чиқишдан тийилиш сўралди.

👉 https://kun.uz/kr/50049539

[Kun.uz расмий канали](https://t.me/kunuzofficial)"
@kunuzofficial,173126,2026-08-11 16:10:15,318744,59,"**Сурияда Башар Асад сиртдан ўлим жазосига ҳукм қилинди**

Собиқ президент ҳарбий жиноятлар ва инсониятга қарши жиноятларни содир этганликда айбдор деб топилди. У ҳозир оиласи билан Москвада яшамоқда.

Башар Асаднинг амакиваччаси, Даръа вилоятидаги норозилик намойишларини бостиришга раҳбарлик қилганликда айбланган Сурия армиясининг собиқ бригада генерали Атиф Нажиб ҳам айни жазога маҳкум этилди. У 2025 йил январ ойида ҳибсга олинган ва суд унинг иштирокида ўтказилган.

Бундан ташқари, Асаднинг яна етти нафар сафдоши ўлим жазосига ҳукм қилинди. Улар ҳам собиқ президентнинг ўзи каби сиртдан судланган. Бу шахслар қасддан одам ўлдириш ҳамда ўлимга олиб келган қийноқларни қўллашда айбдор деб топилган.

👉 https://kun.uz/kr/34221598

[Kun.uz расмий канали](https://t.me/kunuzofficial)"
@kunuzofficial,173127,2026-08-11 17:09:31,325909,99,"**«Пахтакор» Иордания клубини мағлуб этиб Элит ОЧЛ лига босқичига чиқди**

Тошкентликлар саралаш ўйинида «Ал-Ҳусайн» клуби дарвозасига жавобсиз учта тўп киритди. Энди «Пахтакор» Фарғонанинг «Нефтчи» клуби билан бирга қитъанинг клублар ўртасидаги энг нуфузли турнирида Ўзбекистон шарафини ҳимоя қилади.

👉 https://kun.uz/kr/01733269

[Kun.uz расмий канали](https://t.me/kunuzofficial)"
@kunuzofficial,173128,2026-08-12 02:29:41,317842,306,"**Трамп Туркияни яширинча ҳарбий самолётда тарк этган. Хўракда журналистлар ва Оқ уй ходимлари қолиб кетган**

Президент НАТО саммитидан қайтиши арафасида махфий хизмат **Эрон томонидан таҳдидлар **ҳақида маълумот** **олган. New York Timesʼнинг ёзишича, шундан сўнг Трамп журналистлар кўз ўнгида одатдагидек самолётга чиққан, лекин кейин яширин тарзда, кейтеринг йўлаги орқали бошқа самолётга ўтказилган.

У чиққан биринчи самолётда қолган америкалик **журналистлар ва Оқ уйнинг баъзи ходимлари **ўзлари билмаган ҳолда махфий хизматнинг ҳийласи иштирокчиларига айланган. Бундан ташқари, улар Эрон таҳдидлари фонида **чалғитувчи нишон – хўрак вазифасини бажаришга **мажбур бўлган.

👉 https://kun.uz/kr/06758726

[Kun.uz расмий канали](https://t.me/kunuzofficial)"
@kunuzofficial,173129,2026-08-12 04:04:58,304580,88,"**Ватандошлар ҳалок бўлган Нижнекамскка Ўзбекистондан ишчи гуруҳ борди
**
Россиянинг Нижнекамск шаҳрига (Татаристон) 11 август куни Ўзбекистондан махсус ишчи гуруҳ етиб борди, деб хабар берди Татаристон раиси матбуот хизмати. Бир кун олдин у ерда дронлар ҳужуми оқибатида 8 нафар ўзбекистонлик ҳалок бўлган эди.

Хабарга кўра, ёрдам жараёнини бош вазирнинг биринчи ўринбосари Рустам Нигматуллин назорат қилиб бормоқда. Ҳалок бўлганларнинг жасадини ватанига юборишдан олдин Нижнекамск масжидларидан бирида жаноза намози ўқилган. Ўзбекистон томони билан ишлар республика раҳбари Рустам Миннихановнинг топшириғи билан олиб борилмоқда.

👉 https://kun.uz/kr/61074717

[Kun.uz расмий канали](https://t.me/kunuzofficial)"
@kunuzofficial,173130,2026-08-12 05:00:13,309934,323,"**Президент газ ва нефт маҳсулотлари бўйича эҳтиёжни барқарор қондиришни буюрди
**
Шавкат Мирзиёев углеводород ресурслари таъминотида узилишларга ва нархларнинг асоссиз ўсишига йўл қўймаслик мақсадида “Ўзбекнефтгаз” АЖга нефт ва газ қазиб чиқариш бўйича белгиланган прогноз кўрсаткичларини сўзсиз таъминлаш вазифасини қўйди.

Суюлтирилган газ ишлаб чиқаришни йил охиригача режадаги 520 минг тонна ўрнига 606 минг тоннага етказиш топширилди.

Ресурсларни асоссиз ушлаб туриш, сунъий тақчиллик юзага келтириш ва нархларни ошириш ҳолатларининг олдини олиш буюрилди.

👉 https://kun.uz/kr/59072194

[Kun.uz расмий канали](https://t.me/kunuzofficial)"
@kunuzofficial,173131,2026-08-12 05:40:17,299300,411,"**Ички ишлар органларида 10 нафар раҳбар лавозимидан озод этилади**

Ўзбекистонда криминоген вазиятни барқарорлаштириш борасида жиддий камчиликларга йўл қўйган 10 нафар ички ишлар органлари раҳбарини лавозимидан озод этиш бўйича қарор қабул қилинди. 

Яна 7 нафар раҳбарга қаттиқ интизомий жазо қўллаш, 3 нафарининг эса лавозимида қолиш-қолмаслигини кўриб чиқиш белгиланди.

👉 https://kun.uz/kr/05964235

[Kun.uz расмий канали](https://t.me/kunuzofficial)"
@kunuzofficial,173132,2026-08-12 06:11:28,320619,525,"**“10 сўмлик чиптани алдаб 25 сўмга сотяпти” — Улуғбек Қосимов транспорт соҳасини танқид қилди
**
Сурхондарё вилояти ҳокими Улуғбек Қосимов темирйўл хизмати талаб даражасида эмаслигини билдириб, “вагонга минган одам Тошкентга боргунча касал бўлиб қолаётгани”ни айтди.

“Эй, одамларимизга раҳмат-эй, индамай миниб кетиб боряпти: студент, қари одамлар... Нафас олиб бўлмайди унинг ичида. “СЭС” деган ташкилоти борми ўзининг? Қаерга қарайди улар?”

Ҳоким авиачипталар нархини ҳам танқид қилди.

“Авиабилетларимиз умуман шарманда: нархи икки баравар бўлиб кетган. Монополия деган ташкилот томошабин. Билет нархига қараб бўлмайди, қандай борсин камбағал одам? Таниш-билишсиз билет топиб бўлмайди”.

👉 https://kun.uz/kr/67232451

[Kun.uz расмий канали](https://t.me/kunuzofficial)"
@kunuzofficial,173134,2026-08-12 07:29:58,297094,99,"**Пулли йўллар: Марказий Осиё ва Россияда вазият қандай?**

Охирги вақтларда Ўзбекистонда пулли йўл қурилиши муҳокама марказида. 

Бизда бундай йўллар йўқ, шу сабаб қайсидир йўлдан пул тўлаб ўтиш аксар ўзбекистонликлар учун янги тушунча. Бироқ дунёнинг 100 га яқин давлатида 1700 га яқин пулли йўллар борлиги маълум. Бу тажриба Англияда XIV асрдаёқ мавжуд бўлган.

👉 https://kun.uz/kr/02786956

[Kun.uz расмий канали](https://t.me/kunuzofficial)"
@kunuzofficial,173135,2026-08-12 08:20:55,294776,261,"**Украина Татаристондаги ўзбекистонликлар ўлимига масъулият билан ёндашиши керак – сиёсатшунослар**
 
Татаристонда украин дрони зарбаси оқибатида 8 нафар ўзбекистонлик ҳалок бўлди. Таҳлилчилар тинч аҳоли истиқомат қилиб келган ётоқхонани нишонга олиш уруш қоидаларига зидлигини таъкидлаб, Киев расмийлари Тошкент олдида бир қатор дипломатик қадамларни ташлаши кераклигини айтмоқда.
 
Хусусан, Украина ҳодиса юзасидан расмий изоҳ бериши, Ўзбекистон томонига ҳамдардлик билдириши, ҳалок бўлганларнинг оилаларидан узр сўраши ва компенсация масаласини кўриб чиқиши мақсадга мувофиқ.

[Kun.uz расмий канали](https://t.me/kunuzofficial)"
@kunuzofficial,173137,2026-08-12 09:13:04,296852,72,"**“Геосиёсат”. Экспертларга савол беринг**
 
Татаристондаги дрон ҳужуми Ўзбекистон фуқароларининг ҳаётига зомин бўлди, уларнинг жасадлари бугун Ватанга олиб келинди. Бундай ҳужумлар энди фронт ҳудудларидан анча узоқда ҳам кўплаб инсоний йўқотишларга олиб келмоқда. Дунё миқёсида эса 41 та давлатнинг баллистик ракета синовлари ҳақида олдиндан огоҳлантириш талаби муҳокамаларга сабаб бўлмоқда.
 
Kun.uz'нинг “Геосиёсат” дастури бугунги сонида таҳлилчилар Шавкат Саидов ва Шуҳрат Расул эфир давомида асосан томошабинлардан келиб тушган саволларга жавоб беришади.
[**
**](https://www.youtube.com/live/sFsNPHMxOzQ?si=r8hDsd_y7wiShtaR)📱 [**Telegram'да кўриш**](https://t.me/kunuzofficial?livestream)

📱[ **YouTube'да кўриш**](https://youtu.be/J364x1peOYw)"
@kunuzofficial,173138,2026-08-12 10:05:11,303134,70,"**АҚШ Кўрфазга кираётган кемага ҳужум қилди, Зеленскийдан Россияга яна бир айблов – кун дайжести
**
• Боб ал-Мандаб бўғозида ҳусийлар кичик юк кемасига ҳужум қилиши оқибатида 6 киши ҳалок бўлди;

• АҚШ ҳарбийлари эса уларнинг денгиз қамалини бузиб кираётган кемага «Hellfire» ракеталарини учирди;

• Россия тунда Украина бўйлаб ёпирилма зарбалар берди. Зеленскийга кўра, руслар Шимолий Кореянинг баллистик ракеталаридан фойдаланмоқда;

• Сурия суди собиқ диктатор Башар ал-Асадни сиртдан ўлим жазосига ҳукм қилди;

• Шимолий Корея шарқий қирғоқ яқинида яна бир баллистик ракетасини синовдан ўтказди;

• Колумбиядаги вайронкор зилзила қурбонлари сони 250 кишидан ортди, яна ўнлаб инсонлар бедарак йўқолган.

👉 https://kun.uz/kr/55859848

[Kun.uz расмий канали](https://t.me/kunuzofficial)"
@kunuzofficial,173140,2026-08-12 10:59:58,299563,89,"**Бирига 15 сутка қамоқ, бирига жарима – Тошкентда мотоциклчиларга чора кўрилди**

Тошкент шаҳрида 210 км/соат тезликда ҳаракатланган мотоциклчига жарима қўлланди. Унинг мотоцикли жарима майдончасига жойлаштирилган.

ЙПХ ходимининг тўхташ ишорасига бўйсунмай, ушбу ҳолатни тасвирга олган иккинчи мотоциклчи эса 15 суткага қамалди.

👉 https://kun.uz/kr/80578552

[Kun.uz расмий канали](https://t.me/kunuzofficial)"
@kunuzofficial,173141,2026-08-12 12:20:11,292070,21,"**Августнинг асосий трансферлари: Гимарайш, Диоманде, Салоҳ ва бошқалар**

«Арсенал» яримҳимояни мустаҳкамлади, «ПСЖ» қанотларни кучайтирмоқда, «Реал» катта футболда тажрибаси бўлмаган, аммо катта истеъдодга эга бўлган ёш ҳужумчилар олди.

Ёзнинг сўнгги ойида яна қандай трансферлар рўй бериб улгурди?

👉 https://kun.uz/kr/73183302

[Kun.uz расмий канали](https://t.me/kunuzofficial)"
@kunuzofficial,173142,2026-08-12 13:03:28,293177,217,"**Қурилишдаги самарасиз назорат: Newport мисолида тизимли муаммога назар**

Kun.uz қурилиш соҳасидаги назорат тизими, ноқонуний қурилган объектлар ва улардан хонадон сотиб олган истеъмолчилар ҳуқуқлари юзасидан суҳбат ташкил этди. Унда:

— ноқонуний қурилишларга кўз юмиб турган масъулларнинг жавобгарлиги масаласи;

— Тошкент шаҳридаги хатлов натижалари;

— ноқонуний қурилган уйларга амнистия берилиши ёки бузилиши каби масалалар муҳокама [қилинди](https://kun.uz/kr/03141929).**

**[**📹 СУҲБАТНИ ТОМОША ҚИЛИНГ**](https://youtu.be/0SdhZffW3a0)"
@kunuzofficial,173143,2026-08-12 14:02:01,286804,432,"**Ўзбекистондан қайси давлатларга саёҳат қилиш мумкин?**

Кейинги вақтда саёҳатни режалаштириш анча қийинлашди. Айрим давлатлар визани бекор қилмоқда, бошқалари эса кириш қоидаларини ўзгартирмоқда, бунинг устига, бир жойга саёҳатнинг нархи мавсум ва йўналишга қараб бир неча баравар фарқ қилиши мумкин. Ўзбекистондан энг оммабоп 30 давлатга саёҳат қилишдан олдин нималарни билиш кераклигини [payme travel](https://bit.ly/4cAJiSR) билан биргаликда кўриб чиқамиз.

 👉 https://kun.uz/kr/06203352

[Kun.uz расмий канали](https://t.me/kunuzofficial)"
@kunuzofficial,173144,2026-08-12 14:32:53,285897,141,"**“Мен Махфий хизмат айтганини қилганман” – Трамп Туркиядан ҳарбий самолётда кетганини тан олди**
 
АҚШ медиаси 2 кундан бери Трамп ўтган ой Туркиядаги НАТО саммитидан ҳарбий самолётда яширинча қайтиб кетганини ёритаркан, президент буни тасдиқлади. Оҳайога жўнаши олдидан у журналистларга воқеа ҳақида қисқа сўзлаб, фақат Махфий хизмат айтганидек қилганини билдирди. Таҳдид бор эди, дейди Трамп сўзини якунларкан.

👉 https://kun.uz/kr/90580214

[Kun.uz расмий канали](https://t.me/kunuzofficial)"
@kunuzofficial,173145,2026-08-12 15:09:01,292971,60,"**Ҳоким темирйўлларидан норози, ҳаддидан ошган мотоциклчилар — кун дайжести**

▪️Тошкентдаги чорраҳалар «Яшил тўлқин» тизими орқали тартибга солинади.

▪️Россияда ҳалок бўлган ўзбекистонликларнинг жасади ватанга қайтарилди.

▪️Сурхондарё ҳокими транспорт соҳасидаги муаммолар ва коррупциядан норози.

▪️Тошкентда ҳаддидан ошган мотоциклчилар жазоланди.

▪️Ҳокимликларда коррупцион жиноятлар кескин кўпайгани маълум бўлди.

🗓 Куннинг муҳим янгиликлари билан таништирамиз.

👉 https://kun.uz/kr/37896058

[Kun.uz расмий канали](https://t.me/kunuzofficial)"
@kunuzofficial,173146,2026-08-12 15:31:53,300276,84,"**Россияда – ёнилғи инқирозининг янги тўлқини**

Регионларга заправкалардаги навбатлар, бензин учун лимитлар ва «жуфт-тоқ» тизими қайтган.

👉 https://kun.uz/kr/98812693

[Kun.uz расмий канали](https://t.me/kunuzofficial)"
@kunuzofficial,173147,2026-08-12 16:10:17,304938,350,"**Ҳиндистонда самолёт учувчиси гиёҳванд модда таъсирида учгани маълум бўлди**

Биринчи учувчи парвоз чоғида ўзини назорат қила олмай қолган, самолёт эса баландликни кескин йўқотган.

👉 https://kun.uz/kr/75201928

[Kun.uz расмий канали](https://t.me/kunuzofficial)"
@kunuzofficial,173150,2026-08-12 17:03:12,317028,73,"**Россияда энергетика инқирози. Марказий Осиё шимолга нисбатан қарамликни камайтириш учун нималар қиляпти?**

Украинанинг Россия нефтни қайта ишлаш заводларига уюштираётган ҳужумлари сабаб мамлакат ичида нефт маҳсулотлари танқислиги кучайиб боряпти. Ушбу вазият фонида Марказий Осиё давлатлари ҳам ёқилғи таъминоти манбаларини диверсификация қилишга шошиляпти. Хусусан, Қирғизистон Ўзбекистон ва Қозоғистон билан  келишувларга эришди. Шунингдек, Беларус ва Хитойдан ҳам импорт амалга ошириляпти. Тожикистон расмийлари эса Қозоғистон ва Хитой билан қўшимча таъминот бўйича музокаралар олиб боряпти.

👉 https://kun.uz/kr/17389248

[Kun.uz расмий канали](https://t.me/kunuzofficial)"
@kunuzofficial,173151,2026-08-13 04:04:01,296395,12,"**Оқ уй матбуот котиби Керолайн Левит истеъфога чиқади**

Трамп жамоасидаги энг ёш ва Оқ уйда матбуот котиби лавозимида ишлаган атиги саккиз аёлдан бири Керолайн Левит истеъфосини маълум қилди. Президент Трамп буни тасдиқлаб, энди у кўпроқ болалари билан вақт ўтказишини ёзди. 

Маълум бўлишича, августнинг охирида Левит фаолиятини бутунлай якунлайди.

👉 https://kun.uz/kr/92563464

[Kun.uz расмий канали](https://t.me/kunuzofficial)"
@kunuzofficial,173152,2026-08-13 05:06:19,292099,248,"**Навоийда йирик ноқонуний олтин савдосига чек қўйилди**

Навоий шаҳрида 212,9 грамм қуйма олтинни 340 млн сўмга сотишга уринган икки нафар шахс ушланди. 

Улардан бири яшаш хонадонида қумдан олтин ажратиб олишга мўлжалланган яширин цех ташкил қилгани ҳам аниқланди.

👉 https://kun.uz/kr/61325361

[Kun.uz расмий канали](https://t.me/kunuzofficial)"
@kunuzofficial,173153,2026-08-13 05:43:51,271259,488,"**Европа осмонида тўлиқ қуёш тутилди — фотолар**

Чоршанба куни Европа бўйлаб миллионлаб одамлар ноёб ҳодиса — тўлиқ қуёш тутилишига гувоҳ бўлди. Қуёш ва сайёрамиз ўртасига тушиб қолган Ойнинг сояси қарийб 2 дақиқа давомида нурларни тўсиб қўйди.

Ҳодиса Испания, Гренландия ва Исландияда ўзини тўлиқ намоён қилди. Европа бўйлаб юзлаб фотографлар уни камераларга муҳрлади.

👉https://kun.uz/kr/74829856

[Kun.uz расмий канали](https://t.me/kunuzofficial)"
@kunuzofficial,173157,2026-08-13 05:59:58,269329,355,"**Toyota автомобиллари учун 0% муддатли тўлов дастури**

Дастур моделлари:
• Camry HEV — 6 ойгача
• LC Prado — 12 ойгача
• LC 300 HEV — 12 ойгача

Муддатли тўлов банкнинг муддатли тўлов шартлари асосида расмийлаштирилади. Автотранспорт воситасини суғурталаш мажбурий.

Таклиф чекланган ва маълум шартлар асосида амал қилади.
Тўлиқ шартлар ва автомобил нархлари билан Toyota Ўзбекистон расмий сайти ёки дилерлик марказларида танишиш мумкин.
📞 1867
🌐 Toyota Uzbekistan расмий сайти: www.toyota.uz 

Реклама"
@kunuzofficial,173158,2026-08-13 06:11:58,276188,147,"**Хорижий инвестициялар: Хитойнинг улуши 47 фоизга етди**

2026 йилнинг январ–июн ойларида Ўзбекистонда ўзлаштирилган хорижий инвестициялар ва кредитлар ҳажмида Хитой энг катта улушга эга бўлди — 47 фоиз. 

Кейинги ўринларни Россия ва Туркия эгаллади.

👉 https://kun.uz/kr/08121429

[Kun.uz расмий канали](https://t.me/kunuzofficial)"
@kunuzofficial,173160,2026-08-13 07:29:58,280197,58,"**Макка пакти учта давлатга қаратилган сигнал – сиёсатшунослар**

Саудия Арабистони, Туркия ва Покистон бир давлатга қилинган қуролли ҳужумни учаласига қарши тажовуз деб баҳолаш тўғрисида битим имзолади. Бу эса Яқин Шарқда янги ҳарбий алянсни вужудга келтирди. 

Алянснинг амалий мақсади борасида таҳлилчилар якдил фикрда эмас, аммо келишув учта давлат: АҚШ, Исроил ва Эронга қаратилган сигнал экани ҳақида консенсус мавжуд.

[**📹 СУҲБАТНИ ТОМОША ҚИЛИНГ**](https://kun.uz/kr/81330859)"
@kunuzofficial,173161,2026-08-13 08:29:58,273008,119,"**Хитойлик ҳакерлар сунъий интеллект ёрдамида Тайван ҳукумати ресурсларини бузиб кирди**

Улар фойдаланувчиларининг камида 85 та аккаунтини бузиб кириб, ходимларга оид 2,5 мингдан ортиқ ёзувни ўғирлаган. 

Шундан сўнг ҳужумни Тайван ядро хавфсизлиги агентлиги ва камида еттита энергетика компаниясига ҳам ёйган.

👉 https://kun.uz/kr/07807083

[Kun.uz расмий канали](https://t.me/kunuzofficial)"
@kunuzofficial,173163,2026-08-13 09:08:11,268761,49,"**Зеленскийнинг даъвоси ва икки ўт орасидаги Саудия | “Геосиёсат”**
 
Президент Зеленский Россиянинг Шимолий Корея ракеталаридан фойдаланаётганини айтмоқда – бу ҳолат Шарқий Осиёдаги кучлар нисбатига таъсир қилиши мумкин. Эронда олий раҳбар Мужтаба Хоминаий армия, ИИҚК ва “Басиж”га янги қўмондонларни тайинлади. Саудия Арабистони ҳудудига берилаётган зарбаларни тўхтатишга уринмоқда. Афғонистонда эса “Толибон” ичидаги қарама-қаршиликлар яна қуролли тўқнашувларга сабаб бўлди.
 
Халқаро майдондаги муҳим мавзулар муҳокамаси – Kun.uz'нинг жонли эфирдаги “Геосиёсат” дастурида.

📱 [**Telegram'да кўриш**](https://t.me/kunuzofficial?livestream)

📱[ **YouTube'да кўриш**](https://www.youtube.com/live/RrzMRqc_5nU?si=9A-gVlSDRFNL7Udi)"
@kunuzofficial,173164,2026-08-13 09:32:00,280406,271,"**Қашқадарёда Амир Темур музей-ёдгорлик мажмуаси қурилади

**Яккабоғ туманида саркарда Амир Темур шарафига ёдгорлик мажмуаси барпо этилади. Мажмуа тарихий услубдаги кириш аркасидан бошланиб, унинг марказида соҳибқирон ҳайкали жойлашади, атрофида эса музей, кутубхона, мадраса, меҳмонхона, миллий таомлар, истироҳат боғи ва фавворалар барпо этилади.

Темурийлар тарихи давлат музейи директори ва бошқа бир неча тарихчилар, шунингдек, Молия вазирлиги расмийлари Яккабоғга бориб, лойиҳа концепцияси, меъморий ечимлари ва амалга ошириш механизмларини муҳокама қилди.

👉 https://kun.uz/kr/19566422

[Kun.uz расмий канали](https://t.me/kunuzofficial)"
@kunuzofficial,173165,2026-08-13 10:02:28,271645,104,"**Newport қурилиши назоратсиз қолдирилмаган — Қурилиш вазирлиги**

Вазирлик томонидан эълон қилинган баёнотда айтилишича, Вазирлар Маҳкамаси ҳузуридаги Қурилиш ва уй-жой коммунал хўжалиги соҳасида назорат қилиш инспекцияси томонидан бир муддат аввал эълон қилинган маълумотлар объектдаги қоидабузарликлар назоратсиз қолдирилмаганини кўрсатади.

👉 https://kun.uz/kr/44842795

[Kun.uz расмий канали](https://t.me/kunuzofficial)"
@kunuzofficial,173166,2026-08-13 10:07:01,283752,443,"**Давлат ташкилотларида ўзбек тилига риоя этиш назорати кучайтирилади**

Ўзбекистонда давлат органлари ва ташкилотларида давлат тилида иш юритишни самарали ташкил этиш ҳамда ўзбек тили қоидаларига риоя этилишини таъминлаш бўйича қўшимча чоралар белгиланди. 

Давлат тили масалалари бўйича маслаҳатчилар қонунчилик ижросини назорат қилиб, ҳужжатлар, ташқи ёзувлар ва рекламаларнинг тил меъёрларига мувофиқлигини ўрганиб боради.

👉 https://kun.uz/kr/84136925

[Kun.uz расмий канали](https://t.me/kunuzofficial)"
@kunuzofficial,173168,2026-08-13 10:59:58,268538,66,"**Путиннинг Европага таҳдиди ва кўчманчилар билан тўқнашган Исроил ҳарбийлари – кун дайжести**

• Россия ўзининг «соя флоти» кемалари мусодара қилинишига жавобан Европа кемаларига ҳам жавоб чоралари кўрмоқчи;

• Исроил қўшинлари Ғарбий соҳилдаги постда яҳудий кўчманчилар билан тўқнашди;

• Чоршанба куни Европада ноёб табиат ҳодисаси — тўлиқ қуёш тутилиши кузатилди;

• Германия ҳукумати Россия таҳдидлари фонида ўз махсус хизматларининг ваколатларини жиддий равишда кенгайтирмоқда;

• Техасда АҚШ армиясининг «Apache» зарбдор вертолёти қулади: экипажнинг икки аъзоси ҳалок бўлди.

👉 https://kun.uz/kr/49717404

[Kun.uz расмий канали](https://t.me/kunuzofficial)"
@kunuzofficial,173169,2026-08-13 11:40:17,290410,255,"**«Бировнинг уйига тазйиқ билан кириб эмас, тушунтириб тарғибот қилдик» – Чиноз тумани ҳокими «Шармандали маҳалла» ташаббуси ҳақида**

Чиноз тумани ҳокими Шерзод Салиҳов маҳалла ва хонадонларга «Шармандали маҳалла» ва «Уятли хонадон» ёзувли плакатларни илиш топшириғи ўзидан чиққани, унга ҳеч ким бундай топшириқ бермаганини айтди. У видеодаги ҳолат шунчаки кўргазма учун қилингани, амалда бундай ёрлиқлар ёпиштирилмаганини айтган, шунингдек, агар айби бўлса, узр сўрашини қўшимча қилган.

👉 https://kun.uz/kr/42604741

[Kun.uz расмий канали](https://t.me/kunuzofficial)"
@kunuzofficial,173170,2026-08-13 12:19:01,265976,231,"**«Павлодар – наш!» – россиялик блогер мамлакатни камситувчи сўзлари учун Қозоғистондан чиқариб юборилди**

Қозоғистонда россиялик блогер Ксения Гузаева «ижтимоий тармоқлардаги провокацион ва нотўғри баёнотлари учун» жаримага тортилди ҳамда мамлакатдан чиқариб юборилди. Унга 5 йил мобайнида Қозоғистонга кириш тақиқланган.

У ўз стримларида Қозоғистонни «Штрафостан» деб атаган, Астанани «қишлоқ»қа тенглаштирган ва «Павлодар бизники» деган. Яна бир эфирида эса қозоғистонликларни рус тилини билмагани учун «сассиқ» деб атаган.

👉 https://kun.uz/kr/97211588

[Kun.uz расмий канали](https://t.me/kunuzofficial)"
@kunuzofficial,173173,2026-08-13 12:59:58,277054,958,"**Қай бири арзон: электр, бензин, метан ёки пропан?**

Фақат ёнилғи нархига қараб жавоб бериш қийин. Электрда юриш арзон, метанда автомобилнинг ўзи арзонроқ, бензин эса кам юрадиганлар учун маъқул бўлиши мумкин.

Биз бензин, метан, пропан ва электромобил харажатларини ўргандик ва уларни солиштириш учун интерактив калькулятор яратдик. У автомобил нархи, ёнилғи ёки электр, йиллик юриш ва бошқа харажатларни ҳисобга олиб, қайси вариант қачон фойдали бўлишини кўрсатади.

 👉https://kun.uz/kr/79780257

[Kun.uz расмий канали](https://t.me/kunuzofficial)"
@kunuzofficial,173174,2026-08-13 14:01:44,279525,78,"**Truth Social можароси: Трампга қарши суд даъвоси киритилди**

Даъвогарлар Трампнинг Truth Social тармоғидаги постларини бошқа фойдаланувчилардан олдинроқ кўриш имконини берувчи ва ойига 100 минг долларгача турадиган пулли хизматни тўхтатишни талаб қилмоқда.

Бу пулли хизматни сотиб олганлар Трампнинг постларини бошқалардан кўра эртароқ кўради ва шунга мувофиқ фонд бозорларида тезкор молиявий қарорлар қабул қилиши мумкин.

👉 https://kun.uz/kr/23693200

[Kun.uz расмий канали](https://t.me/kunuzofficial)"
@kunuzofficial,173175,2026-08-13 14:43:01,259589,63,"**Украина дронлари Новороссийск портига ёппасига ҳужум қилди**

Украина Севастополни мунтазам равишда ўққа тутиши туфайли Қора денгиз флоти базаси Қримдан Новороссийскка кўчирилганди. Сўнгги зарбалардан кейин ушбу порт ҳам «машғулотлар» баҳонасида ёпилган. 

«Энди Қора денгиз флоти қаёққа қочиши савол остида», – дейишмоқда Z-каналлар.

📸 👉 https://kun.uz/kr/54423607

[Kun.uz расмий канали](https://t.me/kunuzofficial)"
@kunuzofficial,173178,2026-08-13 15:10:16,281996,81,"**“Шармандали маҳалла” ташаббускори ва Тошкентдаги энг баланд бинога чиқиш рекорди — маҳаллий дайжест
**
▪️“Шармандали маҳалла” ва “Уятли хонадон” ташаббуси ҳокимники экани маълум бўлди.

▪️Тошкентдаги энг баланд бинога пиёда 9 дақиқада чиқилди.

▪️Давлат ташкилотларида ўзбек тилига риоя этиш назорати кучайтирилади.

▪️Қашқадарёда Амир Темур музей-ёдгорлик мажмуаси қурилади.

🗓 Куннинг муҳим янгиликлари билан таништирамиз.

👉 https://kun.uz/kr/37245342

[Kun.uz расмий канали](https://t.me/kunuzofficial)"
@kunuzofficial,173179,2026-08-13 15:31:51,299762,728,"**“Қуёшли юрт кивиси бошқача бўларкан” – хонадонида киви етиштираётган қувалик боғбон**

Қува туманида яшовчи Эсонжон ота Ҳошимов хонадонига киви кўчати эккан эди. Орадан 5 йил ўтиб эккан дарахти мевага кирди. Томорқа кўзни қувнатадиган кивизорга айланган. Боғбон ота невараси билан киви уруғидан кўчат етиштиришни ҳам йўлга қўйди, қўни-қўшниларига ҳам мева, ҳам кўчатларидан бериб уларнинг дуосини оляпти.

[📹 **ТЎЛИҚ ВИДЕОНИ ТОМОША ҚИЛИНГ**](https://kun.uz/kr/54588326)"
@kunuzofficial,173180,2026-08-13 16:06:54,297796,717,"**Русланбек Давлетов ишдан кетди**

Русланбек Давлетов Ўзбекистон Республикаси Президентининг вакиллик органлари, нодавлат нотижорат ташкилотлар ва ёшлар масалалари бўйича маслаҳатчиси лавозимидан озод этилди.

Унинг ўрнига Олим Давлатов президентнинг янги маслаҳатчиси этиб тайинланди.

👉 https://kun.uz/kr/63152519

[Kun.uz расмий канали](https://t.me/kunuzofficial)"
@kunuzofficial,173181,2026-08-13 16:31:01,296213,103,"**Макка пакти: асосий мотивлар**

7 август куни мусулмонлар учун муқаддас Макка шаҳрида, Каъба ёнида уч йирик мусулмон давлати томонидан хавфсизлик ва мудофаа пакти имзоланди. Сиёсатшунос Камолиддин Раббимов Kun.uz'даги колонкасида Саудия Арабистони Подшоҳлиги, Покистон Ислом Республикаси ва Туркия Республикасини мазкур келишувга ундаган омиллар ва битимнинг Ўзбекистон жамияти учун аҳамияти ҳақида сўз юритди.

[**📹 ВИДЕОНИ ТОМОША ҚИЛИНГ**](https://kun.uz/kr/46611145)"
@kunuzofficial,173182,2026-08-13 17:00:45,295394,116,"**Украинага қарши тактик ядро қуролини қўллашдан Россияни нима тийиб турибди?**

Россия Украинага қарши урушни бошлаганидан буён Дмитрий Медведев ва бошқа сиёсатчилар томонидан ядро қуролидан фойдаланиш ҳақидаги таҳдидли баёнотлар вақти-вақти билан янграб турибди. Шу фонда Россиянинг ядровий доктринаси ҳам ўзгартирилди. Kun.uz суҳбатлашган таҳлилчилар бундай эҳтимолий қадамнинг Россия учун потенциал нархига баҳо берди.

[**📹 ВИДЕОНИ ТОМОША ҚИЛИНГ**](https://kun.uz/kr/16803596)"
@kunuzofficial,173183,2026-08-13 17:59:57,306233,103,"**Трамп ва Рубио 175 мингта тасдиқланган визаларни бекор қилди
**
АҚШ давлат департаменти 175 минг кишининг визалари бекор қилинганини эълон қилди. Маълум бўлишича, Чарли Кирк ўлимидан хурсанд бўлганлар, туғуруқ ортидан фуқароликка интилганлар, жинсий зўравонлар ҳамда гиёҳвандлар визаси бекор қилиб юборилган. Бундан ташқари, депортацияси кутилаётган одамлар ҳам огоҳлантирилди.

👉 https://kun.uz/kr/31222218

[Kun.uz расмий канали](https://t.me/kunuzofficial)"
@kunuzofficial,173184,2026-08-13 18:29:57,312938,256,"**Экстремизм таърифига аниқлик киритилади ва жазо қайта кўриб чиқилади**

Сенат маъқуллаган Қонун билан Жиноят кодекси ва Маъмурий жавобгарлик тўғрисидаги кодексга ўзгартиришлар киритилиб, экстремизм, сепаратизм ва ақидапарастлик ғоялари билан йўғрилган материалларни тайёрлаш, сақлаш ва тарқатиш билан боғлиқ ҳуқуқбузарликлар учун жавобгарлик чоралари либераллаштирилмоқда.

👉 https://kun.uz/kr/79335682

[Kun.uz расмий канали](https://t.me/kunuzofficial)"
@kunuzofficial,173185,2026-08-13 18:59:57,319972,109,"**Эрон чиндан Трампни ўлдирмоқчи бўлганми?**

🔘 Америка президенти Анқарадан қайтишда озиқ-овқат фургонига яшириниб ҳарбий самолётга ўтишга мажбур бўлган.

🔘 Эронга қарши уруш ярим йилдан бери тугагани йўқ. Наҳотки Эронда ҳамон Америка президентига суиқасд қилишга етарли [куч қолган бўлса](https://kun.uz/kr/06758726)?

[**📹 БАТАФСИЛ YOUTUBE'ДА КЎРИНГ**](https://youtu.be/GniVGF_QQpI)"
@kunuzofficial,173186,2026-08-14 04:00:15,327369,1575,"**“Ҳаракат қилсангиз, йилига 100 минг доллардан ҳам кўп маош оласиз” - АҚШдаги ҳамшира**

Kun.uz билан суҳбатлашган Америкадаги ўзбек ҳамширасига кўра, тиббиёт ходимларининг бу давлатда энг катта ютуғи - жуда яхши маош олиши. Лекин тиббиёт ходими бўлиш ҳам осон эмас, доимий изланиш талаб этилади. Йилига 70-80 мингдан, 150 минг долларгача маош тўлашади штатига қараб, дейди Ню-Жерсейда яшовчи Нилуфар Салимова.

👉 https://kun.uz/kr/82956680

[Kun.uz расмий канали](https://t.me/kunuzofficial)"
@kunuzofficial,173187,2026-08-14 05:05:01,307097,836,"**Болага фамилия бериш тартиби ўзгарди
**
Ўзбекистонда болага фамилия бериш тартибига ўзгартиш киритилди. Энди фарзандга отасининг исми, шунингдек, ота ёки она томонидан миллий анъаналарга мувофиқ бобосининг исми бўйича фамилия бериш мумкин бўлади.

Аввал амалдаги Оила кодексида отанинг исмини болага фамилия сифатида бериш назарда тутилмаган эди.

👉 https://kun.uz/kr/65241077

[Kun.uz расмий канали](https://t.me/kunuzofficial)"
@kunuzofficial,173189,2026-08-14 06:12:01,288644,151,"**Яшнободда болага нисбатан тазйиқ ва қийнаш ҳолати аниқланди
**
Тошкентнинг Яшнобод туманида 2023 йилда туғилган болага нисбатан мунтазам жисмоний зўравонлик ва қийнаш ҳолати юзасидан жиноят иши қўзғатилди. Болага ҳимоя ордери берилиб, вақтинча васийлик таъминланди.

Мурожаатда фуқаролар қўшниси — 1989 йилда туғилган А.Т.нинг 2023 йилда туғилган ўғли А.И.га нисбатан мунтазам жисмоний зўравонлик содир этаётганини билдирган. Шунингдек, аёл болага ухлатувчи дори воситасини бериб, уни доимий равишда қаровсиз ва парваришсиз қолдириши айтилган.

👉 https://kun.uz/kr/26663866

[Kun.uz расмий канали](https://t.me/kunuzofficial)"
@kunuzofficial,173191,2026-08-14 07:20:14,287438,292,"**Президент Администрацияси тўғрисидаги қонун имзоланди
**
Президент матбуот котиби Шерзод Асадовнинг изоҳига кўра, Администрация фаолиятини қонун билан тартибга солиш бўйича ҳуқуқий бўшлиқ** **мавжуд эди. Янги қонун билан ушбу масалалар тартибга солинди.

👉 https://kun.uz/kr/24240880

[Kun.uz расмий канали](https://t.me/kunuzofficial)"
@kunuzofficial,173192,2026-08-14 07:51:45,290334,147,"**«Қамчи президент бўлади, мен истеъфога чиқаман, деган режам бор эди» – Жапаров**
 
Қирғизистон президенти олти йиллик муддатини ўтаб бўлгач, агар Ташиев унинг ўрнини эгаллашга тайёр бўлса, сиёсатдан кетишни режалаштирганини айтди.

«Қамчи президент бўлади, мен эса истеъфога чиқаман. Менда шундай режа бор эди», дейди Садир Жапаров. Аммо, у кейинчалик ўзининг кўп йиллик сиёсий шериги президентликка тайёр эмас, деган қарорга келган.
 
Жапаров, шунингдек, илк бор яна бир муддатга номзодини қўйиш ниятида эканлигини шахсан тасдиқлади. Жапаров, рақобатчилари унга бемалол кураш таклиф қила олишига ваъда берди.

👉 https://kun.uz/kr/64898833

[Kun.uz расмий канали](https://t.me/kunuzofficial)"
@kunuzofficial,173193,2026-08-14 09:07:47,283266,166,"**Учтепада 574 млн сўмлик фирибгарлик фош этилди
**
Тошкентнинг Учтепа туманида ўзларини кўп қаватли уй бошқарув органи раҳбари сифатида кўрсатиб, хонадон эгаларининг 574,6 млн сўмини фирибгарлик йўли билан қўлга киритганликда гумонланаётган икки шахс аниқланди. Ҳолат юзасидан жиноят иши қўзғатилган.

👉 https://kun.uz/kr/68659959

[Kun.uz расмий канали](https://t.me/kunuzofficial)"
@kunuzofficial,173194,2026-08-14 10:00:07,272990,57,"**HUMO ва Halyk Bank Қозоғистонда HUMO карталаридан фойдаланиш имкониятларини кенгайтирмоқда**

HUMO миллий тўлов тизими Halyk Bank билан ҳамкорликда Қозоғистонда HUMO карталарини қабул қилиш инфратузилмасини кенгайтиради. Энди HUMO карта эгалари нафақат Halyk Bank тўлов терминаллари орқали харидлар учун тўловларни амалга оширишлари, балки Қозоғистон бўйлаб саёҳат пайтида нақд пул ечиб олиш учун банк банкоматлари тармоғида карталардан фойдаланишлари мумкин.

👉 https://kun.uz/kr/53482708

Реклама"
@kunuzofficial,173195,2026-08-14 10:06:01,277765,715,"**“Маошимнинг деярли ҳаммаси харажатларга кетади” - Америкадаги ўзбек ҳамшира**

Kun.uz билан суҳбатлашган Америкадаги ўзбек ҳамшираси йилига бу давлатда 150 минг долларгача тўланишини айтганди. Бироқ, ҳаёт харажатлари, айниқса озиқ-овқат маҳсулотлари ҳамда транспорт нархлари ошгани боис маошнинг деярли ҳаммаси харажатларга кетишини қўшимча қилди. АҚШ ҳаммага чиройли кўринади, аммо харажатлар ҳақида ҳам билишлари керак, дейди Нилуфар Салимова.

👉 https://kun.uz/kr/82956680

[Kun.uz расмий канали](https://t.me/kunuzofficial)"
@kunuzofficial,173196,2026-08-14 11:00:30,262972,52,"**Рим яқинидаги ҳарбий заводда портлаш рўй берди
**
Рим ташқарисидаги Коллеферро шаҳарчасида ўқ-дори ишлаб чиқариладиган заводда ёнғин чиқиб, портлаш рўй берди. Жабрланганлар ҳақида маълумот йўқ: ҳодиса вақтида корхона ҳудудида бўлганлар хавфсизликда экани маълум қилинган. Портлаш сабаби маълум эмас.

👉 https://kun.uz/kr/62669524

[Kun.uz расмий канали](https://t.me/kunuzofficial)"
@kunuzofficial,173197,2026-08-14 11:03:56,290507,446,"**Марказий Осиё энергетика тизимида ўзаро боғлиқ узилишлар кузатилди**

Қўшни мамлакат энергетика тизимида юз берган авария Марказий Осиё энергетика тизимига таъсир кўрсатди, натижада Сурхондарё ва бошқа айрим вилоятларнинг электр таъминотида узилиш кузатилди, дея хабар берди Ўзбекистон Энергетика вазирлиги.
 
Хабарларга кўра, Бишкек, Олмаота ва Душанбе шаҳарларида ҳам электр таъминотида оммавий узилишлар кузатилмоқда.
 
“Миллий электр тармоқлари” АЖга кўра, ягона энергетика тизимида бир неча поғонали аварияга қарши автоматика тизими ишлаган. Тармоқларга навбатма-навбат кучланиш бериш ишлари амалга оширилмоқда.

👉 https://kun.uz/kr/36320263

[Kun.uz расмий канали](https://t.me/kunuzofficial)"
@kunuzofficial,173198,2026-08-14 12:00:10,257901,94,"**Батареяни ёқиб юбориш, нурланиш даражасини ўлчаш ва газни босиш: CHERY гибридлар ҳақидаги тўқима тасаввурларни қандай фош этди?**

Гибрид автомобил батареясига олов билан таъсир эттирилса, унинг ҳолати қандай бўлади? Юқори кучланишли тизим яқинида бўлиш қанчалик хавфсиз? Ҳақиқатан ҳам, бир неча юз килограмм қўшимча оғирлик автомобилни бесўнақай «оғир вазнли» машинага айлантирадими?

👉 https://kun.uz/kr/26390169

Реклама"
@kunuzofficial,173199,2026-08-14 12:06:54,262212,71,"**Кўрфазда блокада қолади, АҚШ наркокартелларни бомбаламоқчи – кун дайжести**

• Садир Жапаров иттифоқчиси Қамчибек Ташиев кейинги муддатда президент бўлишини хоҳлаганини айтди;

• АҚШ уруш вазири Эроннинг денгиз қамалини “чексиз муддат ушлаб туришга“ қодирлигини айтди;

• Россия ва Украина ўртасидаги ҳарбий ҳаракатлар давом этмоқда: Одессада Россия дрони йўловчи поездига урилди;

• Руминиядаги ягона АЭС Дунай дарёсида сув сатҳи тушиб кетгани сабабли ўчирилмоқда;

• АҚШ ҳарбийлари Колумбия кучлари билан биргаликда наркокартелларга зарба бериши мумкин.

👉 https://kun.uz/kr/05461821

[Kun.uz расмий канали](https://t.me/kunuzofficial)"
@kunuzofficial,173200,2026-08-14 12:36:01,249726,131,"**Суд-ҳуқуқ тизимидаги ислоҳотларни янада чуқурлаштириш чора-тадбирлари кўриб чиқилди
**
Президент Шавкат Мирзиёев суд-ҳуқуқ ислоҳотларининг натижалари ва соҳадаги устувор вазифаларни муҳокама қилиш юзасидан суд тизими раҳбарлари билан учрашув ўтказди.

Мулоқотда судлар фаолиятини 2030 йилга қадар ривожлантиришга қаратилган «Одил судлов – 2030» стратегияси лойиҳаси тақдимот қилинди.

👉 https://kun.uz/kr/16737999

[Kun.uz расмий канали](https://t.me/kunuzofficial)"
@kunuzofficial,173203,2026-08-14 13:05:30,268885,202,"**“Мажбурий меҳнат ва одам савдоси” – Кореяда ўзбекистонлик муҳожирлар ҳуқуқи жиддий муҳокамаларга сабаб бўляпти
**
Жанубий Кореяда Ўзбекистондан E-9 визаси асосида юборилган меҳнат мигрантлари билан тузилган шартномалар катта муҳокамаларга сабаб бўляпти. Ишчилардан ёздириб олинган кафолат тилхатига кўра, улар иш жойини ўзгартирган тақдирда ҳар ой 2000 доллар жарима тўлашга мажбур бўлади. Фаоллар бундай талабни иқтисодий ва руҳий жиҳатдан босим ўтказиш деб баҳоламоқда.

👉 https://kun.uz/kr/35396072

[Kun.uz расмий канали](https://t.me/kunuzofficial)"
@kunuzofficial,173205,2026-08-14 14:01:03,273641,31,"**Octobank халкаро ҳисоб-китоблар учун валюталар сонини 16 тага етказди —Мексика песосидан тортиб Польша злотисигача**

Эндиликда Octobank мижозлари бўлган юридик шахслар — 16 та асосий валютада — G16да конверсион операцияларни амалга оширишлари ва тўловларни ўтказишлари мумкин.

👉 https://kun.uz/kr/34933226

Реклама"
@kunuzofficial,173206,2026-08-14 14:06:01,284870,455,"**Тошкентда 70 дан ортиқ объектда 173 та кўп қаватли уй ноқонуний қурилган
**
Тошкент шаҳрида ўтказилган сўнгги инвентаризация натижасида 70 дан ортиқ объектда 173 та кўп қаватли уйда қурилиш билан боғлиқ қонунбузилишлар аниқланган. Бу ҳақда пойтахт ҳокимлиги қурилиш масалалари бўйича котибият мудири Жасур Каримов Kun.uz’га маълум қилди.

👉 https://kun.uz/kr/37839947

[Kun.uz расмий канали](https://t.me/kunuzofficial)"
@kunuzofficial,173207,2026-08-14 15:04:16,277503,114,"**Тадбиркорликни бошлашда енгиллик ва экстремизм учун жазонинг қайта кўриб чиқилиши — маҳаллий дайжест
**
▪️Президент Администрацияси тўғрисидаги қонун имзоланди.

▪️Тадбиркорликни лицензиясиз бошлашга вақтинчалик рухсат бериладиган бўлди.

▪️Болага фамилия бериш тартиби ўзгарди.

▪️Экстремизм таърифига аниқлик киритилади ва жазо қайта кўриб чиқилади.

▪️Тошкентда уй-жой бошқаруви билан боғлиқ йирик фирибгарлик фош этилди.

🗓 Куннинг муҳим янгиликлари билан таништирамиз.

👉 https://kun.uz/kr/91480588

[Kun.uz расмий канали](https://t.me/kunuzofficial)"
@kunuzofficial,173208,2026-08-14 15:31:08,280845,54,"**Афғонистонга электр экспорти ички талаб қондирилганидан кейин амалга оширилади — энергетика вазири**

Ўзбекистон компанияларининг Афғонистонда электр тармоқлари ва подстанцияларни қуриш ҳамда модернизация қилиш лойиҳаларида иштирок этиши муҳокама қилиняпти. Шунингдек, Сурхондарёда қўшимча 2-3 та электр станция қуриш режалаштирилган. Энергетика вазири Шерзод Хўжаевга кўра, Афғонистонга электр экспорт қилиш ички талаб тўлиқ қондирилгандан кейингина амалга оширилиши мумкин.

👉 https://kun.uz/kr/89729022

[Kun.uz расмий канали](https://t.me/kunuzofficial)"
@kunuzofficial,173209,2026-08-14 16:00:43,295325,423,"**«Хитой-Қирғизистон-Ўзбекистон темир йўли қурилишига розилик олиш учун Путиннинг олдига борганман» – Жапаров**

Садир Жапаров 2020 йилда ҳокимиятга келгач дарҳол Хитой элчисини чақириб, Хитой-Қирғизистон-Ўзбекистон темир йўли лойиҳасини бошлашни таклиф қилганини айтди. Аммо, **Хитой томони агар Россия рози бўлмаса, «бу йўл қурилишини бошлай олмаслиги»ни** билдирган.

«Мен ҳайрон қолдим. Шундан сўнг, мен Владимир Владимирович билан амалий учрашув ташкил қилиб беришларини сўрадим. Эртасигаёқ у билан бир-биримизга қараб, **тахминан 35-40 дақиқа давомида айнан шу мавзуни жуда жиддий муҳокама қилдик»,** дейди Жапаров.

👉 https://kun.uz/kr/65285108

[Kun.uz расмий канали](https://t.me/kunuzofficial)"
@kunuzofficial,173210,2026-08-14 16:40:13,301557,237,"**“Кунига 40 га яқин чақирув бўлади” – қулф очишни касбга айлантирган йигит  **
 
Тошкент шаҳрида кекса аёлнинг уйда устидан қулфланган ҳолда қаровсиз қолдирилиш воқеаси жамоатчиликда турли баҳс ва фикрларни келтириб чиқарди. Kun.uz ушбу ҳолатда манзилга бориб, уй эшигини очган Исмоил Баҳодировнинг фаолияти билан қизиқди.
 
Исмоил Баҳодиров қулфланиб қолган эшикларни очиш хизмати билан шуғулланади. Жамоасида 10 нафарга яқин ишчи бор. Унинг айтишича, машина ёки уй қулфланиб қолганлик ҳолати бўйича кунига 40 га яқин чақирув бўлади. Шундан камида 5 таси болалар хавфсизлиги билан [боғлиқ](https://kun.uz/kr/20290092).

[📹 **БАТАФСИЛ YOUTUBE'ДА КЎРИНГ**](https://youtu.be/gwfEiY8n6j0)"
@kunuzofficial,173211,2026-08-14 17:10:16,305969,84,"**NYT: Путин 2026 йилда НАТО ва Евроиттифоқни парчалашни мақсад қилганди**

У бунга Молдова орқали эришмоқчи бўлган. Манбалар 2025 йил сентябридаги сайловлар арафасида молдовалик ёшлар Сербия ва Босниядаги лагерларда қурол ишлатишга ва намойишлар уюштиришга ўргатилгани ҳақида айтиб беришган. Аммо сайловдан олдин бундай лагерларда бўлиб қайтганлар аниқланиб, қўлга олинган. Сайловда эса Ғарб билан яқинлашиш тарафдори бўлган Майя Сандунинг партияси устунликни сақлаб қолган.

👉 https://kun.uz/kr/01685864

[Kun.uz расмий канали](https://t.me/kunuzofficial)"
@kunuzofficial,173212,2026-08-14 18:16:56,307989,147,"**Қозоғистон йирик блэкаутни Қирғизистондаги ГЭС муаммоси билан изоҳлади**

Қирғизистондаги Тўхтағул ГЭСда иккита гидрогенераторнинг ўчирилиши Марказий Осиё энергетика тизимида узилишларга сабаб бўлди. Оқибатда Қозоғистоннинг бир қатор вилоятларида истеъмолчилар электр энергиясиз қолди.

👉 https://kun.uz/kr/80352239

[Kun.uz расмий канали](https://t.me/kunuzofficial)"
@kunuzofficial,173213,2026-08-15 04:02:15,297433,228,"**«Одил судлов – 2030»: Суд тизимини ислоҳ қилиш бўйича фармон қабул қилинди**

Президент фармони билан «Одил судлов – 2030» стратегияси ва уни 2026–2028 йилларда амалга ошириш бўйича ҳаракатлар дастури тасдиқланди.

Фармонга кўра, 2027 йил 1 июлдан умумюрисдикция ва маъмурий суд йўналишларида ишларни қайта кўриб чиқиш ваколатига эга, юрисдикция ҳудуди бир нечта маъмурий-ҳудудий бирликларни қамраб оладиган ҳудудлараро судлар ташкил этилади. Улар учун жами 319 та бошқарув ходими штат бирлиги ажратилади.

👉 https://kun.uz/kr/79230456

[Kun.uz расмий канали](https://t.me/kunuzofficial)"
@kunuzofficial,173214,2026-08-15 04:30:01,297950,826,"**2026–2027 ўқув йили учун мандат чиқди**

2026-2027 ўқув йили учун олий таълим муассасаларининг бакалавриат таълим йўналишларига кириш тест синовлари бўйича якуний танлов натижалари — мандат эълон қилинди. Абитуриентлар натижаларни уч хил усул орқали текшириши мумкин.

Абитуриентлар танлов натижаларини [my.uzbmb.uz](http://my.uzbmb.uz/) сайти орқали паспорт серияси ва рақами ҳамда ЖШШИРни киритган ҳолда билиши мумкин.

👉 https://kun.uz/kr/99721833

[Kun.uz расмий канали](https://t.me/kunuzofficial)"
@kunuzofficial,173215,2026-08-15 05:10:16,309206,642,"**Ўзбек бокси афсонаси Руфат Рисқиев вафот этди
**
Ўзбек боксининг афсонавий вакили, «Тошкент йўлбарси» номи билан шуҳрат қозонган Руфат Рисқиев 76 ёшида вафот этди. 

У жаҳон чемпиони бўлган ва Олимпия ўйинларида шоҳсупага кўтарилган илк ўзбек боксчиси сифатида спорт тарихидан жой олган.

👉 https://kun.uz/kr/95295932

[Kun.uz расмий канали](https://t.me/kunuzofficial)"
@kunuzofficial,173216,2026-08-15 06:04:58,290678,305,"**“Ижара ва коммунал тўловлар ёш оилаларнинг даромадини олиб қўйяпти” - иқтисодчи**

Ўзбекистонликларнинг бугунги турмуши ва даромади тақсимоти ҳақида Kun.uz билан гаплашган иқтисодчи Валижон Тўрақулов фикрича, айниқса ёш оилаларнинг даромади ижара ва коммунал тўловларига кетиб қоляпти. Бундан ташқари, болаларининг таълими ҳам қўшилса, келажак учун жамғарма деярли йўқ. Давлат дастурлари эълон қилиниши керак, дейди эксперт. 

📹 [**СУҲБАТНИ ТЎЛИҚ ТОМОША ҚИЛИНГ**](https://youtu.be/gCifwx1mMoA)"
@kunuzofficial,173217,2026-08-15 07:00:25,293517,650,"**Тошкентдаги кўчмас мулк объектлари қайта баҳолаб чиқилди

**Оммавий баҳолаш натижаларига кўра, пойтахтдаги квартираларнинг бозор нархига яқин қиймати кадастр ҳужжатида кўрсатилган қийматидан қарийб 7,4 баробарга, 213 мингта ҳовли-жойнинг тахминий нархи эса ҳозирги кадастр қийматидан 14 баробарга юқорилиги аниқланди.

Тошкентдаги энг арзон квартираларда 1 кв.м нархи 4,6 млн сўмдан, энг қиммати 1 кв.м учун 35,8 млн сўмгача баҳоланган. Шаҳарда энг арзон ер нархи сотихига 115 млн сўмдан бошланиб, энг қиммат жойларда 1 сотих ер 890 млн сўмгача етади.

Келгусида мол-мулк ва ер солиғи ҳисобланадиган база баҳолаш натижаларига мувофиқ оширилади, шу билан бирга, солиқ ставкалари пасайтирилади. Мулкдорлар давлат ҳисоблаган қийматни текшириш учун мустақил баҳоловчи ташкилотни ёллаши мумкин.

👉 https://kun.uz/kr/42463683

[Kun.uz расмий канали](https://t.me/kunuzofficial)"
@kunuzofficial,173218,2026-08-15 07:59:58,278176,217,"**Сурхондарёда ўрмонда ёнғин чиқди**
** **
Бойсун туманидаги Хомкон ўрмон бўлимида ёнғин содир бўлди. Уни бартараф этишда 300 нафардан ортиқ киши қатнашган. Жумладан, маҳаллий аҳолидан ҳам кўнгиллилар жалб қилинган. 
 
Ҳодиса оқибатида 1 гектар майдондаги қуруқ ўт ва шох-шаббалар ёнгани, жароҳатланганлар йўқлиги маълум қилинди. Ёнғиннинг келиб чиқиш сабаби аниқланмоқда.

👉 https://kun.uz/kr/19930916

[Kun.uz расмий канали](https://t.me/kunuzofficial)"
@kunuzofficial,173219,2026-08-15 08:45:39,280806,517,"**Тошкентда ёнғинни ўчириш вақтида қутқарувчи ҳалок бўлди**
 
Учтепа туманининг Қуйи Дархон маҳалласидаги уйлардан бирида ёнғин содир бўлди. Ҳодиса жойига етиб борган қутқарувчилар ёнғинни бартараф этиш билан бир қаторда, хонадонда бўлган аҳолини зудлик билан хавфсиз ҳудудга эвакуация қилган.
 
ФВВ махсус қутқарув баталёни отряд командирининг ўринбосари – гуруҳ командири, капитан Бобурмирзо Пардаев ҳам жасорат кўрсатиб, инсонлар ҳаётини қутқарган. Бироқ ёнғинни бартараф этиш жараёнида  у ҳалок бўлган. 
 
Kun.uz манбасининг хабар беришича, марҳум ёнғин бўлаётган хоналардан бирида ўт ўчираётган пайтда унинг устига ёниб турган уй тўсини қулаган.

👉 https://kun.uz/kr/19867932

[Kun.uz расмий канали](https://t.me/kunuzofficial)"
@kunuzofficial,173221,2026-08-15 09:13:27,271231,56,"**Украина айрим ҳудудларини озод қилди, Туркия Исроилни огоҳлантирди | “Геосиёсат”**
 
Украина 26 та аҳоли пункти озод қилинганини эълон қилди; мустақил таҳлилчилар бундан камроқ ҳудуд қайтарилганини айтяпти. Киев яна Қора денгизда оташкесим таклифи билан чиқди.

Яқин Шарқда эса Ҳоқон Фидан АҚШ Исроилга босим қилмаса, Туркия Қатар ва Миср билан мустақил ҳаракат бошлашини билдирди. Қоҳира Макка пактига қўшилишга ҳозирча тайёр эмаслигини айтмоқда.

Ортда қолган ҳафтанинг халқаро майдондаги мавзулари муҳокамаси – Kun.uz'нинг жонли эфирдаги “Геосиёсат” дастурида.

📱 [**Telegram'да кўриш**](https://t.me/kunuzofficial?livestream)

📱[ **YouTube'да кўриш**](https://youtu.be/mq_0mq2I8Mc)"
@kunuzofficial,173222,2026-08-15 09:30:01,280259,386,"**Тошкентдаги дорихоналарда яроқлилик муддати ўтган дорилар сотилаётгани аниқланди
**
Telegram ботда жойлаштирилган дори воситалари ҳақидаги эълонлар асосида Тошкент шаҳридаги қатор дорихоналарда текширувлар ўтказилган. 

Рейд жараёнида жиддий қонунбузарликлар фош этилган.

👉 https://kun.uz/kr/82771471

[Kun.uz расмий канали](https://t.me/kunuzofficial)"
@kunuzofficial,173223,2026-08-15 09:59:58,277681,196,"💎 **Мандат натижалари эълон қилинди**

🎓Талабаликка тавсия этилмадингизми? Бу — талаба бўла олмайсиз дегани эмас. ДТМ натижангиз билан, имтиҳонсиз, OXU’да талаба бўлинг.

💎Университетда [90 дан ортиқ таълим йўналиши,](https://telegra.ph/Osiyo-Xalqaro-Universitetidagi-talim-yonalishlari-07-05-3) юқори сифатли таълим тизими ва кенг имкониятлар мавжуд.

💎[**Рўйхатдан ўтиш: qabul.oxu.uz**](https://qabul.oxu.uz/?lid=16)

💎**Бухоро филиали:** +998553050009|
[**Онлайн мурожаат**](https://t.me/oxu_admin13)
💎**Хоразм филиали:** +998553100009|
[**Онлайн мурожаат**](https://t.me/OxuXorazmqabul)

Реклама"
@kunuzofficial,173224,2026-08-15 10:12:11,300487,737,"**Cobalt'нинг ички бозордаги сотувлари ишлаб чиқариш кўрсаткичидан 2 баробаргача тушиб кетди
**
2026 йилнинг биринчи ярмида UzAuto Motors қарийб 83 минг дона Cobalt ишлаб чиқарди ва шундан фақат 41 мингтасини (49 фоиз) маҳаллий харидорларга сота олди.

Ички бозорда бу моделга бўлган талаб бир йилда салкам 40 фоизга қулади: ўтган йили январ-июн ойларида ўзбекистонликлар дилерлардан қарийб 68 мингта Cobalt сотиб олган бўлса, жорий йилда бу кўрсаткич 41 мингтага тушиб қолди.

👉 https://kun.uz/kr/58029198

[Kun.uz расмий канали](https://t.me/kunuzofficial)"
@kunuzofficial,173226,2026-08-15 11:01:16,293201,125,"**Президент ўзбек бокси афсонаси Руфат Рисқиев вафоти муносабати билан ҳамдардлик билдирди**

“Бутун ҳаётини боксчилик фаолиятига бағишлаган буюк спортчи, ёшларнинг меҳрибон устози, самимий ва камтарин инсон Руфат Рисқиевнинг ёрқин хотираси қалбларимизда ҳамиша сақланиб қолади”, дейилади ҳамдардлик номасида.

👉 https://kun.uz/kr/21220282

[Kun.uz расмий канали](https://t.me/kunuzofficial)"
@kunuzofficial,173229,2026-08-15 12:34:11,292721,40,"**Тошкент декларацияси: парламент дипломатиясининг янги кун тартиби белгиланди**

Таъкидланишича, бугун парламентлараро ҳамкорлик давлатлар ўртасидаги сиёсий мулоқот билангина чекланиб қолмасдан, савдо-иқтисодий, транспорт-логистика, экология ва рақамлаштириш каби йўналишларда амалий ҳамкорликни кучайтиришга хизмат қилиши керак.

👉 https://kun.uz/kr/60342625

[Kun.uz расмий канали](https://t.me/kunuzofficial)"
@kunuzofficial,173231,2026-08-15 12:39:01,291577,449,"**Шавкат Мирзиёев: “Одамлар суддан розими деган савол кўндаланг турибди”
**
“Мана, [Олий судга] янги раҳбар қўйдик. Одамларнинг манфаати, одамларни рози қилиш, қадрини кўтариш нуқтайи назаридан ҳаракат қиляпмиз. Барибир ҳали қиладиган ишларимиз қилган ишимиздан кўпроқ”, – деди президент.

👉 https://kun.uz/kr/75737641

[Kun.uz расмий канали](https://t.me/kunuzofficial)"
@kunuzofficial,173235,2026-08-15 14:10:01,311937,778,"**“Ақлли” газ ҳисоблагичлар: ёпиқ шартнома, триллионлаб харажат ва энди жиноят иши**

Технопарк ва “Ҳудудгазтаъминот” масъуллари газ ҳисоблагичларга техник хизмат кўрсатиш баҳонасида талон-торожга қўл ургани айтиляпти. Бу жиноят иши Osten бренди остидаги ҳисоблагичлар билан боғлиқ бошқа масалаларни ҳам яна долзарблаштиради – тергов давомида аввалроқ жамоатчиликда туғилган саволларга ҳам эътибор қаратилса ажаб эмас.

Хўш, Технопарк қачон, ким томонидан ташкил этилган ва 5,3 трлн сўмлик шартномани қандай қўлга киритган эди?

👉 https://kun.uz/kr/26878318

[Kun.uz расмий канали](https://t.me/kunuzofficial)"
@kunuzofficial,173236,2026-08-15 15:34:45,306236,134,"**Бойсундаги газ конида авариявий қудуқни ёпиш ишлари бошланди**

«Мустақилликнинг 25 йиллиги» конидаги авария оқибатларини 2027 йилнинг биринчи ярмида тўлиқ бартараф этиш режалаштирилган.

👉 https://kun.uz/kr/43283908

[Kun.uz расмий канали](https://t.me/kunuzofficial)"
@kunuzofficial,173238,2026-08-15 16:15:14,310458,304,"**Хитойда Chevrolet автомобиллари сотуви тўхтатилди**

Сўнгги йилларда Хитой бозорида Chevrolet ўз мавқейини йўқотмоқда. 2014 йилда 760 минг дона автомобил сотилган бўлса, 2025 йилда 9 минг донага яқин автомобил сотилган.

👉 https://kun.uz/kr/34436500

[Kun.uz расмий канали](https://t.me/kunuzofficial)"
@kunuzofficial,173239,2026-08-15 17:31:47,310231,125,"**Ўзбекистон ва Туркманистон ўртасида тўғридан-тўғри авиақатновларни тиклаш масаласи муҳокама қилинди**

Ўзбекистон транспорт-логистика соҳаси вакиллари иштирокида Туркманистоннинг Ўзбекистондаги фавқулодда ва мухтор элчиси Шадурди Мередов билан учрашув бўлиб ўтди.

👉 https://kun.uz/kr/79774131

[Kun.uz расмий канали](https://t.me/kunuzofficial)"
@kunuzofficial,173240,2026-08-15 18:02:29,317561,531,"**Дунёдаги энг катта электр самолёт илк бор парвоз қилди**

X1 самолётининг узунлиги 32,3 метр, қанотларининг узунлиги 23,2 метрни ташкил этади, парвоз оғирлиги эса 11,3 тоннага тенг. 

Heart Aerospace компаниясининг ҳисоб-китобига кўра, синов давомида 5 долларлик электр энергияси сарфланган.

👉 https://kun.uz/kr/01816771

[Kun.uz расмий канали](https://t.me/kunuzofficial)"
@kunuzofficial,173241,2026-08-16 04:04:58,302536,401,"**Тест натижасидан норози абитуриентлар апелляция аризаларини 24 августгача беришлари мумкин**

Апелляция шикоятларини кўриб чиқиш 2026 йил 19 августдан бошланади.

👉 https://kun.uz/kr/39256568

[Kun.uz расмий канали](https://t.me/kunuzofficial)"
@kunuzofficial,173242,2026-08-16 04:42:09,308303,648,"**Тошкентда иш вақтида ҳалок бўлган ўт ўчирувчи Самарқандда дафн этилди**

ФВВ қутқарувчиси, капитан Бобурмирзо Пардаев Учтепа туманидаги хонадонда чиққан ёнғинни ўчириш вақтида 7 кишининг ҳаётини сақлаб қолган, аммо том қисми тўсатдан қулаб тушиши оқибатида ҳаётдан кўз юмган.

Ҳарбий анъаналарга кўра, ходим шарафига ўқ узилди.

[Kun.uz расмий канали](https://t.me/kunuzofficial)"
@kunuzofficial,173243,2026-08-16 05:26:47,287323,67,"**Омскдаги ёнғин оқибатида икки ўзбекистонлик жабрланди**

Дастлабки расмий хабарларда қурилаётган кўп қаватли бинода ёнғин чиқиши оқибатида жабрланган 11 кишининг барчаси Ўзбекистон фуқаролари экани айтилганди. Ўзбекистон ТИВ бу маълумотни рад этди ва улардан фақат икки нафари ўзбекистонлик экани маълум бўлди. Ҳозирда улар оғир аҳволда жонлантириш бўлимида қолмоқда.

👉 https://kun.uz/kr/04695535

[Kun.uz расмий канали](https://t.me/kunuzofficial)"
@kunuzofficial,173244,2026-08-16 06:26:03,290952,781,"**Белгияда уй деворидан хазина чиқди**

Белгиядаги эски уйни қайта қураётган ишчилар унинг остидаги ертўла деворидан катта хазина – умумий қиймати тўққиз миллион еврога етиши мумкин бўлган олтин ёмбилар ва тангаларни топиб олишди.

👉 https://kun.uz/kr/95978212

[Kun.uz расмий канали](https://t.me/kunuzofficial)"
@kunuzofficial,173245,2026-08-16 07:14:50,304969,46,"**Одамлар дардини гапирган ҳоким, валюта хариди ва суд тизимида ўзгаришлар — ҳафта дайжести**

➖ “На чипта бор, на шароит”: Сурхондарё ҳокими поездлардаги аҳвол ва авиачипта нархларини танқид қилди.

➖ Шилқимликка учраган қизларга жарима: айрим судялар айбдорга қўшиб, жабрланувчини ҳам жазоламоқда.

➖ Бир вақтлар тасаввурга ҳам сиғмаган қулайлик: энди ҳеч қанақа ҳужжатсиз банкдан 500 доллар нақд валюта олиш мумкин.

__Якунланган ҳафтанинг Ўзбекистон ҳаётига оид шу ва бошқа муҳим воқеалари – ____Kun.uz____ __[__дайжестида__](https://kun.uz/kr/30704422)__.__

**📹 **[**ВИДЕОШАРҲНИ ТОМОША ҚИЛИНГ**](https://youtu.be/vP9ZdCxy2u4)"
@kunuzofficial,173246,2026-08-16 08:39:58,275464,254,"**Индонезияда зилзила: ўнлаб кишилар ҳалок бўлди
**
15 август куни Индонезия шарқида 7,7 магнитудали зилзила рўй бериши оқибатида Флорес оролида 47 киши ҳалок бўлиб, 23 киши турли даражада жароҳат олган.

Кўчкилар натижасида йўллар тўсилиб қолгани ва алоқа узилгани туфайли, қутқарувчилар барча аҳоли яшаш манзилларига ҳам бора олмаяпти ва қурбонлар сони ошиши мумкин.

👉 https://kun.uz/kr/73281611

[Kun.uz расмий канали](https://t.me/kunuzofficial)"
@kunuzofficial,173247,2026-08-16 09:32:41,266146,60,"**Форс кўрфазидаги иттифоқчилар Трампдан норози**

Эрон билан тинчлик бўйича келишув бўлмаётгани туфайли араб давлатлари Америка базаларини чиқариб юбориш ҳақида ўйламоқда.

👉 https://kun.uz/kr/92141279

[Kun.uz расмий канали](https://t.me/kunuzofficial)"
@kunuzofficial,173248,2026-08-16 09:59:58,276700,336,"**Якуний мандат эълон қилинди: сизда ҳали ҳам грант асосида ўқиш имконияти бор**

Тошкент Амалий фанлар университети грант танловини бошлади. Сизга бир неча балл етмай ўқишга кира олмадингизми? Ёки грантга кира олмаганингиз учун орзунгиздан воз кечмоқчимисиз? Балки ўзингиз хоҳламаган йўналишга тавсия этилгандирсиз?

Сизда ҳали ҳам ТАФУда грант асосида ўқиш имконияти бор. Бунинг учун бир дақиқалик мотивацион видео тайёрланг. Унда ўзингизни таништириб, мақсадларингиз ва нима учун айнан сиз ТАФУ грантига лойиқ эканлигингизни тушунтириб беринг. Энг муносиб иштирокчилар 25, 50 ёки 100 фоизлик грантларни қўлга [киритади](https://kun.uz/kr/89501361). 

[**📹 ВИДЕОНИ ТЎЛИҚ ТОМОША ҚИЛИНГ**](https://youtu.be/uKTxWjxYadE)

Реклама"
@kunuzofficial,173249,2026-08-16 10:06:01,265236,306,"**Украина Москва областидаги омборларга ҳужум қилди**

Тун бўйи Москва томон 600 та дрон учирилган. Подолск шаҳрида дрон келиб урилиши оқибатида Wildberries’нинг «Коледино» саноат зонаси ҳудудидаги омбори ёниб кетди (бу Wildberries’нинг 10 та энг йирик логистик марказларидан бири эди ва шу вақтгача украинлар зарбаси оқибатида ишдан чиққан еттинчи йирик омбор бўлди).

Ростов областида ракета ва дронлар ҳужуми оқибатида беш киши ҳалок бўлган.

👉 https://kun.uz/kr/64759849

[Kun.uz расмий канали](https://t.me/kunuzofficial)"
@kunuzofficial,173252,2026-08-16 10:59:58,280570,345,"**Ноқонуний қурилган бинолар фақат суд қарори билан бузилиши мумкин — Қурилиш вазирлиги
**
Ноқонуний қурилган бинолар тегишли талабларга жавоб бермаса, уларни бузиш масаласи фақат суд тартибида ҳал этилади. Бу ҳақда Қурилиш ва уй-жой коммунал хўжалиги вазирлиги вакили Жавоҳир Эргашбоев Kun.uz’га маълум қилди.

«Агарда бино ҳеч қандай талабга жавоб бермаса ёки бошқа сабабларга кўра қурилиши тўхтатилган объект бўлса, буни тўғридан-тўғри ҳеч қайси орган бузиш ваколатига эга эмас. Бу фақат суд тартиби орқали амалга оширилади», — деди Жавоҳир Эргашбоев.

👉 https://kun.uz/kr/50254050

📹 [**СУҲБАТНИ ТЎЛИҚ ТОМОША ҚИЛИНГ**](https://youtu.be/0SdhZffW3a0?si=Nq3Zn20ZJCdzHqF5)"
@kunuzofficial,173253,2026-08-16 12:19:01,276960,25,"**«Арсенал» чемпионликдан кейинги илк мавсумни қандай бошламоқда?**

Бугун Англиянинг амалдаги чемпиони «Арсенал» Суперкубок учун «Манчестер Сити»га қарши майдонга тушади. Лондонликлар сўнгги йилларда бир неча бор ушбу соврин учун ўйин ўтказган (сўнгги беш финалда беш ғалаба), аммо анча вақтдан буён бу ўйинга Англия чемпиони сифатида келмоқда.

АПЛдаги ғолибликдан кейин Микел Артета жамоасида ўзгаришлар бўлди ва бу жараён давом этмоқда. Қуйида ушбу жамоа 2026/27 йиллар мавсумига қандай ҳолатда кираётгани – муаммолар, трансферлар ва футболчиларнинг ҳолати ҳақида.

👉 https://kun.uz/kr/17121910

[Kun.uz расмий канали](https://t.me/kunuzofficial)"
@kunuzofficial,173254,2026-08-16 13:04:01,269222,93,"**Ҳар томондан ҳужумга учраётган Саудия: подшоҳлик ечим топа оладими?**

Саудияга шарқдан Эрон, шимолдан Ироқдаги айрим гуруҳлар, жанубдан ҳусийчилар вақти-вақти билан зарбалар бериб турибди. Подшоҳлик ғарбида эса Исроил экспансионизми кетмоқда. Мамлакат ичкарисида шиа гуруҳлари билан боғлиқ ҳолда рўй берган яқин ўтмишдаги воқеалар ҳам сиёсий элитанинг ёдидан чиқмаган. Хўш, шундай шароитда подшоҳлик урушга кирмасдан, ўз хавфсизлигини қандай таъминлай олади? 

Kun.uz шундай савол билан сиёсий таҳлилчиларга юзланди.

[**📹 ВИДЕОНИ ТОМОША ҚИЛИНГ**](https://kun.uz/kr/26590519)"
@kunuzofficial,173255,2026-08-16 13:59:58,266982,394,"**Кейинги ҳафтада қаерга учиш мумкин? Энг яхши таклифлар тўплами.**

Денгиз, қуёш ва 7 кечалик тўлақонли дам олиш — ўзингизга мос йўналишни танланг:

• Анталия — 12 млн сўмдан
• Фетҳие — 12 млн сўмдан
• Мармарис — 12 млн сўмдан
• Бодрум — 13 млн сўмдан
• Карлови Вари — 14 млн сўмдан

**Тур нархига қуйидагилар киради:**
🔵 Uzbekistan Airways бортида бориш ва қайтиш учун тўғридан-тўғри авиақатнов
🔵 Меҳмонхонада 7 кеча яшаш
🔵 Меҳмонхона концепцияси бўйича овқатланиш
🔵 Трансфер
🔵 Тиббий суғурта

**Банд қилиш усуллари:**
**📞**[1111 рақами орқали](https://www.google.com/search?q=tel:1111) (24/7)
**🌐** [asialuxe.uz сайтида](https://www.google.com/search?q=tel:1111)

Батафсил: @Asialuxe

Реклама"
@kunuzofficial,173256,2026-08-16 14:11:58,259630,104,"**Украина Wildberries’га, Россия китоб бозорига зарба берди
**
Украина дронлари 16 августга ўтар кечаси Россиянинг 16 региони ва Қримга ҳужум қилди. Россия мудофаа вазирлигига кўра, ҳаво ҳужумидан мудофаа кучлари жами 822 та дронни уриб туширган.

Россия ҳам тунда Киевга, шунингдек, Днипропетровск ва Полтава областларига зарбдор дронлар ва ракеталар билан ҳужум қилди. Киевда «Почайна» метро бекати атрофидаги китоб бозори зарба остида қолган.

👉 https://kun.uz/kr/02678215

[Kun.uz расмий канали](https://t.me/kunuzofficial)"
@kunuzofficial,173259,2026-08-16 14:44:54,288664,128,"**Боксчи Причард Колон 33 ёшда вафот этди**

11 йил олдин жангдан кейин у етти ой давомида комада ётганди.

У билан рўй берган воқеадан кейин Бутунжаҳон бокс кенгаши (WDC) хавфсизлик қоидаларини кучайтирган ва янада қатъий тиббий протоколларни жорий этган.

👉 https://kun.uz/kr/99031595

[Kun.uz расмий канали](https://t.me/kunuzofficial)"
@kunuzofficial,173260,2026-08-16 15:19:01,298144,764,"**“Уйда доим кимдир китоб ўқиётган бўларди” – Нобелни мақсад қилган Нуразиз Унгбоев ҳикояси**

Нуразиз Унгбоев 18 ёшда. У дунёнинг топ-20 олийгоҳлари қаторида турадиган Чикаго университетига тўлиқ грант билан қабул қилинган. 

Ўқитувчилар оиласида катта бўлган Нуразиз Kun.uz мухбири билан суҳбатда топ университетгача босиб ўтган йўли, ўрта таълимдан сўнг нима учун бир йил танаффус олгани ва муваффақият сири ҳақида гапириб берди.

[**📹 ТЎЛИҚ ВИДЕОНИ ТОМОША ҚИЛИНГ**](https://kun.uz/kr/91453075)"
@kunuzofficial,173261,2026-08-16 16:29:58,309108,73,"**Трампни ўлдирмоқчи бўлишди, яна – ҳафта дайжести**

🔘 Путин Курилга борди. Япония бу орол ўзиники эканини даъво қилади. Россия президентини қизил икра билан меҳмон қилиб, «рекорд миқдорда туналар сузиб келганини» айтиб беришди.

🔘 Трампни Туркиядан қайтишда Эрон томондан суиқасд хавфи сабаб фургонга яшириб, ҳарбий самолётга олиб ўтишди. Журналистлар ва делегация аъзолари «Эрон нишонидаги самолёт»да қолди!

🔘 Маск ва Трамп ярашиб олибди. Дунёнинг энг бой одами «баъзи масалаларда ноҳақ эканини» тан олиб, оралиқ сайловларда республикачилар пиарига 100 миллион доллар ваъда қилибди.

🔘 Россия Украинага: «қишда совуққотасизлар», Украина Россияга: «нефт олови иссиғида [исинамиз»](https://kun.uz/kr/82824343).

📹 [**БАТАФСИЛ YOUTUBE'ДА КЎРИНГ**](https://youtu.be/udcwNo9mFFM)"
@kunuzofficial,173262,2026-08-16 17:19:58,303547,105,"**«Арсенал» 18-марта Англия Суперкубогини қўлга киритди**

Лондоннинг «Арсенал» клуби Англия Суперкубоги финалида «Манчестер Сити» устидан 3:0 ҳисобида ғалаба қозонди ва 18-марта ушбу совринни қўлга киритди.

👉 https://kun.uz/kr/83706753

[Kun.uz расмий канали](https://t.me/kunuzofficial)"
@kunuzofficial,173263,2026-08-17 03:59:58,294649,160,"**Ўзбекистон ва Қирғизистон ҳудудларни алмашиш бўйича кейинги қадамларни келишиб олди**

Алмашиладиган ҳудудлар аҳолисининг фуқаролиги, кўчиришни ташкил этиш, фуқароларнинг мулкий ҳуқуқларини расмийлаштириш, ердан фойдаланиш ва аҳолини ижтимоий ҳимоя қилиш билан боғлиқ масалалар билан шуғулланувчи қўшма ишчи гуруҳ тузилди.

Боткен вилоятининг Қадамжой туманида ер майдонларини алмашишнинг ташкилий-техник масалалари бўйича Қирғизистон ва Ўзбекистоннинг қўшма ишчи комиссияси йиғилиши бўлиб ўтди.

👉 https://kun.uz/kr/35287535

[Kun.uz расмий канали](https://t.me/kunuzofficial)"
@kunuzofficial,173264,2026-08-17 04:39:58,278082,254,"**Мирзо Улуғбек туманидаги кўп қаватли уйда ёнғин содир бўлди
**
16 август куни кечқурун Мирзо Улуғбек тумани Асака кўчасида жойлашган кўп қаватли уйнинг том қисмида ёнғин юз берди. Ёнғинни ўчиришга 1 соатдан ортиқроқ вақт кетган. __

Ўт ўчириш машинаси кўп қаватли уйнинг аркаси сабаб бино ҳовлисига кира олмаган.__

👉 https://kun.uz/kr/63725195

[Kun.uz расмий канали](https://t.me/kunuzofficial)"
@kunuzofficial,173265,2026-08-17 05:19:58,280199,430,"**Дунёга рекорд даражада кучли Эл-Нино яқинлашмоқда**

Тинч океанида кучайиб бораётган Эл-Нино ҳодисаси кузатувлар тарихидаги энг кучлисига айланиши мумкин. 

АҚШ Миллий океан ва атмосфера тадқиқотлари бошқармаси (NOAA) баҳосига кўра, 2026 йил октябр–декабр ойларида Эл-Нинонинг тарихий даражага етиш эҳтимоли қарийб 70 фоизни ташкил этмоқда.

👉 https://kun.uz/kr/69945920

[Kun.uz расмий канали](https://t.me/kunuzofficial)"
@kunuzofficial,173266,2026-08-17 05:59:59,270430,77,"**2026 йилда Тошкентда болани мактабга тайёрлаш қанчага тушади?**

​Вақт ўтади, телефонлар, трендлар ва мактаб рюкзаклари ўзгаради, аммо мактабга тайёргарлик кўриш аксарият оилалар ҳаётининг ажралмас қисми бўлиб қолмоқда.

👉 https://kun.uz/kr/18858786

Реклама"
@kunuzofficial,173267,2026-08-17 06:05:58,287767,570,"**Лифтлар ҳар ой техник хизматдан ўтказилади
**
Ўзбекистонда кўп квартирали уйлардаги лифтлардан фойдаланиш бўйича янги талаблар белгиланди. 

Эндиликда лифтларга ҳар ой техник хизмат кўрсатилиши, ҳар йили даврий техник кўрикдан ўтказилиши ва уларнинг ишлаши устидан диспетчерлик назорати ўрнатилиши лозим.

👉 https://kun.uz/kr/39342292

[Kun.uz расмий канали](https://t.me/kunuzofficial)"
@kunuzofficial,173268,2026-08-17 06:34:33,271638,137,"**Ҳафта давомида айрим жойларда ёмғир ёғиши кутилмоқда**

Бу ҳафта Ўзбекистон бўйлаб асосан иссиқ ва қуруқ об-ҳаво сақланиб қолади. Кундузи ҳаво +38, жанубда эса +43 даражагача исийди. Шимоли-ғарбий ҳудудларда қисқа муддатли ёмғир ва момақалдироқ кутилмоқда.

👉 https://kun.uz/kr/68426201

[Kun.uz расмий канали](https://t.me/kunuzofficial)"
@kunuzofficial,173269,2026-08-17 07:00:33,271670,34,"**Зимбабведа паром ағдарилиши оқибатида 80 киши ҳалок бўлди
**
Дастлабки маълумотларга кўра, паром кучли шамол ва тўлқинлар сабабли ағдарилган.

Йўловчилар ва экипаж аъзоларининг аниқ сони ҳозирча маълум эмас.

Қидирув-қутқарув операцияси давом этмоқда.

👉 https://kun.uz/kr/23042025

[Kun.uz расмий канали](https://t.me/kunuzofficial)"
@kunuzofficial,173270,2026-08-17 07:30:41,275803,56,"**Трамп Америка ҳарбийларининг Жанубий Корея билан машғулотларини танқид қилди**

АҚШ президенти Ким Чен Ин билан «жуда яхши» муносабатларини бузмаслик учун машғулотларни қисқартиришга кўрсатма берган.

У Сеул Эронга қарши урушда АҚШга қўшилишдан бош тортганидан шикоят қилган:

«Мен яқинда Жанубий Корея президентидан Эрон Ислом Республикасини ядросизлаштиришда бизга қўшилишни хоҳлайсизми, деб сўрадим, улар „Йўқ, раҳмат!“ деб жавоб беришди».

👉 https://kun.uz/kr/74413699

[Kun.uz расмий канали](https://t.me/kunuzofficial)"
@kunuzofficial,173271,2026-08-17 08:02:13,267918,234,"**Президент Урганч халқаро аэропортининг янги терминалини кўздан кечирди**

Шавкат Мирзиёев Хоразм вилоятига ташрифини Урганч халқаро аэропорти реконструкция лойиҳасининг биринчи босқичи доирасида барпо этилаётган янги аэродром мажмуаси ҳамда расмий делегацияларга хизмат кўрсатадиган терминални кўздан кечириш билан бошлади. Аэропортда 18 та самолёт тураргоҳи ва янги бурилиш йўлаги ҳам қурилади.

👉 https://kun.uz/kr/19957169

[Kun.uz расмий канали](https://t.me/kunuzofficial)"
@kunuzofficial,173274,2026-08-17 09:02:51,272978,44,"**Омскдаги ёнғинда жароҳатланган ўзбекистонликлар реанимацияда қолмоқда**

15 август куни Россиянинг Омск шаҳридаги қурилиш майдонида юз берган ёнғин оқибатида жабрланган икки ўзбекистонликнинг аҳволи оғирлигича қолмоқда. Ўзбекистоннинг Новосибирскдаги бош консули Аслам Акбаров Омскдаги 1-сонли тез тиббий ёрдам шифохонасига бориб, ватандошлар ҳолидан хабар олган.

👉 https://kun.uz/kr/96568249

[Kun.uz расмий канали](https://t.me/kunuzofficial)"
@kunuzofficial,173275,2026-08-17 10:04:58,279525,73,"**Кушнер Ҳамас раҳбари билан учрашди, Россияда омборлар ёнмоқда – кун дайжести**

• Президент Трамп АҚШ-Жанубий Корея қўшма ҳарбий машғулотларни «сезиларли даражада қисқартириш»ни буюрди. Сабаб: Сеул Эронга қарши ҳаракатларда иштирок этишдан бош тортган;

• Украина дам олиш кунлари Россиянинг 16 регионига юзлаб дронлари билан ҳужум қилди: Ростовда беш киши ҳалок бўлди; 

• Россия эса Киев, Днепропетровск ва Полтава областларига зарбдор дронлар ҳамда ракеталар билан ҳужум қилди.

• Трампнинг махсус вакили ва куёви Жаред Кушнер Мисрда Ҳамас раҳбари Халил ал-Ҳайя билан учрашди;

• Зимбабвенинг Кариба кўлида паром ҳалокати оқибатида 84 киши ҳалок бўлди.

👉 https://kun.uz/kr/31963056

[Kun.uz расмий канали](https://t.me/kunuzofficial)"
@kunuzofficial,173276,2026-08-17 10:59:58,327223,125,"**Андижон. Истиқлол байрами олдидан йирик иқтисодий ва инвестицион лойиҳалар иш бошламоқда**

Мустақиллигимизнинг 35 йиллик тантаналарини Андижон вилояти иқтисодиётни ривожлантиришдаги ҳамда барқарор инвестиция муҳитини яратишдаги янги ютуқлар билан қарши олмоқда.

Видеода Андижон вилоятида Истиқлол байрами олдидан иш бошлаётган йирик иқтисодий ва ижтимоий лойиҳалар ҳақида сўз боради.

👉https://kun.uz/kr/89262124

[Kun.uz расмий канали](https://t.me/kunuzofficial)"
@kunuzofficial,173277,2026-08-17 11:05:13,266107,103,"**Президент Урганчдаги Касблар шаҳарчасида ёшлар билан мулоқот қилди**

Хоразм илғор касбий маҳорат техникуми ҳудудидаги Касблар шаҳарчасида ёшларнинг қизиқиши ва қобилиятини эрта аниқлаш, уларни муайян касбларга йўналтириш учун шароит яратилган.

👉 https://kun.uz/kr/71430156

[Kun.uz расмий канали](https://t.me/kunuzofficial)"
@kunuzofficial,173278,2026-08-17 11:32:01,276393,323,"**Президент янги электропоездда Урганчдан Хивага борди**

Хоразмда Урганч халқаро аэропорти ва темирйўл вокзалини боғловчи 11 километрлик янги темирйўл линияси қурилди. Бу мамлакатдаги аэропорт ва темирйўлни бевосита боғлайдиган илк лойиҳа бўлди.

Президент Шавкат Мирзиёев мазкур йўналишга қўйилган янги электропоездда Хивага борди.

👉 https://kun.uz/kr/04326183

[Kun.uz расмий канали](https://t.me/kunuzofficial)"
@kunuzofficial,173279,2026-08-17 12:01:53,268714,57,"**HUMO “Silk Road Finance & Technology Forum 2026”нинг асосий ҳамкори сифатида иштирок этади ва янги тўлов ечимларини тақдим қилади**

​24–26 август кунлари Тошкентда регуляторлар, молия институтлари, тўлов саноати, технология компаниялари ва инвестиция ҳамжамияти вакилларини бирлаштирувчи халқаро майдон — “Silk Road Finance & Technology Forum 2026” бўлиб ўтади. HUMO миллий тўлов тизими форумнинг таъсисчи ҳамкори (Founding Partner) сифатида иштирок этиб, унинг ишбилармонлик дастурида қатнашади ва ўзининг технологик ечимларини намойиш этади.

👉 https://kun.uz/kr/49840938

Реклама"
@kunuzofficial,173280,2026-08-17 12:07:01,308919,1493,"**“Писта одамни бой қилади” – тошлоқлик боғбон
**
Абдуҳошим Маҳмудалиев Тошлоқ тумани Яккатут қишлоғидан. У хонадонида писта кўчати етиштиради. Икки гектар майдонда ҳосилга кирган 500 тупдан ортиқ писта дарахти бор. 

“Ҳар бир хонадонга 20-30 тупдан писта экилса, даромади хонадоннинг бир йиллик харажатларни тўлиқ қоплайди”, дейди ёш боғбон.

[**📹 ТЎЛИҚ ВИДЕОНИ ТОМОША ҚИЛИНГ**](https://kun.uz/kr/33988475)"
@kunuzofficial,173281,2026-08-17 13:18:59,278270,99,"**Жазирама бироз чекинади**

17–23 август кунлари қишлоқ хўжалиги учун ўтган ҳафтага нисбатан бироз енгилроқ агрометеорологик шароит шаклланади. Бироқ кундузги юқори ҳарорат, кучли шамол ва айрим ҳудудларда чанг-тўзонлар экинлар ва чорва учун иссиқлик ҳамда намлик стресси хавфини сақлаб қолади.

Ҳафта давомида кутилаётган об-ҳаво билан иқлимшунос Эркин Абдулаҳатов таништиради.

👉 https://kun.uz/kr/93409768

[Kun.uz расмий канали](https://t.me/kunuzofficial)"
@kunuzofficial,173282,2026-08-17 14:00:07,276526,314,"**Kia Ўзбекистон мустақиллигининг 35 йиллигини нишонлашга тайёргарликни бошлади**

Ўзбекистон Республикаси мустақиллигининг 35 йиллиги муносабати билан Kia компанияси Sonet ва Sportage кроссоверлари учун байрамона таклифини тайёрлади. 2026 йил 17 августдан 6 сентябргача автомобил харид қилишда фойда 10 фоизни ташкил этади.

👉 https://kun.uz/kr/25503632

Реклама"
@kunuzofficial,173283,2026-08-17 14:05:29,276780,272,"**Доллар курси 2023 йил августдан бери энг паст даражага тушди**

Ўзбекистонда долларнинг расмий курси 11 857 сўмгача пасайди. Бу 2023 йил 10 август кунидан бери қайд этилган энг паст кўрсаткич ҳисобланади.

👉 https://kun.uz/kr/74157032

[Kun.uz расмий канали](https://t.me/kunuzofficial)"
@kunuzofficial,173284,2026-08-17 14:35:31,273412,206,"**Кинога кўчган ҳаёт: фалаж бўлиб қолган рус йигитни парваришлаган турк аёл қаҳрамонлиги
**
Анталиялик Гулсум исмли аёл бир куни қариндошини кўргани касалхонага боради. Қайтишида «авария» оқибатида беҳуш бўлиб қолган, исми ҳам, ким экани ҳам, миллати-ю қаердан экани ҳам номаълум йигитни кўриб қолади. Йигитни бу аҳволда ташлаб кетиб бўлмайди деган қарорга келган Гулсум кейинчалик рус миллатига мансублиги аниқланган йигитни ўз боласидай парвариш қила бошлайди. Унга Умид деб исм қўяди... Кейинчалик бу матонат ҳикояси кинога айланади.

👉 https://kun.uz/kr/13006807

[Kun.uz расмий канали](https://t.me/kunuzofficial)"
@kunuzofficial,173285,2026-08-17 15:01:13,279967,80,"**Хоразмдаги ноёб темирйўл лойиҳаси ва муддатли тўловнинг 12 ой билан чекланиши — маҳаллий дайжест
**
▪️Президент Хоразмда аэропорт ва темирйўл бекатини боғлайдиган Ўзбекистондаги биринчи лойиҳа билан танишди.

▪️Муддатли тўлов 12 ойдан ошмайдиган бўлади.

▪️Лифтга ҳар ой техник хизмат кўрсатилиши белгиланди.

▪️Автобусда йўлкира тўламаганлик учун жарима 10 баравар оширилиши мумкин.

▪️Виза ва иш ваъдаси билан пул олган шахслар қўлга тушди.

🗓 Куннинг муҳим янгиликлари билан таништирамиз.

👉 https://kun.uz/kr/43208316

[Kun.uz расмий канали](https://t.me/kunuzofficial)"
@kunuzofficial,173286,2026-08-17 15:29:01,276824,60,"**Родри «Реал»гамас, «Барса»га ўтмоқда**

«Манчестер Сити»нинг кўп йиллик сардорини «Реал»да кутишаётганди. Футболчининг ўзи эса каталонлар клубида ўйнашни хоҳлади.

«Барселона»га Родри қанчалик керак эди ва клуб у билан қанчалик кучайиши мумкин?

👉 https://kun.uz/kr/03624374

[Kun.uz расмий канали](https://t.me/kunuzofficial)"
@kunuzofficial,173287,2026-08-17 16:04:39,287433,400,"**Автобусда йўлкира тўламай юрганларга жарима 10 бараваргача оширилиши мумкин**

2026 йилнинг 1 сентябридан автобусда йўл ҳақини тўламаганлик учун жаримани ошириш масаласи кўриб чиқиляпти. Янги тартиб тасдиқланса, биринчи марта йўлкира тўламаган йўловчига 220 минг сўм, бу ҳолат такрорланса, 440 минг сўм жарима солинади. Маълумот учун, ҳозирда автобусда чиптасиз юрганлик учун жарима БҲМнинг ўндан бир қисми — 41 200 сўмни ташкил этади.

👉 https://kun.uz/kr/55458812

[Kun.uz расмий канали](https://t.me/kunuzofficial)"
@kunuzofficial,173288,2026-08-17 16:33:38,286149,185,"**«Толибон» АҚШга Афғонистонга қайтишни таклиф қилди**

Афғонистонда ҳокимиятни эгаллаб турган «Толибон» ҳаракати АҚШ билан муносабатларни тиклашни таклиф қилди. 

Кобул Вашингтондан дипломатик алоқаларни қайта тиклаш, инвестиция киритиш ва табиий ресурсларни ўзлаштиришда иштирок этишни сўрамоқда.

👉 https://kun.uz/kr/16672375

[Kun.uz расмий канали](https://t.me/kunuzofficial)"
@kunuzofficial,173289,2026-08-17 17:04:57,285849,22,"**Трамп Эронга иқтисодий босимни оширмоқчи. Унда қандай имкониятлар бор?**

АҚШ молия вазири Теҳронга нисбатан **«илгари ҳеч қачон кўрилмаган» чоралар** жорий этилишини айтди. Бунинг ортидан президент Трамп Эронга **иқтисодий жиҳатдан «қаттиқ зарба беришга» **ваъда берди.

Reutersʼнинг таҳлилчиларга таяниб ёзишича, ушбу санкциялар **Хитой билан савдо ва Эроннинг қуруқликдаги қўшниларини** қамраб олиши мумкин. Аммо, уларнинг самарадорлиги шубҳа остида.

👉https://kun.uz/kr/48061767

[Kun.uz расмий канали](https://t.me/kunuzofficial)"
@kunuzofficial,173290,2026-08-17 17:32:45,293843,560,"**Максимал муддат 12 ой, миқдор — 110 млн сўм. Муддатли тўлов бўйича янги қоидалар
**
2027 йил 1 январдан бошлаб аҳолига товар ва хизматларни бўлиб тўлаш шарти билан сотиш тизимида янги қоидалар кучга киради. Хусусан, насия савдо фақат 12 ойгача бўлган муддатга берилади. Харид қилинаётган нарсанинг нархи эса базавий ҳисоблаш миқдорининг 250 бараваридан ошмаслиги керак. Истеъмолчига муддатли тўловни исталган вақтда қўшимча жарималар, пеня ва комиссияларсиз тўлиқ ёки қисман муддатидан олдин узиш ҳуқуқи берилади.

👉 https://kun.uz/kr/21474965

[Kun.uz расмий канали](https://t.me/kunuzofficial)"
@kunuzofficial,173291,2026-08-17 18:10:04,291299,204,"**Эрон каттароқ урушга тайёрланмоқда – ОАВ**

🔘 Америка нашрлари араб давлатлари разведка маълумотларидан бохабар манбаларига таяниб ёзишича, Эрон каттароқ урушга тайёргарликни бошлаб юборган.

🔘 Теҳрон Трамп тинчлик исташига ишонмаяпти. Муҳофизлар корпусига армия устидан назорат тақдим этилган. Ироқ уруши фахрийлари ҳарбий лавозимларга қўйилган.

🔘 «Америка билан ярим йилдан буён урушаётган» Эрон янада катта урушга тайёрланаётгани Теҳрон урушдан олдинги бошқарув тузумини сақлаб қолганидан [далолат](https://kun.uz/kr/68666078).

[📹 **БАТАФСИЛ YOUTUBE'ДА КЎРИНГ**](https://youtu.be/RhA84jNKjDM)"
@kunuzofficial,173292,2026-08-18 04:00:35,273067,79,"**📚 Ucell’дан “Салом Мактаб” акцияси!**

Ўқув йилини фойдали смартфон тўпламлари билан бошланг:

✔️ Honor X7e + Honor X6c + “BOR 70” тарифи
✔️ Tecno Spark 50 + Tecno Go 3 + “BOR 70” тарифи

❕ Асосий смартфон учун тариф 3 ой, қўшимча смартфон учун эса 1 ой абонент тўловисиз тақдим этилади.

Шунингдек, қуйидаги тўпламлар ҳам мавжуд:

– Honor X6e + Earbuds X7 Pro;
– Honor X6e + Headphones Pro;
– Redmi А7 Pro + Buds 8 Lite.

Акция 2026 йил 17 августдан 17 октябргача амал қилади.

Тарифлар фақат Ucell офисларида янги уланишлар учун амал қилади.

👉 [Батафсил](https://ucell.uz/ru/services/salom_maktab_2026?utm_source=Kun_uz_Rasmiy_kanal_10_min_top_ru&utm_medium=_cpp&utm_campaign=SALOM_MAKTAB_2026_Kun_uz_Rasmiy_kanal_10_min_top_ru_cpp)

Реклама"
@kunuzofficial,173293,2026-08-18 04:12:01,255365,61,"**Москва ва Боку ўртасидаги кескинлик: диаспора раҳбари депортация қилинди, уч россиялик қидирувга берилди**

Озарбойжон Россиянинг уч нафар фуқаросини сиртдан ҳибсга олиб, қидирувга берди, Москвадаги Озарбойжон диаспораси раҳбари Бахтиёр Гасанов Россиядан депортация қилинди.

Гасанов 2025 йилда Россия фуқаролигидан маҳрум этилганди. У июн ойида қўлга олиниб, мигрантларни вақтинча сақлаш марказига жойлаштирилган.

👉 https://kun.uz/kr/48174845

[Kun.uz расмий канали](https://t.me/kunuzofficial)"
@kunuzofficial,173294,2026-08-18 05:02:11,260793,226,"**Орол денгизи ҳавога юз миллионлаб тонна CO₂ чиқармоқда
**
Қуруқликдаги чўкиндилар ҳаво билан алоқага кириша бошлади, улардаги углерод эса аста-секин атмосферага қайтмоқда.

Тадқиқотчиларнинг ҳисоблашича, 1960 йиллардан буён қуриган денгиз тубидан атмосферага тахминан 748 миллион тонна карбонат ангидрид чиққан бўлиши мумкин, деб ёзди NG24. Таъкидланишича, Орол денгизи кўп йиллар давомида углероднинг табиий омбори бўлиб келган. Ўсимликлар ва организмлар нобуд бўлгач, сув ҳавзасида ҳосил бўлган органик моддалар тубига чўкиб, чўкиндиларда тўпланган.

👉 https://kun.uz/kr/20017260

[Kun.uz расмий канали](https://t.me/kunuzofficial)"
@kunuzofficial,173295,2026-08-18 05:11:41,250366,136,"**Бироздан сўнг Президентнинг тадбиркорлар билан VI очиқ мулоқоти бошланади**

Тадбирда 500 нафарга яқин тадбиркор бевосита, илк бор туманлардаги студиялардан яна 25 мингга яқин бизнес вакиллари иштирок этиши кутилмоқда.

[Kun.uz расмий канали](https://t.me/kunuzofficial)"
@kunuzofficial,173296,2026-08-18 05:34:56,266792,1934,"**1-босқич талабалари учун ётоқхонага ариза бериш бошланди**

2026-2027 ўқув йилида ОТМнинг 1-босқичига тавсия этилган абитуриентлар учун талабалар турар жойига жойлашиш бўйича ариза топшириш хизмати ишга туширилди. 

Аризалар 18 августдан Давлат хизматлари марказлари ёки my.gov.uz портали орқали қабул қилинади.

👉 https://kun.uz/kr/71625135

[Kun.uz расмий канали](https://t.me/kunuzofficial)"
@kunuzofficial,173297,2026-08-18 06:02:03,245936,685,"**Тошкентда 7 ойлик психолог мутахассислигига тайёрлов курсига қабул бошланди**

Ўзбекистон миллий педагогика университети ҳузуридаги Психология ўқув-илмий маркази 7 ойлик қайта тайёрлов курсидан сўнг давлат намунасидаги диплом билан расмий психолог сифатида иш бошлаш имкониятини таклиф этмоқда.

👉 https://kun.uz/kr/44434750 

Реклама"
@kunuzofficial,173298,2026-08-18 06:08:25,240280,93,"**Шавкат Мирзиёев бизнес ҳамжамиятни Тадбиркорлар куни билан табриклади**

Давлат раҳбарининг тадбиркорлар билан бу йилги очиқ мулоқоти Хоразмда бўлиб ўтмоқда.

“Бугун тадбиркорларимиз “бизнесни бошлаш” босқичидан “капитални кўпайтириш” босқичига ўтяпти”, – деди президент.

👉 https://kun.uz/kr/16172501

[Kun.uz расмий канали](https://t.me/kunuzofficial)"
@kunuzofficial,173299,2026-08-18 06:40:13,238167,118,"**Ўзбекистонга пул ўтказмалари Буюк Британиядан 62 фоизга, АҚШдан 19 фоизга ўсди**

2026 йил биринчи ярим йилликда Ўзбекистонга пул ўтказмалари ҳажми 9,3 млрд АҚШ долларини ташкил этди ва ўтган йилнинг мос даврига нисбатан 13 фоизга ошди. 

Хусусан, бу даврда Қозоғистондан 469 млн долларлик, АҚШдан 372 млн долларлик, Жанубий Кореядан 314 млн долларлик, Туркиядан эса 303 млн долларлик ўтказмалар амалга оширилди.

👉 https://kun.uz/kr/38725851

[Kun.uz расмий канали](https://t.me/kunuzofficial)"
@kunuzofficial,173300,2026-08-18 06:52:58,233904,97,"**Президент 2026 йил бошидан бери тадбиркорлар учун яратилган янги имкониятларни санаб ўтди
**
Жорий йилда кооперация, давлат хариди, стандарт, озиқ-овқат хавфсизлиги ва урбанизация соҳаларида институционал ўзгаришлар қилинди.

Солиқ сиёсатида ҚҚСга ўтиш чегараси оширилди, кафе ва ресторанларга 100 млрд сўм кешбэк қайтарилди, ҚҚСнинг нол ставкаси ҳисобига 400 млрд сўм фермерлар ҳисобида қолди.

Шунингдек, ташқи савдони эркинлаштириш ва транспорт-логистика соҳасида қатор янгиликлар бўлди.

👉 https://kun.uz/kr/69905959

[Kun.uz расмий канали](https://t.me/kunuzofficial)"
@kunuzofficial,173301,2026-08-18 07:05:26,233169,173,"**Бизнеснинг ҳар бир босқичига мос яхлит экотизим яратилади – президент**

Янги тадбиркорлар учун “Бизнес старт”, ишлаб чиқаришни йўлга қўйганлар учун “Бизнес лифт”, янги ўсиш босқичига ўтаётганлар учун “Бизнес юксалиш” дастурлари жорий этилади.

“Тадбиркорга кредит бериш эмас, уни биринчи қадамидан катта бизнесга айлангунича бошидан охиригача қўллаб-қувватлайдиган комплекс тизим яратамиз”, – деди Шавкат Мирзиёев.

Гаров таъминоти бўйича “контр-кафолат” тизими жорий этилади. Бунда 10 миллиард сўмгача кредитда тадбиркорнинг ўзига 25 фоиз гаров топиш кифоя қилади.

👉 https://kun.uz/kr/77433039

[Kun.uz расмий канали](https://t.me/kunuzofficial)"
@kunuzofficial,173302,2026-08-18 07:21:39,235193,465,"**Давлат мулки харидорларига чегирма берилади

**Давлат активини сотиб олишда аванс тўлови 30 фоиздан 15 фоизга туширилади. Олти ойда тўлиқ тўлов қилганларга 25 фоиз чегирма берилади. Сумманинг ярмини тўлаган тадбиркор қолганини 7 йилда фоизсиз бўлиб тўлаши мумкин бўлади.

Банклар балансидаги 9 триллион сўмлик 2,5 мингта мулкни чегирмали нархда, бошланғич тўловсиз ва фоизсиз бўлиб тўлаш шарти билан сотишга рухсат берилади, харидор бир йил ер ва мулк солиғини тўламайди.

Шунингдек, аукционда ер сотиб олган тадбиркор қурилишни бошлаш учун ҳужжат йиғиб юрмайди: ҳокимлар ерни “тайёр пакет” шаклида савдога чиқаради.

👉 https://kun.uz/kr/82438114

[Kun.uz расмий канали](https://t.me/kunuzofficial)"
@kunuzofficial,173303,2026-08-18 07:23:25,239117,930,"**Бизнеснинг электр ва газ учун олдиндан тўлови 15 фоизга туширилади
**
Кўп тадбиркорлар электр энергияси ва газ учун 100 фоиз олдиндан тўлов қилиш айланма маблағни қисқартираётганини билдирган.

Энди АСКУЭ ва АСКУГ тизимига уланган, тўлов интизомини бузмаган корхоналар учун аванс 15 фоиз бўлади.

👉 https://kun.uz/kr/86003568

[Kun.uz расмий канали](https://t.me/kunuzofficial)"
@kunuzofficial,173304,2026-08-18 08:03:15,249187,383,"**Корхоналарга сунъий интеллект жорий қилиш харажатининг 50 фоизи қоплаб берилади
**
Ўзбекистонда “10 минг корхона учун – сунъий интеллект ҳамкор” дастури бошланади. Дастур доирасида корхоналарга сунъий интеллект жорий қилиш харажатининг 50 фоизи компенсация қилинади.

Шунингдек, тадбиркорлар фойдаланиши учун тайёр СИ дастурлари очиқ платформага жойлаштирилади.

Янги маҳсулот учун СИ моделини яратишда Ўзбекистондаги биринчи суперкомпютердан бепул фойдаланиш имкони берилади. Илмий-тадқиқот харажатлари ҳам бюджетдан қопланади.

👉 https://kun.uz/kr/38834706

[Kun.uz расмий канали](https://t.me/kunuzofficial)"
@kunuzofficial,173305,2026-08-18 08:43:46,235937,689,"**Кичик бизнесни текширишга мораторий эълон қилинади
**
Кичик бизнесда инсон соғлиғи ва бошқа тадбиркорлар манфаатига зарар етказиш билан боғлиқ бўлмаган ҳар қандай текшириш учун уч йил муддатга мораторий эълон қилинади.

“Бир нарсани тушуниш керак: хотиржамлик бўлмаган жойда эркинлик ҳам, ривожланиш ва янгиликка интилиш ҳам бўлмайди”, – деди президент.

Ўрта ва йирик тадбиркор ўз корхонасини ихтиёрий профилактик аудитдан ўтказса, унинг хулосасини солиқ органи тан олади. Камчиликни бартараф қилган тадбиркор жаримага тортилмайди, бир йилда такрорий текширув эса фақат Бизнес-омбудсман рухсати билан ўтказилади.

👉 https://kun.uz/kr/35613574

[Kun.uz расмий канали](https://t.me/kunuzofficial)"
@kunuzofficial,173306,2026-08-18 08:49:44,236166,289,"**Бизнес учун жарималар ўртача 2 баробарга камайтирилади**

“Жарима маблағ йиғиш учун эмас, соҳада тартиб-интизом ва профилактика учун хизмат қилиши керак”, – деди президент.

Айрим идораларда жаримадан тушган маблағнинг бир қисми ўзида қолиши “текширса – қўрқади, қўрқса – тўлайди” деган нотўғри ёндашувни келтириб чиқараётгани танқид қилинди.

👉 https://kun.uz/kr/18894375

[Kun.uz расмий канали](https://t.me/kunuzofficial)"
@kunuzofficial,173307,2026-08-18 09:04:05,238425,445,"**Ўз вақтида кўриб чиқилмаган аризалар автоматик равишда тадбиркор фойдасига ҳал бўлади
**
Тадбиркорликка оид давлат хизматларининг 50 фоизи “сукут – розилик” тамойилига ўтказилади. Яъни ариза белгиланган муддатда кўриб чиқилмаса, у автоматик равишда тадбиркор фойдасига ҳал қилинган ҳисобланади.

Озиқ-овқат экспорти учун талаб этиладиган ветеринария, санитария ва фитосанитария рухсатномаларининг ўрнига ягона “Саломатлик сертификати” берилади.

👉 https://kun.uz/kr/17798597

[Kun.uz расмий канали](https://t.me/kunuzofficial)"
@kunuzofficial,173309,2026-08-18 09:09:54,238340,60,"**АҚШдан кейинги Афғонистон ва «Толибон»нинг ички зиддиятлари | «Геосиёсат»**
 
Толибон Афғонистонда ҳокимиятни эгаллаганига беш йил бўлди. Бу даврда мамлакатда ички хавфсизлик нисбатан барқарорлашган бўлса-да, чуқур иқтисодий муаммолар сақланиб қоляпти. Инсон ҳуқуқларининг чекланиши сабаб халқаро тан олиниш масаласи ҳануз очиқ қолмоқда.

«Толибон» ичидаги ғоявий қарама-қаршиликлар, террорчи гуруҳлар таҳдиди ва ташқи кучларнинг турли манфаатлари Афғонистонга чақириқлар яратяпти. Марказий Осиё давлатлари учун эса хавфсизлик, сув ресурслари ва иқтисодий манфаатлар устувор масала бўлиб қоляпти.

📱 [**Telegram'да кўриш**](https://t.me/kunuzofficial?livestream)

📱[ **YouTube'да кўриш**](https://youtu.be/XrtD_MbyNyE)"
@kunuzofficial,173310,2026-08-18 09:33:53,256654,317,"**ОЧЛ саралаши. Роналду Тошкентга, Бензема Фарғонага келиши мумкин**

«Пахтакор» ҳам, «Нефтчи» ҳам Саудиянинг 5 тадан клубига қарши ўйин ўтказади.

👉 https://kun.uz/kr/64676929

[Kun.uz расмий канали](https://t.me/kunuzofficial)"
@kunuzofficial,173312,2026-08-18 10:04:33,245953,47,"**Лев Шлосберг 11 йилга қамалди. Россияда урушга қарши позиция учун шунча муддат берилмоқда.**

«Яблоко» партияси раиси ўринбосари Лев Шлосберг 2025 йил июнида «Одноклассники»даги саҳифасига Россия-Украина уруши мавзусидаги дебат видеосини қўйгани учун Россия армиясини «обрўсизлантириш»да айбланганди.

Шунингдек, 2022 йил 25 феврал куни Daily Mirror газетасининг Путин тасвири туширилган муқоваси акс этган постни ўз телеграм-каналида репост қилгани учун унга нисбатан 2025 йил 3 декабрида «фейк хабарлар» ҳақидаги модда бўйича жиноий иш қўзғатилган ва кўп ўтмай у қамоққа олинганди. Ҳолбуки у бу ишни содир этганида «фейк хабарлар» ҳақидаги қонуннинг ўзи бўлмаган.

👉 https://kun.uz/kr/13217575

[Kun.uz расмий канали](https://t.me/kunuzofficial)"
@kunuzofficial,173313,2026-08-18 10:35:10,238520,246,"**Экспорт бўйича валюта талаблари юмшатилади**

Товар учун тўлов келмаган бўлса ҳам экспортга чеклов бекор қилинади, инвойсда 50 фоиз олдиндан тушум талаби олиб ташланади. Савдо уйлари ва дистрибюторлар орқали экспортда валюта тушумини таъминлаш муддати 180 кундан 365 кунга узайтирилади.

Ташқи бозорга чиқишнинг барча босқичларида комплекс хизмат кўрсатадиган “экспорт навигатор” тизими йўлга қўйилади. 25 та давлатда “экспорт элчилари” иш бошлайди.

👉 https://kun.uz/kr/78423718

[Kun.uz расмий канали](https://t.me/kunuzofficial)"
@kunuzofficial,173315,2026-08-18 11:01:28,239617,59,"**«Ҳужумкор» позицияга ўтган Эрон ва урушга қаршиларни қамаётган Россия – кун дайжести
**
• АҚШ билан музокара ҳаракатлари тўхтагани туфайли Эрон «тўлиқ ҳужумкор» ҳарбий позицияга ўтмоқда;

• Доналд Трамп, агар АҚШнинг Кўрфаздаги қамалига тўсқинлик қилса, Ўмон султонлигига ҳам зарба бериш билан таҳдид қилди;

• Урушни «Россия учун ҳалокат», деб атаган «Яблоко» партияси аъзоси Лев Шлосберг 11 йилга ахлоқ тузатиш колониясига ҳукм қилинди;

• Жаред Кушнер Ҳамас расмийлари билан учрашувдан кейин Қуддусда Исроил бош вазири билан ҳам учрашув ўтказди;

• Филиппинда юқори синф ўқувчиси жонли эфирда отишма уюштириб, мактабдошини ва ўзини ўлдирди;

• Европанинг қатор давлатларида ўт ўчирувчилар ҳамон ўрмон ёнғинларига қарши курашмоқда.

👉 https://kun.uz/kr/41795284

[Kun.uz расмий канали](https://t.me/kunuzofficial)"
@kunuzofficial,173316,2026-08-18 11:35:11,236329,481,"**Мандат натижалари: ўтиш баллари ошди, 209 мингдан ортиқ абитуриент талабаликка тавсия этилди
**
2026/2027 ўқув йили учун олий таълим муассасалари бакалавриатига давлат гранти бўйича ўртача ўтиш балли 134,6 баллни, тўлов-контракт бўйича эса 93,7 баллни ташкил этди. 

Ўтган йил билан солиштирганда грант бўйича ўртача ўтиш бали 12,8 баллга, контракт бўйича эса 8,8 баллга ошган.

👉 https://kun.uz/kr/16923797

[Kun.uz расмий канали](https://t.me/kunuzofficial)"
@kunuzofficial,173317,2026-08-18 12:04:10,237710,694,"**🎓 Тошкент давлат транспорт университетида қўшма таълим дастурлари учун қабул бошланди**

Тошкент давлат транспорт университетида **Россия Федерацияси, Беларус Республикаси, Туркия, Хитой, Жанубий Корея **ва** Франциянинг** етакчи олий таълим муассасалари билан ҳамкорликда 2026–2027 ўқув йили учун (Double degree) [қўшма таълим дастурлари](https://tstu.uz/uz/page/95) бўйича ҳужжат қабул қилиш бошланди.

[📩 Рўйхатдан ўтиш](https://admission.tstu.uz/joint)

☎️ Мурожаат учун:
+998887334544
+998712937017

Университет расмий саҳифалари:
🌐 [TSTU.uz ](https://tstu.uz/)| ✅[Telegram](https://t.me/tstu_official) |  🌐[Instagram](https://www.instagram.com/tstu_officialpage) |[✅Facebook](http://facebook.com/tstu.official) |[ 📹YouTube](http://youtube.com/channel/UCnqWO7QMu5FZrPQkRk2hTXg) | [✈️News](https://t.me/tstu_news)

Реклама"
@kunuzofficial,173318,2026-08-18 12:16:01,236259,271,"**Тадбиркорлар хусусий техникум очишга рағбатлантирилади
**
Техникум ташкил қиладиган ёки давлат техникумини олиб халқаро стандарт асосида кадр тайёрлайдиган тадбиркорларнинг харажатлари солиғидан чегириб берилади. Бу орқали 1 миллион ёшни замонавий касбларга ўргатиб, ишга жойлаштириш мақсад қилинган.

Шунингдек, юқори технологик инвестиция лойиҳаларида кадр тайёрлаш компоненти бўлиши талаб этилади.

👉 https://kun.uz/kr/64449705

[Kun.uz расмий канали](https://t.me/kunuzofficial)"
@kunuzofficial,173319,2026-08-18 12:40:20,237658,62,"**Давлат хусусий корхоналарга ҳам IPO'га чиқишга кўмаклашади

**Маҳаллий корхоналарни капитал бозорига олиб чиқиш учун нуфузли инвестиция банклари билан акселерация дастури йўлга қўйилади.

Ҳар йили даромади 1 триллион сўмдан юқори бўлган 50 та корхона танлаб олиниб, уларни IPO'га тайёрлаш, ҳисоботларини халқаро стандартларга мослаштириш харажатининг ярми қоплаб берилади.

👉 https://kun.uz/kr/52610961

[Kun.uz расмий канали](https://t.me/kunuzofficial)"
@kunuzofficial,173321,2026-08-18 13:03:06,227553,168,"**Президент «Урганч – Хива» пулли автомобил йўли билан танишди. Бу – Ўзбекистондаги илк пулли йўл ҳисобланади**

Янги магистрал Урганч ва Хива ўртасидаги қатновларни янада тезлаштириш ва қулайлаштириш, сайёҳлар учун транспорт имкониятларини кенгайтириш ҳамда ҳудуднинг йўл инфратузилмасини ривожлантиришга хизмат қилади.

👉 https://kun.uz/kr/22524551

[Kun.uz расмий канали](https://t.me/kunuzofficial)"
@kunuzofficial,173325,2026-08-18 13:40:13,237805,392,"**Меҳмонхоналар учун имтиёзлар муддати узайтирилади
**
Уч, тўрт ва беш юлдузли меҳмонхона қуриш учун субсидия бериш муддати яна икки йилга узайтирилади. Субсидия учун меҳмонхона “юлдузи”ни тасдиқлашда хорижий компания хулосасини талаб қилиш амалиёти бекор қилинади.

Меҳмонхоналар учун ер ва мулк солиғини 10 баробар кам ставкада тўлаш имтиёзи 2030 йилгача узайтирилади.

Туроператорлар хорижлик туристларга кўрсатган хизмати ҚҚСдан озод қилинади. Туристик автобуслар импортида утилизация йиғими ундирилмайди.

👉 https://kun.uz/kr/65276704

[Kun.uz расмий канали](https://t.me/kunuzofficial)"
@kunuzofficial,173326,2026-08-18 14:00:14,248300,319,"**All-New Li L9 энди Ўзбекистонда** 🚀

**1 370 км** юриш масофаси – шундан **350 км соф электр қувватида. 800V** платформа, бошқарилувчи орқа ғилдираклар, **29″ экран ва бортда** Yandex: Хариталар, Мусиқа, Kinopoisk. Иссиқ иқлим ва йўлларимиз учун яратилган флагман.

**L9 Ultra – 1 099 900 000 сўм
L9 Livis – 1 299 900 000 сўм**

**30 сентябргача –39 900 000 сўм фойда** ва илк эгалари учун махсус имтиёзлар.

Автосалонлар: Тошкент, Самарқанд, Бухоро. Расмий кафолат, OTA-янгиланишлар.

**5 000+ оила аллақачон Li Auto’ни танлади.**

[Тест-драйвга ёзилинг](https://www.liauto.com/uz_uz/drive/reserve.html?transparent=2&carModel=L9)

Реклама"
@kunuzofficial,173327,2026-08-18 14:12:01,250921,86,"**“Чиқиб кетишига икки қадам қолганди”: 32 ёшли қутқарувчининг сўнгги жасорати**

15 август куни Тошкент шаҳри Учтепа туманидаги хонадонда ёнғин содир бўлди. Одамларни қутқариш ва ёнғинни бартараф этиш вақтида ФВВ Махсус қутқарув батальони гуруҳ командири, капитан Бобурмирзо Пардаев ҳалок бўлди. Cафдошлари уни хавфли вазиятларда ортга чекинмаган, ўз касбига фидойи қутқарувчи сифатида эслашмоқда. 

Қутқарувчининг сўнгги хизмати ҳақида — Kun.uz материалида.

[**📹 ВИДЕОНИ ТОМОША ҚИЛИНГ**](https://kun.uz/kr/41096727)"
@kunuzofficial,173329,2026-08-18 14:45:29,249278,560,"**Ўзбекистонда хусусийлаштириш натижалари қайта кўриб чиқилмаслиги белгиланди
**
17 август куни имзоланган қонун билан, Ўзбекистон Республикасининг учта қонунига айнан бир хил қўшимча киритилди: хусусийлаштириш натижаларини қайта кўриб чиқиш, ҳақиқий эмас деб топиш ва бекор қилиш масалалари юзасидан ташаббус билан чиқиш хусусий мулкнинг дахлсизлигини бузиш деб баҳоланади ҳамда бундай ишлар кўриб чиқиш учун қабул қилинмайди.

👉 https://kun.uz/kr/23690623

[Kun.uz расмий канали](https://t.me/kunuzofficial)"
@kunuzofficial,173330,2026-08-18 15:10:48,260052,770,"**Қурувчи уйни харидорга «рассрочка»га сотиши тақиқланмайди — Адлия вазирлиги**

Насия савдо хизматларини тартибга солувчи янги қарорда кўчмас мулк муддатли тўлов хизмати объекти бўлиши мумкин эмаслиги белгиланганди. Адлия вазирлигининг изоҳлашича, бу қурувчи ўзи қурган уйни харидорга бевосита бўлиб-бўлиб тўлаш шарти билан сотишига тўсқинлик қилмайди.

👉 https://kun.uz/kr/24984551

[Kun.uz расмий канали](https://t.me/kunuzofficial)"
@kunuzofficial,173331,2026-08-18 15:35:15,246838,16,"**Ҳафтанинг асосий 10 трансфери: «ПСЖ» янада кучаймоқда, «Челси» қозоқ ҳужумчисини ижарага бериб юборди**

Туркия клублари номдор ҳужумчиларни қўлга киритмоқда.

👉 https://kun.uz/kr/07682493

[Kun.uz расмий канали](https://t.me/kunuzofficial)"
@kunuzofficial,173332,2026-08-18 16:00:51,259247,69,"**Тадбиркорлар учун енгилликлар ва долларнинг сўнгги 3 йилдаги энг паст қиймати — маҳаллий дайжест 
**
▪️Шавкат Мирзиёев тадбиркорлар билан анъанавий очиқ мулоқотни ўтказди ва кўплаб янги имтиёзлар ва енгилликларни эълон қилди.

▪️Тест якунлари: ўтиш баллари ошди, 209 мингдан ортиқ абитуриент талабаликка тавсия этилди.

▪️1-курс талабалари учун ётоқхонага ариза қабул қилиш бошланди.

▪️Хивада Конгресс-ҳолл ва «Хива Ичан қалъа» қабуллар уйи очилди.

▪️Доллар курси 2023 йил августдан бери энг паст даражага тушди.

🗓 Куннинг муҳим янгиликлари билан таништирамиз.

👉 https://kun.uz/kr/70935657

[Kun.uz расмий канали](https://t.me/kunuzofficial)"
@kunuzofficial,173333,2026-08-18 16:20:11,259331,548,"**Ўзбекистонлик талаба тажрибаси: Жанубий Корея университетига тўлиқ грант асосида қандай кириш мумкин?**

Самарқандлик Севинч Алибекова Американинг бир нечта университетига ҳужжат топширди, аммо ҳеч биридан тўлиқ грант ололмади. Шундан сўнг у Сеулдаги Korea University’га ҳужжат топширди ва университетнинг ўзи унга бакалавриатнинг тўрт йили учун 40 минг долларлик тўлиқ стипендия таклиф қилди.

👉 https://kun.uz/kr/23466159

[Kun.uz расмий канали](https://t.me/kunuzofficial)"
@kunuzofficial,173334,2026-08-18 17:01:34,257196,146,"**Трамп Ҳўрмуз бўғозини АҚШ ҳудуди деб эълон қилди**

Трамп ўзининг TruthSocial саҳифасида «АҚШ янги ҳудуди» деган ёзув билан Ҳўрмуз бўғози харитасини эълон қилди. Эрон ТИВ Америка президенти адашаётганини ва Теҳрон буни тез орада тузатишини маълум қилди.

👉 https://kun.uz/kr/89923265

[Kun.uz расмий канали](https://t.me/kunuzofficial)"
@kunuzofficial,173335,2026-08-18 17:32:59,275758,694,"**«Қурол сотувчилар ўз болаларига миналар бермайди» – Кремний водийсидаги раҳбарлар қандай қилиб фарзандларини технологиялардан асрамоқда?**

Америкадаги IT гигантларнинг асосчилари ўз оилалари ҳақида гапирганда технологияларга нисбатан эҳтиёткорликни очиқ намоён қилади. Уларнинг фарзандлари учун технологиялар – ўқитувчи, энага, чалғитувчи ёки доимий ҳамроҳ эмас. **Технология уларнинг ҳаётида деярли йўқдек. **Болаларнинг зерикиши эса ижобий баҳоланади.

Ижтимоий тармоқлар асосчиларининг кўпчилигида фарзандлари учун **экран вақти «деярли нолга» тенг **ёки жуда кам. Айни пайтда Google бош қароргоҳидан яқинида **«телефонлар тақиқланган ва машинали ўқитиш минимал даражага туширилган» мактаб **ҳам ишлаб турибди.

👉https://kun.uz/kr/81810410

[Kun.uz расмий канали](https://t.me/kunuzofficial)"
@kunuzofficial,173336,2026-08-18 18:01:36,268224,83,"**Пулли йўллар: Марказий Осиё ва Россияда вазият қандай?**

🛣 Ўзбекистонда илк пулли йўл очилмоқда. Яқин келажакда мамлакатда минг километрлаб шундай йўллар пайдо бўлади.

🛣 Марказий Осиёнинг биздан бошқа барча давлатларида пулли йўл бор. Биринчи бўлиб Тожикистон бундай йўл қурганди.

🛣 Минтақадаги энг арзон пулли йўллар Қозоғистонда. Россияда бундай йўллар нархи бизнинг минтақа билан солиштирганда анча баланд.

[**📹 БАТАФСИЛ YOUTUBE'ДА КЎРИНГ**](https://youtu.be/Y_S7Gn3v9Po)"
@kunuzofficial,173337,2026-08-18 18:35:37,279673,535,"**Тошкентда такси ҳайдовчиси калтакланиб, шифохонага** **ётқизилди: можаро қандай бошланган?**

17 август куни Тошкентда 27 ёшли такси ҳайдовчиси Ёқуббек Жўрабоев ва йўловчи аёл ўртасида чиққан оғзаки тортишув жанжалга айланган. 

Тармоққа жойлаган видеода кўринишича, низо йўловчи болакайнинг ўриндиқни тепишига ҳайдовчи танбеҳ бериши ортидан келиб чиққан.

Йўловчи аёл воқеа жойига яқинларини чақирган ва уларга ""ҳайдовчи жинсий алоқа қилишни таклиф қилиб, шилқимлик қилган""ини айтган. Шундан сўнг вазият янада чигаллашган. 

Kun.uz воқеа тафсилотларини ўрганди.

👉 https://kun.uz/kr/30958941

[Kun.uz расмий канали](https://t.me/kunuzofficial)"
@kunuzofficial,173338,2026-08-18 19:33:00,278975,381,"**Нега Ўзбекистонда машиналар арзонлай бошлади?
**
Уч йил ичида Ўзбекистонда фойдаланилган автомобиллар нархи қарийб 30 фоизга арзонлашди. Ўн минглаб эълонлар таҳлили гап фақат машиналарнинг ёшида эмаслигини кўрсатмоқда. Автомобил танқислигининг нархи ўзгарди.

👉 https://kun.uz/kr/83121591

[Kun.uz расмий канали](https://t.me/kunuzofficial)"
@kunuzofficial,173339,2026-08-19 02:52:44,272295,300,"**Тадбиркорлар билан очиқ мулоқот: бизнес учун нималар ўзгаради?
**
18 август куни Президент Шавкат Мирзиёевнинг тадбиркорлар билан 6-очиқ мулоқоти бўлиб ўтди. Унда қарийб 500 нафар тадбиркор бевосита, яна 25 мингга яқин бизнес вакили ҳудудлардаги студиялар орқали қатнашди. Эълон қилинган энг муҳим янгиликлар — электр ва газ учун олдиндан тўлов миқдори тўлов интизомини бузмаган корхоналар учун 100 фоиздан 15 фоизгача пасайтирилиши, текширувларга 3 йиллик мораторий эълон қилиниши, молиявий жарималар миқдори ўртача икки баробар камайтирилиши ва давлат хизматларида “сукут - розилик” тамойилининг йўлга қўйилиши кабилар бўлди.

[**📹 ВИДЕОНИ ТОМОША ҚИЛИНГ**](https://kun.uz/kr/66237570)"
@kunuzofficial,173340,2026-08-19 04:08:47,262082,208,"**Кафедаги газбаллон портлаган: Намангандаги қурилиш моллари бозорида ёнғин ҳақида нималар маълум?**

18 август куни Наманган тумани Мингчинор маҳалласида жойлашган қурилиш моллари бозорида йирик ёнғин содир бўлди.

👉 https://kun.uz/kr/59591110

[Kun.uz расмий канали](https://t.me/kunuzofficial)"
@kunuzofficial,173341,2026-08-19 04:59:58,257376,84,"**Трамп Ким Чен Ин билан ярашмоқчи, Сеул эса хавотирда
**
АҚШ президенти Доналд Трамп Жанубий Корея билан қўшма ҳарбий машғулотлар кўламини сезиларли даражада қисқартиришга қарор қилди ва Шимолий Корея етакчиси Ким Чен Инга тинчлик келишувини таклиф этди. 

Бу қадамлар Сеулда АҚШ билан ҳарбий иттифоқ келажаги ва Шарқий Осиёдаги хавфсизлик вазияти юзасидан хавотирларни кучайтирди.

👉 https://kun.uz/kr/29262232

[Kun.uz расмий канали](https://t.me/kunuzofficial)"
@kunuzofficial,173342,2026-08-19 05:59:58,252402,108,"**Мустақилликнинг 35 йиллиги — Chery'дан махсус таклиф**

Мустақиллик куни муносабати билан Chery Tiggo 7 Pro ва Arrizo 6 Pro'да икки хил имконият: бошланғич тўлов 35% ва 35 ой муддатли тўлов дастури ёки тўғридан-тўғри харидда — 35 млн сўм фойда.

👉 https://kun.uz/kr/50361838

Реклама"
@kunuzofficial,173343,2026-08-19 06:05:58,262087,168,"**«Росатом»нинг Мисрдаги лойиҳаси: нуқсонлар, кечикишлар ва хавфсизлик муаммоси**

«Росатом» Мисрдаги АЭС қурилишида жиддий камчиликларга йўл қўйганликда айбланяпти. Хусусан, «Эл-Дабаа» мажмуасидаги 1-, 2- ва 3-энергоблоклар пойдевор плиталаридаги нуқсонларни бартараф этиш учун бир йил вақт сарфланган, 4-блок бетонида эса бўшлиқлар аниқланган. 

Шунингдек, Россия корпорацияси қурилишнинг ярмидан кўпи якунланганини кўрсатиш мақсадида «чалғитувчи усуллар»дан фойдаланган.

👉 https://kun.uz/kr/30697067

[Kun.uz расмий канали](https://t.me/kunuzofficial)"
@kunuzofficial,173344,2026-08-19 06:45:01,262196,45,"**«Барселона» – биринчи танловим эди». Родри «Реал»дан ҳам таклиф бўлгани ҳақида
**
Амалдаги жаҳон чемпиони ва «Олтин тўп» соҳиби Ла лигага қайтди ва каталонияликлар билан тўрт йиллик шартнома тузди[.](https://kun.uz/kr/61747129)

Ёзги трансферлар бошида ушбу Родри учун «Реал» даъвогар ҳисобланаётганди. Аммо «Барселона» курашга қўшилгач, футболчи ушбу клубни танлади.

Бу ҳақда у таништирув маросимида ҳам тўхталди: «Бу тўғри, мен учун яна бир таклиф келиб тушганди, аммо «Барселона» менинг биринчи танловим эди. Раҳбариятга ҳам шуни айтдим».
👉 https://kun.uz/kr/61747129

__Родри «Барса»га қанчалик кераклиги ва бу клуб ўйинини қанчалик кучайтира олиши мумкинлиги ҳақида __[__ушбу мақолада__](https://kun.uz/kr/03624374)__ ўқиш мумкин.__

[Kun.uz расмий канали](https://t.me/kunuzofficial)"
@kunuzofficial,173345,2026-08-19 07:09:44,263977,270,"**Тошкент вилоятида Spark ағдарилиши оқибатида ота ва бола вафот этди**

Тошкент вилоятининг Қорасув–Бўка–Бекобод автомобил йўлида Spark йўл чеккасига ағдарилиши оқибатида икки киши – ота ва унинг 5 ёшли ўғли ҳалок бўлди.

Ижтимоий тармоқларда тарқалган видеода Spark қувиб ўтиш манёврини амалга оширмоқчи бўлганида Cobalt унинг йўлини сиқиб чиққани, натижада Spark қарама-қарши йўлга чиқиб кетиб, ағдарилгани, Cobalt эса воқеа жойидан кетиб қолганини кўриш мумкин. Cobalt ҳайдовчиси қўлга олинган.

👉 https://kun.uz/kr/00112438

[Kun.uz расмий канали](https://t.me/kunuzofficial)"
@kunuzofficial,173346,2026-08-19 08:03:43,314335,2735,"**Сертификатга эга абитуриентларга максимал балл бериш тизими қайта кўриб чиқилмоқда
**
Олий таълим вазирлиги ва Билимни баҳолаш агентлиги олийгоҳларга қабулда миллий сертификатга эга абитуриентларга максимал балл бериш тизими қанчалик тўғрилигини кўриб чиқяпти. Чунки битта жойга жуда кўп абитуриентларнинг тиқилиб қолиши ва бошқа масалалар юзага келган.

Сертификат олувчилар йилдан йилга ошиб боряпти ва бир неча йилдан кейин уларнинг сони тест топширувчилар сонидан ошиб кетади. Биз буни олдиндан кўра билиб, механизмларини ишлашимиз керак, деди вазир ўринбосари Сардор Ражабов.

👉 https://kun.uz/kr/27853119

[Kun.uz расмий канали](https://t.me/kunuzofficial)"
@kunuzofficial,173347,2026-08-19 08:49:30,260764,231,"**Такси ҳайдовчисини калтаклашда гумонланган блогер қамоққа олинди
**
Тошкентда такси ҳайдовчиси ва йўловчи ўртасидаги можаро катталашиб, ҳайдовчи шифохонага ётқизилган эди. Ҳолат юзасидан қўзғатилган жиноят иши доирасида ҳайдовчига куч ишлатган блогер қамоққа олинди.

👉 https://kun.uz/kr/17708738

[Kun.uz расмий канали](https://t.me/kunuzofficial)"
@kunuzofficial,173348,2026-08-19 09:33:35,260865,419,"**Санъатбек Салаев Хоразм вилояти ҳокими ўринбосарлигидан кетди
**
У 2018 йилдан буён вилоят ҳокимининг ёшлар сиёсати, ижтимоий ривожлантириш ва маънавий-маърифий ишлар бўйича ўринбосари эди.

Унинг ўрнига шу вақтгача Ижтимоий ҳимоя миллий агентлигининг Хоразм вилояти бошқармаси бошлиғи лавозимида ишлаб келган Шерзод Бердиев Хоразм вилояти ҳокимининг янги ўринбосари этиб тайинланди.

👉 https://kun.uz/kr/67517876

[Kun.uz расмий канали](https://t.me/kunuzofficial)"
@kunuzofficial,173349,2026-08-19 09:59:58,261796,286,"**ОХУ ишдан ажралмаган ҳолда масофавий таълим шаклида таҳсил олиш имкониятини таклиф этади**

Осиё халқаро университети —[ Бухоро ва](https://t.me/Oxu_uz) [Хоразм](https://t.me/oxu_khorezm) вилоятларида филиалларга эга таълим муассасаси —[ 2026/2027 ўқув йили учун  қабул давом этмоқда](https://telegra.ph/Osiyo-Xalqaro-Universitetidagi-talim-yonalishlari-07-05-3).

OXУда масофавий таълим шакли жорий этилган бўлиб, ушбу дастур иш билан банд бўлган, шунингдек бошқа ҳудудда — жумладан чет элда — истиқомат қилувчи номзодлар учун мўлжалланган.

**Рўйхатдан ўтиш:** qabul.oxu.uz
**Батафсил маълумот учун боғланинг:**
**Бухоро филиали:** +998553050009|
[**Онлайн мурожаат**](https://t.me/oxu_admin13)
**Хоразм филиали:** +998553100009|
[**Онлайн мурожаат**](https://t.me/OxuXorazmqabul)

Реклама"
@kunuzofficial,173350,2026-08-19 10:11:58,269200,69,"**Исроил яна қўшниларини бомбалади, Трампда эса «янги ҳудуд» эълони – кун дайжести
**
• Президент Трамп «АҚШнинг янги ҳудуди» деган ёзув билан Ҳўрмуз бўғози харитасини эълон қилди;

• Сешанба куни Ғазода Исроилнинг ҳаво зарбаси оқибатида камида олти нафар фаластинлик ҳалок бўлди;

• АҚШда 29 штатдан иборат коалиция Meta компанияси устидан судга киритган даъво бўйича эшитувлар бошланди;

• Трамп Ким Чен Ин билан юзма-юз учрашув ташкиллаштириш бўйича ўз ёрдамчиларига кўрсатма бергани айтилмоқда;

• Исроил Суриядаги «Абу-Дуҳур» аэропортига зарбалар берди. Мақсад: базага турк аскарлари киришининг олдини олиш.

👉 https://kun.uz/kr/83815060

[Kun.uz расмий канали](https://t.me/kunuzofficial)"
@kunuzofficial,173351,2026-08-19 11:18:45,274702,65,"**«Бавария» футболчиси тўрт кун ичида иккинчи бор ҳушидан кетиб қолди
**
Жамол Мусиала ўтган ҳафта охирида «Лейпциг» билан ўйинда ўзини ёмон ҳис қилган, ўшанда уни иссиқ ургани айтилганди. Бу сафар у «Ҳайденҳайм» билан ўйинда захирадан тушганидан кўп вақт ўтмай газонга қулади.

📸 👉 https://kun.uz/kr/45741566

[Kun.uz расмий канали](https://t.me/kunuzofficial)"
@kunuzofficial,173352,2026-08-19 13:07:32,267310,348,"**Ҳондураслик чучварачи, украиналик официант, рус менежер  – Мэриленддаги чойхона қандай ишлаяпти?**
 
Самарқандлик Азиза 18 йил аввал АҚШга келганида бирорта овқат пиширолмасди. Бугун эса у Мэриленд штати Гейтерсбург шаҳрида ўзбекона ошхонанинг эгаси. Азизанинг палови ва салатлари, ширинликларини егани қўшни штатлардан хўрандалар келади. Хўш, чойхонанинг ўзгачалиги нимада? Kun.uz Мэрилендда бўлиб, чойхонада ўзбек тадбиркори билан [суҳбатлашди](https://kun.uz/kr/48752173).

[**📹 ТЎЛИҚ ВИДЕОНИ ТОМОША ҚИЛИНГ**](https://youtu.be/H0itEHbAyng)"
@kunuzofficial,173353,2026-08-19 14:00:08,256725,79,"**InfinBANK кўмагида Қорақалпоғистондаги 101 ёш оила янги уйли бўлди**

19 август куни Қорақалпоғистонда уй-жой шароитини яхшилашга муҳтож бўлган 101 та оилага янги уйларнинг калитлари топширилди.

👉 https://kun.uz/kr/33453345

Реклама"
@kunuzofficial,173354,2026-08-19 14:05:14,264498,74,"**Диёр Имомхўжаев ПФЛ раҳбарлигида қолди**

6 йилдан буён Ўзбекистон Профессионал футбол лигасини бошқариб келаётган Диёр Имомхўжаев яна 4 йил муддатга шу лавозимга тасдиқланди.

👉 https://kun.uz/kr/30545865

[Kun.uz расмий канали](https://t.me/kunuzofficial)"
@kunuzofficial,173355,2026-08-19 14:35:27,267859,551,"**Доллар курси 11 800 сўмдан арзонлашди**

Доллар курси қаторасига бешинчи савдо куни пастлаб, бир кун олдингига қараганда 25,52 сўмга арзонлашди ва 11 794,88 сўмни ташкил қилди.

👉 https://kun.uz/kr/41630287

[Kun.uz расмий канали](https://t.me/kunuzofficial)"
@kunuzofficial,173356,2026-08-19 15:05:33,268612,42,"**Ўзбекистондаги илк пулли йўл ва ноқонуний қурилишларга қарши кураш — маҳаллий дайжест
**
▪️Президент Шавкат Мирзиёев Хоразм вилоятига ташрифи давомида янги «Урганч – Хива» пулли автомобил йўли билан танишди.

▪️Адлия вазирлиги қурувчи уйни харидорга муддатли тўловга сотиши мумкинлигини тушунтирди.

▪️Бош прокуратура Тошкентда ноқонуний қурилишларга қарши махсус ботни ишга туширди.

▪️Ўзбекистонда хусусийлаштириш натижалари қайта кўриб чиқилмаслиги белгиланди.

▪️Ҳайвонот боғида шер ва жайраларга тош отган эркак жазоланди.

🗓 Куннинг муҳим янгиликлари билан таништирамиз.

👉 https://kun.uz/kr/00583302

[Kun.uz расмий канали](https://t.me/kunuzofficial)"
@kunuzofficial,173357,2026-08-19 15:42:12,271872,97,"**«Ватанга муҳаббат баъзида давлатга қарши боришни талаб қилади». 11 йилга қамалган Лев Шлосбергнинг тарихи**

17 август куни псковлик сиёсатчи ва собиқ депутат, 30 йил мобайнида «Яблоко» партиясининг ҳудудий бўлимини бошқарган, ҳуқуқ фаоли ва журналист Лев Шлосберг Россия армияси ҳақида «фейк» тарқатиш ва уни «обрўсизлантириш» айбловлари билан 11 йил-у 1 ой муддатга озодликдан маҳрум этилди. BBC замонавий Россия тарихидаги энг кўзга кўринган регионал сиёсатчилардан бирининг тарихини ҳикоя қилди.

👉 https://kun.uz/kr/43789045

[Kun.uz расмий канали](https://t.me/kunuzofficial)"
@kunuzofficial,173359,2026-08-19 17:20:34,271771,138,"**Meta'га қарши йирик суд: америкаликлар ижтимоий тармоқларда кескин ўзгаришлар талаб қиляпти** 

🇺🇸 Meta компаниясига қарши бир нечта штат илгари сурган даъвода, компания **фойда кўриш мақсадида болаларни қасддан Facebook ва Instagramʼга қарам қилишга урингани **айтилади. 

📱 Даъвогар штатлар Meta'дан платформаларини тубдан ўзгартиришни, жумладан **лайклар сони ва **янги постларни кўришга ундайдиган** чексиз варақлаш (scroll) функциясини олиб ташлашни** талаб қилмоқда.  

💰 Meta эса бу айбловларни рад қилди. Агар айблов тасдиқланса, компания ўзгаришлар қилиши ва **ўнлаб миллиард доллар жаримага** ҳам тортилиши мумкин.

👉https://kun.uz/kr/00206118

[Kun.uz расмий канали](https://t.me/kunuzofficial)"
@kunuzofficial,173360,2026-08-20 04:03:21,242032,117,"**Тадбиркорлар президент билан очиқ мулоқотда нималарни гапирди?**

Унутилган “обнал” муаммоси, тижорий ижара бўйича ташаббус ва Beeline билан аффилланаётган Perfectum. Ўзбекистонлик тадбиркорлар давлат раҳбари билан мулоқотда қандай фикр ва ташаббусларни илгари сурди?

[**📹 ВИДЕОНИ ТОМОША ҚИЛИНГ**](https://kun.uz/kr/13886815)"
@kunuzofficial,173361,2026-08-20 05:03:50,234536,92,"**Трамп Эронга қарши кенг кўламли иқтисодий уруш эълон қилди**

АҚШ президенти Доналд Трамп Эронга қарши мисли кўрилмаган кўламдаги иқтисодий босим кампанияси бошланганини маълум қилди. 

У Теҳронни қўллаб-қувватлайдиган ёки Эрон билан савдо ва бошқа бизнес алоқаларини давом эттирадиган ҳар қандай давлатни «улкан» санкциялар билан огоҳлантирди.

👉 https://kun.uz/kr/37884321

[Kun.uz расмий канали](https://t.me/kunuzofficial)"
@kunuzofficial,173362,2026-08-20 06:04:14,217474,125,"**Ўзбекистон фискал шаффофлик бўйича АҚШ минимал талабларига мос келмади - ҳисобот**

11 август куни АҚШ Давлат департаменти йиллик Fiscal Transparency Report 2026 (Фискал шаффофлик ҳисоботини) эълон қилди. 2025 йилги баҳолаш натижаларига кўра, Ўзбекистон бюджет шаффофлигининг минимал стандартларига жавоб бермайдиган 67 та ҳукумат қаторидан жой олди. Америка идораси ўтган даврга нисбатан сезиларли ютуқни қайд этмади.

👉 https://kun.uz/kr/29233622

[Kun.uz расмий канали](https://t.me/kunuzofficial)"
@kunuzofficial,173363,2026-08-20 06:15:03,263139,5366,"**ОТМда дарслар қачондан бошланади?**

Олий таълим муассасаларида янги ўқув йили 1-босқич талабалари учун 7 сентябрдан, 2-босқич ва ундан юқори босқич талабалари учун 14 сентябрдан бошланади.

Академик лицей ва техникумларда эса дарслар 2 сентябрдан [бошланади](https://kun.uz/kr/72166391).

[Kun.uz расмий канали](https://t.me/kunuzofficial)"
@kunuzofficial,173364,2026-08-20 06:41:06,215993,685,"**Сирдарё вилояти ИИБ бошлиғи лавозимдан олингани айтилмоқда
**
Сирдарё вилояти Ички ишлар бошқармаси бошлиғи, полковник Фаррух Ҳайдаров лавозимидан олингани ҳақида ижтимоий тармоқларда хабар тарқалди. Kun.uz’нинг бир-биридан мустақил икки манбаси бу маълумотни тасдиқлади.

👉 https://kun.uz/kr/89587799

[Kun.uz расмий канали](https://t.me/kunuzofficial)"
@kunuzofficial,173365,2026-08-20 07:00:12,210963,242,"**Қарши шаҳрида Иқтисодиёт ва педагогика университетининг янги биноси очилди
**
Мустақилликнинг 35 йиллигига бағишланган “Ягона Ватан, ягона халқ бўлиб, янги ҳаёт ва келажак яратамиз” шиори остида олийгоҳнинг замонавий кампуси иш бошлади.

Тадбир давомида битирувчиларга диплом ҳам топширилди.

Ҳозирда университетда 40 га яқин бакалавриат ва 5 та магистратура мутахассислигига қабул давом этмоқда.

📞Мурожаат учун: +998752306060
✍️[Ёзиш](https://t.me/ipu_qabul2025)

 [**Telegram**](https://t.me/ipuedu_uz)**|**[**Instagram**](https://www.instagram.com/ipuedu_uz?igsh=MW9qN3l1ZmkwbTF4MQ==)**|**[**Web-sahifa**](https://www.ipu-edu.uz/)

Реклама"
@kunuzofficial,173366,2026-08-20 07:12:01,215011,309,"**ОТМга киришда 234 минг абитуриент қониқарсиз балл тўплади
**
Абитуриентлар ўқишга кириш учун энг камида 56,7 балл (максимал баллнинг 30 фоизи) тўплаши талаб этилади. Бу йил жами абитуриентларнинг **37,5 фоизи** ана шу минимум баллни ҳам тўплай олмади.

Аммо бу кўрсаткич йилдан йилга пасаймоқда, аввалги йилларда 56,7 балл тўплай олмаганлар улуши **40 фоиздан баланд** эди.

Шу билан бирга, давлат олийгоҳларига ўқишга ҳужжат топшираётганлар сони ҳам камаймоқда: уч йил олдин **миллиондан ортиқ** ёшлар бакалавриатга ҳужжат топширган эди, 2026 йилга келиб бу кўрсаткич 678 минггача (33 фоизга) камайди.

👉 https://kun.uz/kr/12147111

[Kun.uz расмий канали](https://t.me/kunuzofficial)"
@kunuzofficial,173367,2026-08-20 08:03:49,204936,171,"**Амир Темур хиёбонида «Яшил тўлқин» тизими ишга туширилди**

Тошкентда Амир Темур хиёбони атрофида ўрнатилган 5 та светофор ўзаро синхронлаштирилиб, ягона «Яшил тўлқин» алгоритми асосида ишлай бошлади. 

Белгиланган ҳаракат шартларига риоя қилинганда ҳайдовчилар ушбу йўналишда светофорларда ортиқча тўхтамасдан ҳаракатланиши мумкин.

👉 https://kun.uz/kr/85838608

[Kun.uz расмий канали](https://t.me/kunuzofficial)"
@kunuzofficial,173368,2026-08-20 08:45:05,197848,274,"**Бўка туманига янги ҳоким тайинланди
**
Агробанк Тошкент вилояти бошқармаси бошлиғи лавозимида ишлаб келган Мурод Абдазимов Бўка тумани ҳокими этиб тайинланди.

Туманнинг аввалги раҳбари Сардор Исоқулов ўтган ойда “Ҳудудий электр тармоқлари” АЖ раиси лавозимига ўтказилганди.

👉 https://kun.uz/kr/92655429

[Kun.uz расмий канали](https://t.me/kunuzofficial)"
@kunuzofficial,173370,2026-08-20 09:12:05,183775,1,"**Украинада сайлов талаби ва “Патриот” танқислиги | “Геосиёсат”**
 
Россиянинг баллистик ракета ҳужумлари интенсивлашган бир пайтда, Ғарб матбуоти душанба куни Украинада **“**Патриот**”** ҳаво ҳужумидан мудофаа мажмуалари учун ракета-тўсувчилар деярли қолмаганини хабар қилди.
 
Украина собиқ мудофаа вазири мамлакатда сайлов ўтказиш имконини берадиган қонуний механизм ишлаб чиқишга чақирди.
 
Исроил Туркия чегарасидан қарийб 70 километр узоқликдаги Сурия ҳарбий аэродромига зарба берди.
 
“Геосиёсат”да халқаро кун тартиби муҳокамасини жонли эфирда кузатинг.

📱 [**Telegram'да кўриш**](https://t.me/kunuzofficial?livestream)

📱[ **YouTube'да кўриш**](https://youtu.be/YXIQAz-gyKY)"
@kunuzofficial,173372,2026-08-20 10:00:16,167620,34,"**Ҳаммаси, ҳамма жойда ва бир вақтнинг ўзида**

**Банклар, маркетплейслар ва алоқа операторлари ўз соҳалари доирасига сиғмай қолгани ҳақида**

Оддий бир саволга тезда жавоб беришга уриниб кўринг: банк нима билан шуғулланади? Яқин-яқингача жавоб аниқ эди: пул сақлайди, молиялаштиради, тўловларни ўтказади. Бугун эса қайси банк эканига боғлиқ. Банк иловасининг ўзида авиачипта сотиб олиш, суғурта расмийлаштириш ёки меҳмонхонадан жой банд қилиш мумкин. Такси иловаси орқали эса маҳсулотларга буюртма бериб, жўнатма юборса бўлади. Маркетплейслар ўз карталарини чиқариб, тўловларни амалга оширяпти. Алоқа операторлари бўлса маълумотлар марказларини қурмоқда, булутли платформаларни ривожлантириб, сайёҳлар ва автомобилчилар учун хизматлар ишга туширмоқда.

👉https://kun.uz/kr/36749926

Реклама"
@kunuzofficial,173373,2026-08-20 10:06:01,181662,412,"**Жойларда пропан таъминотидаги узоқ кечикишлар давом этмоқда
**
Фарғона вилояти Бағдод тумани Қирқволди қишлоғи аҳли 18 август куни ҳамма ишини йиғиштириб, эрталабдан кечгача газбаллон келишини кутди. Уларга охирги марта суюлтирилган газ берилганига уч ойдан ошиб кетган.

“Деярли 12 соатдан бери кутяпмиз. Таърифга тил ожиз-да энди. Илон Маск Марсга бир балолар қурамиз деяпти, биз эса газбаллон кутиб ўтираверамиз. Яхши бўлиб кетади, худо хоҳласа”, дейди Kun.uz'га юборилган видео муаллифи.

👉 https://kun.uz/kr/52170666

[Kun.uz расмий канали](https://t.me/kunuzofficial)"
@kunuzofficial,173374,2026-08-20 10:20:52,172646,35,"**Украинада сайловлар ўтказишга чақириқ ва Имрон Хон атрофидаги гап-сўзлар – кун дайжести
**
• Президент Трамп Эронга қарши «энг қақшатқич иқтисодий операцияни» эълон қилди;

• АҚШ етакчиси Эронга «ёрдам берадиган давлатлар»ни ҳам иқтисодий оқибатлар билан огоҳлантирди;

• Пайшанба куни Киев Россия баллистик ракеталари ҳужуми остида қолди;

• Кенияда вертолёти ҳалокатга учради: Эквадор миллий разведка раҳбари ва 5 нафар америкалик ҳалок бўлди;

• Покистон суди қамоқдаги собиқ бош вазир Имрон Хонни касалхонага кўчиришга ва яқинлари билан кўришишга рухсат берди;

• Украинанинг собиқ мудофаа вазири Михаило Фёдоров кутилмаганда уруш даврида сайловлар ўтказишга чақириб чиқди.

👉 https://kun.uz/kr/15108688

[Kun.uz расмий канали](https://t.me/kunuzofficial)"
@kunuzofficial,173376,2026-08-20 10:55:45,169623,514,"**""Аёллар бор ҳам демади"" – Нурафшон ёшлар бўлими бошлиғи ходимларини мажлисда уятли сўзлар билан ҳақоратлади (аудио)**

Kun.uz'га Ёшлар ишлари агентлиги Нурафшон шаҳар бўлими бошлиғи Миркарим Аҳмаджоновга оид аудиоёзув келиб тушди. Унда давлат хизматчиси мажлис ўтказаётгани, қўл остидаги ходимлар ва ёшлар етакчиларини сўкаётгани эшитилади. Ҳақоратлар янграётган аудиторияда аёллар ҳам бўлган.

Ёшлар ишлари агентлиги Kun.uz'га Аҳмаджонов ишдан бўшатилганини маълум қилди.

👉 https://kun.uz/kr/35866752

[Kun.uz расмий канали](https://t.me/kunuzofficial)"
@kunuzofficial,173377,2026-08-20 11:22:12,170531,1025,"**Мактабларда дарслар 2 сентябрдан бошланади
**
Мактабларда янги ўқув йили 2 сентябр, чоршанбадан бошланади, дея [эълон қилди](https://kun.uz/kr/09668296) Мактабгача ва мактаб таълими вазирлиги.

Жорий йилда биринчи синфга қабул қилинадиган 795 мингдан ортиқ ўқувчига 12 номдаги ўқув қуролларидан иборат “Президент совғаси” берилади.

[Kun.uz расмий канали](https://t.me/kunuzofficial)"
@kunuzofficial,173378,2026-08-20 12:00:10,141388,69,"**texnomart 18 ёшда: байрам акцияси 25 августга қадар амал қилади!**

texnomart’да смартфон, ноутбук, телевизор, музлаткич ва бошқа техника:
— устамасиз
— бошланғич тўловсиз
— 12 ойга бўлиб тўлаш асосида

50' дюйм ҳажмли Samsung телевизори — ойига 624 000 сўмдан, фақат паспорт билан.

Акция тугашига 5 кун қолди.

Дўкон манзиллари:
📍[texnomart.uz](https://texnomart.uz/shops-map/) | @texnomart
📞 71-209-99-44 | @tm_support

Реклама"
@kunuzofficial,173379,2026-08-20 12:13:01,136327,136,"**«Ўзтрансгаз» тизимида 35 млн куб метргача газ сизиб чиқиши аниқланган**

«Ўзтрансгаз» объектларининг 1000 дан ортиқ нуқтасида 35 млн куб метргача газ сизиб чиқиши аниқланган. 

Муаммони бартараф этиш ва метан чиқиндиларини камайтириш учун Жаҳон банки иштирокида 10,6 млн долларлик грант лойиҳаси амалга оширилади.

👉 https://kun.uz/kr/43340503

[Kun.uz расмий канали](https://t.me/kunuzofficial)"
@kunuzofficial,173380,2026-08-20 12:30:01,135359,37,"**Бизнесга индивидуал имтиёзлар бериш қонун билан чекланди**

“Тадбиркорлик фаолияти эркинлигининг кафолатлари тўғрисида”ги қонунга киритилган ўзгаришларга биноан, давлат томонидан тадбиркорлик субъектларига бериладиган имтиёз ва преференциялар **якка тартибда (индивидуал) эмас**, балки иқтисодиёт тармоқлари, соҳалар ёки ҳудудлар кесимида бўлиши белгилаб қўйилди.

Бунда имтиёз ва преференциялар **очиқ ва шаффоф мезонлар асосида** барча тадбиркорлик субъектлари учун тенг шартларда қўлланиши шарт.

Иқтисодиёт ва молия вазирлиги **имтиёз ва преференциялар реестрини** юритади.

👉 https://kun.uz/kr/48522418

[Kun.uz расмий канали](https://t.me/kunuzofficial)"
@kunuzofficial,173381,2026-08-20 13:02:12,126221,35,"**Хоразмда депутатлар камбағал оилалар билан манзилли ишлайди**

Хоразм вилоятида ишсизлик ва камбағалликни қисқартириш бўйича депутатлик ва жамоатчилик назоратининг янги тизими жорий этилади. Унга кўра, депутатлар Ижтимоий реестрга киритилган оилалар билан индивидуал режа асосида ишлаб, уларнинг барқарор даромад манбаига эга бўлишига кўмаклашади.

👉 https://kun.uz/kr/76858462

[Kun.uz расмий канали](https://t.me/kunuzofficial)"
@kunuzofficial,173382,2026-08-20 13:15:33,124175,751,"**ОТМга қабулда 6-йўналишни танлаш имконияти очилади
**
2026/27 ўқув йилидан абитуриентларга олтинчи таълим йўналишини танлаш имконияти ҳам берилади. Бу амалиётни кейинги ҳафтадан бошлаш режалаштирилган.

Kun.uz бакалавриатга қабул якунлари бўйича матбуот анжуманида айтилган асосий янгиликларни келтириб ўтади.

👉 https://kun.uz/kr/77571678

[Kun.uz расмий канали](https://t.me/kunuzofficial)"
@kunuzofficial,173383,2026-08-20 13:45:03,108083,275,"**Ўзбекистондаги илк пулли автомобил йўлида юриш нархи маълум қилинди
**
Янги қурилган Урганч–Хива трассасида енгил автомобил учун йўл ҳақи 25 минг сўм деб белгиланди.

28 км узунликдаги қисқа йўналишда эса йўл ҳақи 20 минг сўмни ташкил этади.

👉 https://kun.uz/kr/02379628

[Kun.uz расмий канали](https://t.me/kunuzofficial)"
@kunuzofficial,173384,2026-08-20 14:33:01,70709,102,"**Ходимларини ҳақоратлаган Нурафшон шаҳар ёшлар ишлари бўлими бошлиғи ишдан олинди
**
Хизмат текшируви давомида Миркарим Аҳмаджонов нафақат этика қоидаларини бузгани, балки иш фаолиятида ҳам қатор камчиликларга йўл қўйгани аниқланган.

У билан тузилган меҳнат шартномаси бекор қилинди. Иш фаолиятида аниқланган камчиликлар юзасидан эса текширув давом этмоқда.

👉 https://kun.uz/kr/55034033

[Kun.uz расмий канали](https://t.me/kunuzofficial)"
@kunuzofficial,173385,2026-08-20 15:02:30,31338,1,"**Иккинчи АЭС қуришга тайёргарлик ва абитуриентларга қўшимча имконият — маҳаллий дайжест
**
▪️Ўзбекистонда иккинчи АЭС қуришга тайёргарлик кўрилмоқда, деб эълон қилди президент Шавкат Мирзиёев.

▪️«Урганч — Хива» пулли йўлининг нархи маълум бўлди.

▪️Абитуриентларга олтинчи йўналишни танлаш имконияти берилади.

▪️Мактаб, лицей, техникум ва олий таълимда янги ўқув йилининг бошланиш санаси эълон қилинди.

▪️Ходимларни ҳақорат қилган Нурафшон ёшлар бўлими бошлиғи ишдан олинди. 

🗓 Куннинг муҳим янгиликлари билан таништирамиз.

👉 https://kun.uz/kr/36398718

[Kun.uz расмий канали](https://t.me/kunuzofficial)"
@spotuz,39253,2026-08-04 06:33:27,5647,148,"**По факту сноса дома и строительства ЖК New Port в Ташкенте возбуждено уголовное дело**

Прокуратура Ташкента возбудила уголовное дело в отношении должностных лиц застройщика Mega Logistics Servise и других лиц после проверки обстоятельств сноса жилого дома в Яккасарайском районе. Поводом стали обращения жителей, которые заявили о принудительном выселении, недостаточной компенсации и незаконном сносе жилья для строительства ЖК New Port.

Проверка установила, что дом был самовольно снесен, несмотря на незавершенность исполнительных действий по принудительному выселению жильцов. Кроме того, прокуратура сообщила, что **на территории ЖК** **New Port без разрешения на строительство были возведены пять жилых зданий:** один 20-этажный, два 19-этажных, один 12-этажный и один двухэтажный жилые дома.

Предварительное следствие ведет прокуратура Ташкента. Ведомство заявило, что расследование находится на особом контроле, а по его итогам будет принято законное решение:

https://www.spot.uz/ru/2026/08/04/new-port/

[Telegram](https://t.me/spotuz)  |  [Instagram](https://instagram.com/spot.uz)  |  [YouTube](https://youtube.com/@SpotUz)"
@spotuz,39254,2026-08-04 07:25:02,5154,24,"**Хокимият Ташкента проведет служебную проверку в отношении глав 10 районов**

Глава столичной администрации постановил провести служебное расследование по представлению Антикоррупционного агентства. Оно затронет хокимов 10 из 12 районов — Алмазарского, Бектемирского, Мирабадского, Мирзо-Улугбекского, Сергелийского, Учтепинского, Чиланзарского, Шайхантахурского, Юнусабадского и Яшнабадского.

Проводить расследование будет комиссия из пяти человек. Ее возглавит Шухрат Турдикулов — начальник службы комплаенса и внутреннего антикоррупционного контроля столичного хокимията. По итогам проверки будут оформлены соответствующие заключения:

https://www.spot.uz/ru/2026/08/04/inner-investigation/

[Telegram](https://t.me/spotuz)  |  [Instagram](https://instagram.com/spot.uz)  |  [YouTube](https://youtube.com/@SpotUz)"
@spotuz,39255,2026-08-04 07:51:54,5007,27,"**Олий Мажлис приступил к рассмотрению проекта закона об изъятии авто у нарушителей ПДД**

Законопроект включает поправки в Уголовный и Уголовно-процессуальный кодекс, Кодекс об административной ответственности. Он предусматривает усиление ответственности за ряд нарушения правил дорожного движения, включая:

🔹нелегальные гонки;
🔹передачу управления несовершеннолетним;
🔹превышение скорости более чем на 80 км/ч;
🔹оставление грузовиков на обочине ночью, если это создает опасность.

Планируется разрешить изъятие авто- и мототранспорта на срок от 6 месяцев до года за нарушения, совершенные после лишения водительских прав. Также нарушители-рецидивисты не смогут получить скидку при уплате штрафов:

https://www.spot.uz/ru/2026/08/04/traffic-infractions/

[Telegram](https://t.me/spotuz)  |  [Instagram](https://instagram.com/spot.uz)  |  [YouTube](https://youtube.com/@SpotUz)"
@spotuz,39256,2026-08-04 07:59:14,5080,20,"**«Микрокредитбанк» запустил приложение Mavrid**

Приложение обеспечивает надежный и безопасный сервис для пользователей, а также удобный доступ к услугам в режиме 24/7 (реклама).

https://www.spot.uz/ru/2026/08/04/mikrokreditbank/"
@spotuz,39257,2026-08-04 08:58:46,6230,92,"**Личные данные узбекистанцев можно отправлять в упрощенном порядке в 49 стран. Список**

Кабмин утвердил перечень стран, обеспечивающих адекватную защиту персональных данных согласно требованиям законодательства. Его создание предусматривалось поправками в закон «О персональных данных», принятыми в марте.

В список вошли США, Великобритания, Россия, Гонконг, Израиль, а также страны Евросоюза, Южная Корея и Япония. Департамент миграции и персонализации МВД сможет предлагать изменения в перечне.

Передача данных в страны из списка может проводиться автоматически и без разрешения от уполномоченных госорганов. Однако в случае утечки оператор баз данных должен будет сообщить об этом в течение 24 часов:

https://www.spot.uz/ru/2026/08/04/personal-data-abroad/

[Telegram](https://t.me/spotuz)  |  [Instagram](https://instagram.com/spot.uz)  |  [YouTube](https://youtube.com/@SpotUz)"
@spotuz,39258,2026-08-04 09:46:05,5425,28,"**В Ташкенте вводится единый тариф за вывоз авто на штрафстоянку**

Об этом сообщил Центр организации дорожного движения. Согласно их заявлению, новая мера направлена на создание безопасной и комфортной городской среды, а также на освобождение тротуаров для людей.

Тариф за перевозку автомобиля на эвакуаторе составит 82 400 сумов за километр (с 1 сентября — 88 000). Такая же сумма будет взиматься за каждые сутки нахождения машины на штрафстоянке.

Максимальная стоимость эвакуации авто составит 1,648 млн сумов (1,76 млн с 1 сентября). Как отметили в ЦОДД, новая мера призвана сделать систему более прозрачной и исключить переплаты:

https://www.spot.uz/ru/2026/08/04/impounding/

[Telegram](https://t.me/spotuz)  |  [Instagram](https://instagram.com/spot.uz)  |  [YouTube](https://youtube.com/@SpotUz)"
@spotuz,39259,2026-08-04 09:59:14,5118,27,"**VERBA LEGAL усиливает практику «Частные клиенты» в Узбекистане**

Благодаря присоединению Оксаны Ярощук и ее команды компания расширит экспертизу в сфере управления капиталом, налогового планирования и сопровождения частных клиентов в Узбекистане (реклама).

https://www.spot.uz/ru/2026/08/04/verba-legal/"
@spotuz,39260,2026-08-04 10:51:52,5112,21,"**В Узбекистане 80% льгот по соцналогу достались крупнейшим легальным компаниям**

Институт фискального анализа при Минэкономики предложил пересмотреть льготу по социальному налогу в размере 1%. По его данным, в 2022-2024 годах воспользоваться льготой смогли лишь около 30% действовавших на то время компаний.

Распределение льготы оказалось неравномерным — 10% крупнейших компаний получили 80% всей суммы поддержки. На остальные 90% предприятий пришлось только 20%. 

Льгота должна была стимулировать выход бизнеса из тени и создание новых рабочих мест. Однако, по версии института, от нее выиграли в основном крупные работодатели, которые уже работали легально:

https://www.spot.uz/ru/2026/08/03/social-tax/

[Telegram](https://t.me/spotuz)  |  [Instagram](https://instagram.com/spot.uz)  |  [YouTube](https://youtube.com/@SpotUz)"
@spotuz,39261,2026-08-04 11:09:18,5107,18,"**Курс доллара снова снизился — до 11 942 сумов**

Центральный банк Узбекистана опубликовал курсы валют на 5 августа.

__Подробный график динамики курсов валют доступен на нашем __[__сайте__](https://www.spot.uz/ru/currency/)__.__

[Telegram](https://t.me/spotuz)  |  [Instagram](https://instagram.com/spot.uz)  |  [YouTube](https://youtube.com/@SpotUz)"
@spotuz,39262,2026-08-04 11:51:38,5182,40,"**Для всех госслужащих планируется ввести единую систему оплаты труда**

Шавкат Мирзиёев ознакомился с предложениям реформы в сфере поощрения гражданских чиновников. Сейчас должностной оклад в среднем составляет лишь 15% их зарплаты, а 70% приходится на премии и надбавки без привязки к результатам работы.

Предлагается ввести единую, прозрачную и основанную на результатах систему оплаты труда для всех 54 тыс. чиновников. Надбавки и бонусы в ней будут привязаны к выполнению KPI, освоению новых технологий и рабочей дисциплине.

На основе международного опыта будет внедрена новая тарифная сетка из 11 разрядов и 6 ступеней. Зарплаты в подразделениях министерств ограничат уровнем на аналогичных должностях в областных, районных и городских хокимиятах:

https://www.spot.uz/ru/2026/08/04/public-sector-salary/

[Telegram](https://t.me/spotuz)  |  [Instagram](https://instagram.com/spot.uz)  |  [YouTube](https://youtube.com/@SpotUz)"
@spotuz,39263,2026-08-04 12:27:54,4925,59,"🌐🌐🌐🌐🌐**Некоторые банки Узбекистана приостановили платежи в пользу AliExpress**

Spot стало известно, что некоторые местные банки перестали проводить платежи в пользу AliExpress. В распоряжении редакции оказались ответы двух банков клиентам: один сослался на требования законодательства, другой — на отсутствие у платформы регистрации в качестве налогоплательщика.

В Налоговом комитете подтвердили Spot, что AliExpress не состоит на налоговом учете в Узбекистане. В свою очередь, в НАПП сообщили, что решение об ограничении деятельности платформы в стране не принималось, однако совместно с Налоговым комитетом и другими ведомствами продолжается изучение соблюдения AliExpress требований законодательства в сфере налогообложения и электронной коммерции.

В агентстве также напомнили, что если иностранная платформа после получения уведомления не зарегистрируется в налоговых органах в течение 30 дней, ее деятельность в Узбекистане может быть ограничена. О результатах проверки НАПП пообещало сообщить дополнительно:

https://www.spot.uz/ru/2026/08/04/aliexpress/

[Telegram](https://t.me/spotuz)  |  [Instagram](https://instagram.com/spot.uz)  |  [YouTube](https://youtube.com/@SpotUz)"
@spotuz,39264,2026-08-04 12:59:23,4741,29,"**Стартовая цена прав на старательскую добычу золота вырастет втрое — до 44 млн сумов**

Кабмин увеличил стартовые цены на участки с полезными ископаемыми, выставляемые на аукционы. Стартовая цена за право добычи золота и других драгоценных металлов старательским методом выросла почти в 3 раза.

Плата за добычу золота, рудных ископаемых и углеводородов увеличилась вчетверо — с 0,15% до 0,6% от стоимости добытых материалов. Для нерудных ископаемых плата также будет привязана к объему их добычи (0,3%).

Кроме того, в несколько раз увеличится стартовая цена за право поиска полезных ископаемых:

https://www.spot.uz/ru/2026/08/03/mining-rights-prices/

[Telegram](https://t.me/spotuz)  |  [Instagram](https://instagram.com/spot.uz)  |  [YouTube](https://youtube.com/@SpotUz)"
@spotuz,39265,2026-08-04 13:27:04,4719,28,"**Конфискация авто, уголовная ответственность с 14 лет и лишение прав: СБДД предложила ужесточить наказание за нарушения ПДД**

В Узбекистане предлагают существенно ужесточить ответственность за грубые нарушения ПДД. Законопроект уже принят Законодательной палатой в первом чтении. Среди самых резонансных мер — конфискация или временное изъятие автомобиля, лишение водительских прав, арест до 15 суток и снижение возраста уголовной ответственности с 16 до 14 лет.

За передачу управления несовершеннолетнему предлагается ввести штраф до 20,6 млн сумов, арест до 15 суток или временное изъятие автомобиля на срок от шести месяцев до года. Если это повлекло тяжкие последствия, наступит уголовная ответственность. За превышение скорости более чем на 80 км/ч водителей предлагают лишать прав на полгода и штрафовать на 26,8 млн сумов.

Законопроект также вводит отдельную ответственность за организацию и участие в незаконных автогонках. За это могут назначить штраф до 61,8 млн сумов, арест до 15 суток или лишение водительских прав на срок до двух лет. Кроме того, предлагается штрафовать водителей грузовиков, оставляющих автомобили на обочине ночью в опасных местах.

Еще одна инициатива — отменить скидку на оплату штрафов для водителей, которые систематически совершают грубые нарушения, включая проезд на красный свет, выезд на встречную полосу и многократное превышение скорости. В СБДД заявили, что цель предлагаемых изменений — не ужесточение наказания само по себе, а снижение аварийности и сохранение жизни людей:

https://www.spot.uz/ru/2026/08/04/fines/

[Telegram](https://t.me/spotuz)  |  [Instagram](https://instagram.com/spot.uz)  |  [YouTube](https://youtube.com/@SpotUz)"
@spotuz,39266,2026-08-04 13:59:15,4802,18,"**От зарплатных проектов до международной экосистемы: как АКБ Asia Alliance Bank развивает карточные продукты**

За год карточный портфель банка вырос более чем на 28%, а объем безналичных транзакций — на 35%. В линейку входят моментальные и виртуальные карты, продукты для детей, путешественников и премиального сегмента (реклама).

https://www.spot.uz/ru/2026/08/04/aab/"
@spotuz,39267,2026-08-04 14:50:12,5091,32,"**Самовольно построенное до 2018 года жилье могут освободить от штрафов**

Владельцев жилья, самовольно построенного до 2018 года, могут освободить от штрафов. Такое предложение рассмотрел президент на совещании по реформированию кадастровой системы.

Также предлагается смягчить ответственность при добровольном сносе незаконных построек, а за первое несвоевременное обращение для регистрации прав на недвижимость вместо штрафа ограничиваться предупреждением.

В пресс-службе президента заявили, что цель изменений — не только наказывать за нарушения в сфере землепользования, но и создать механизмы, которые помогут устранить их последствия и будут стимулировать граждан оформлять недвижимость и земельные участки в соответствии с законом:

https://www.spot.uz/ru/2026/08/04/illegal-construction/

[Telegram](https://t.me/spotuz)  |  [Instagram](https://instagram.com/spot.uz)  |  [YouTube](https://youtube.com/@SpotUz)"
@spotuz,39268,2026-08-04 15:59:15,5335,26,"**«Мир полюбил вещи с историей»: стартап Listee хочет сделать тренд удобнее в Узбекистане**

В Узбекистане запускается международный стартап Listee, созданный командой управленцев из международных bigtech-компаний. Команда проекта делает ставку на один из самых быстрорастущих потребительских трендов последних лет — ресейл (реклама).

https://www.spot.uz/ru/2026/08/04/listee/"
@spotuz,39269,2026-08-04 16:30:00,5555,109,"💳 **Покупки за рубежом: какие сервисы доставляют товары в Узбекистан и сколько это стоит**

Spot сравнил условия девяти сервисов-посредников для доставки товаров из зарубежных интернет-магазинов в Узбекистан. Тарифы варьируются от $0,61 за 100 г до $25 за кг в зависимости от страны отправления и способа доставки. Сроки — от 3 до 30 дней.

Сервисы доставляют из США, Китая, Турции, России, Южной Кореи, Малайзии и стран Европы. Большинство предлагают дополнительные услуги: выкуп товаров, консолидацию посылок, фотоотчеты и доставку по регионам.

__Подробное сравнение стран, тарифов и условий — в материале Spot: __

https://www.spot.uz/ru/2026/07/28/delivery/

[Telegram](https://t.me/spotuz)  |  [Instagram](https://instagram.com/spot.uz)  |  [YouTube](https://youtube.com/@SpotUz)"
@spotuz,39271,2026-08-05 04:43:29,12761,168,"⚡️**Спутник «Samarkand-2028» с узбекским ИИ-модулем успешно выведен на орбиту**

Китайская компания STAR. VISION успешно вывела на орбиту гиперспектральный спутник Samarkand-2028, созданный совместно с агентством «Узбеккосмос». В Минцифры назвали проект одним из крупнейших международных космических проектов в истории Узбекистана.

Особенностью миссии стал модуль искусственного интеллекта, разработанный специалистами «Узбеккосмоса». Он позволяет обрабатывать гиперспектральные данные прямо на орбите, сокращая объем передаваемой информации и ускоряя ее анализ.

Спутник будет использоваться для мониторинга сельского хозяйства, водных и природных ресурсов, экологической ситуации, градостроительства и раннего выявления чрезвычайных ситуаций. Название спутника связано с тем, что в 2028 году Самарканд примет 79-й Международный астронавтический конгресс:

https://www.spot.uz/ru/2026/08/05/samarkand-2028/

[Telegram](https://t.me/spotuz)  |  [Instagram](https://instagram.com/spot.uz)  |  [YouTube](https://youtube.com/@SpotUz)"
@spotuz,39272,2026-08-05 05:10:00,5278,21,"**Ненаблюдаемая экономика в Узбекистане упала ниже 23% ВВП**

По данным Нацкомстата, за первое полугодие доля ненаблюдаемой экономики составила 245,48 трлн сумов, или 22,9% ВВП. Годом ранее этот показатель составлял 26,1%. При этом ВВП страны вырос на 8,5% в реальном выражении до 1,072 квадриллиона сумов.

На неформальный сектор пришлось 165,47 трлн сумов (15,4% ВВП), теневой составил еще 80,02 трлн (7,5%). Наибольшая доля ненаблюдаемой активности приходится на сельское, рыбное и лесное хозяйство, при этом за год она снизилась с 81% до 60,5%.

В сфере услуг неофициальная занятость составила 23% (против 24,5% годом ранее), в строительстве — 17,8% (23,9%):

https://www.spot.uz/ru/2026/08/04/shadow-economy/

[Telegram](https://t.me/spotuz)  |  [Instagram](https://instagram.com/spot.uz)  |  [YouTube](https://youtube.com/@SpotUz)"
@spotuz,39273,2026-08-05 05:50:01,5313,26,"**В Узбекистане могут ввести рейтинг законопослушности для эмитентов ценных бумаг**

Национальное агентство перспективных проектов предлагает запустить рейтинг компаний, выпускающих ценные бумаги на местном рынке. Он будет публиковаться ежеквартально на Едином портале корпоративной информации.

Компании будут оцениваться по уровню прозрачности и соблюдению законодательства. При оценке регулятор будет учитывать 7 видов нарушений, включая:
🌐нарушение сроков подачи отчетности;
🌐предоставление неверной информации;
🌐невыплату доходности по ценным бумагам;
🌐невыполнение предписаний НАПП.

По итогам оценки эмитентов разделят на 4 категории от A до D. Для компаний с низшим рейтингам могут приостановить обращение их бумаг или потребовать досрочного погашения облигаций:

https://www.spot.uz/ru/2026/08/05/emitent-rating/

[Telegram](https://t.me/spotuz)  |  [Instagram](https://instagram.com/spot.uz)  |  [YouTube](https://youtube.com/@SpotUz)"
@spotuz,39274,2026-08-05 06:36:18,5051,31,"**«Узбекнефтегаз» подготовит план по сокращению спада добычи газа в Мубареке**

Глава компании Абдугани Сангинов поручил разработать меры по восстановлению добычи на месторождениях Мубарекского нефтегазодобывающего управления. Он отметил поставленные президентом задачи по подготовке к холодному сезону и обеспечению стабильных поставок газа и нефтепродуктов.

До конца сентября «Узбекнефтегаз» планирует полностью ввести в эксплуатацию малые компрессорные станции на месторождениях «Шимолий Бердак» и «Шаркий Бердак». Также планируется улучшить анализ геологических данных при помощи цифровых технологий и инновационных решений.

Ответственным лицам также поручено увеличить производство авиационного керосина и обеспечить бесперебойную поставку дизельного топлива в сезон уборки хлопка:

https://www.spot.uz/ru/2026/08/04/ung/

[Telegram](https://t.me/spotuz)  |  [Instagram](https://instagram.com/spot.uz)  |  [YouTube](https://youtube.com/@SpotUz)"
@spotuz,39275,2026-08-05 07:37:11,4825,25,"**Комитет по конкуренции предложил ввести для частных учебных центров сертификацию**

За последние три года надзорный орган принял 2070 жалоб в сфере образования, из которых 96% касались негосударственных учреждений. По жалобам потребителей был произведен перерасчет 1 млрд сумов.

Чаще всего граждане жаловались на несоответствие качества обучения требованиям, невыполнение рекламных обещаний и плату за не оказанные услуги. Эксперты отметили недостаток регулирующих механизмов в отрасли.

Предлагается запустить добровольную сертификацию негосударственных образовательных заведений на основе опыта Франции, Швейцарии и Нидерландов. Комитет рекомендовал разработать единые правила для платного обучения:

https://www.spot.uz/ru/2026/08/05/private-education/

[Telegram](https://t.me/spotuz)  |  [Instagram](https://instagram.com/spot.uz)  |  [YouTube](https://youtube.com/@SpotUz)"
@spotuz,39276,2026-08-05 08:02:15,4719,7,"**Инженерная точность: как Engelberg создает оконные системы для экстремальных условий**

Оконные системы Engelberg проходят многоуровневый контроль и лабораторные испытания на прочность, герметичность, тепло- и шумоизоляцию. В компании рассказали, как инженерная точность влияет на надежность конструкций (реклама).

https://www.spot.uz/ru/2026/08/05/engelberg/"
@spotuz,39277,2026-08-05 08:56:58,4710,13,"**Узбекистан может поставлять в Кыргызстан по 20 тыс. тонн топлива в месяц**

Премьер-министр Кыргызстана Адылбек Касымалиев сообщил о переговорах с Узбекистаном и другими странами на тему поставок бензина и дизеля. Республика импортирует свыше 90% топлива, а возможности поставок из России сократились.

Официальный Бишкек ведет переговоры по ряду направлений — от Беларуси и Китая до Турции, Азербайджана и стран Европы. Китайские и белорусские партнеры уже начали оказывать поддержку в снабжении страны топливом.

«Мы также провели переговоры с премьер-министром Узбекистана [Абдуллой Ариповым], у них есть возможность поставлять по 20 тысяч тонн топлива в месяц», — заявил Касымалиев.

Власти продолжают субсидировать топливо из бюджета, обеспечивая более низкие цены по сравнению с Узбекистаном и Таджикистаном. Однако его стоимость будет постепенно расти, предупредил чиновник:

https://www.spot.uz/ru/2026/08/05/kyrgyzstan-fuel/

[Telegram](https://t.me/spotuz)  |  [Instagram](https://instagram.com/spot.uz)  |  [YouTube](https://youtube.com/@SpotUz)"
@spotuz,39278,2026-08-05 09:49:39,4631,11,"**С начала июля целевые ипотечные вклады открыли 338 граждан — Минэкономфин**

Механизм целевых ипотечных счетов заработал с 1 июля этого года. За месяц после его запуска на счета поступило в общей сложности 23,9 млрд сумов — 57% внесли сами заемщики, остальные 43% поступили из госбюджета.

Лидирует «Агробанк» — 141 вклад на 9,7 млрд сумов (41% от общего объема). Банк развития бизнеса привлек еще 65 ипотечных вкладов на 4,6 млрд сумов, Народный банк — 50 вкладов на 3,4 млрд сумов. 

Самые высокие ставки предложили Hamkorbank (18% годовых) и БРБ (16%). По регионам лидируют Ферганская и Хорезмская области — по 45 вкладов, тогда как в Сырдарьинской области пока их открыли только 4 человека.

https://www.spot.uz/ru/2026/08/04/real-estate/

[Telegram](https://t.me/spotuz)  |  [Instagram](https://instagram.com/spot.uz)  |  [YouTube](https://youtube.com/@SpotUz)"
@spotuz,39279,2026-08-05 09:59:14,4510,6,"**Почему Haval H7 стал одной из самых интересных новинок года: что технология Hi4 меняет для водителя**

В Haval рассказали, как гибридная технология GWM Hi4 в новом кроссовере H7 автоматически управляет полным приводом, помогает снизить расход топлива до 6,3 л на 100 км и делает автомобиль устойчивее на дороге (реклама).

https://www.spot.uz/ru/2026/08/05/haval-h7/"
@spotuz,39280,2026-08-05 10:16:17,4761,66,"**Строительство 6 из 9 блоков ЖК Newport в Ташкенте велось без регистрации — Стройинспекция**

В Инспекции по контролю в сфере строительства и ЖКХ заявили, что на территории ЖК Newport только три из девяти строящихся блоков были зарегистрированы в установленном порядке. По данным ведомства, остальные шесть возводились без прохождения обязательной регистрации в инспекции. 

В ведомстве сообщили, что неоднократно выдавали заказчику Mega Logistics Service предписания с требованием оформить необходимую градостроительную документацию и зарегистрировать объекты. После того как требования не были исполнены, должностных лиц компании привлекли к административной ответственности, а материалы проверки направили в правоохранительные органы.

Заявление прозвучало на фоне уголовного дела, возбужденного прокуратурой Ташкента после проверки обстоятельств сноса жилого дома для строительства Newport. Ранее столичная прокуратура также сообщила, что на территории комплекса без разрешения были возведены пять зданий, включая один 20-этажный и два 19-этажных жилых дома. 

«Выявленные на данном объекте факты правонарушений не были оставлены без внимания. По ним были проведены контрольные мероприятия, применены меры воздействия и приняты необходимые меры для правовой оценки», — подчеркнули в Стройинспекции:

https://www.spot.uz/ru/2026/08/05/mega-logistics-service/

[Telegram](https://t.me/spotuz)  |  [Instagram](https://instagram.com/spot.uz)  |  [YouTube](https://youtube.com/@SpotUz)"
@spotuz,39281,2026-08-05 10:57:09,4880,24,"**Узбекистан в июне импортировал рекордный объем газа из России и Туркменистана**

За полгода республика импортировала природного газа почти в 4 раза больше, чем экспортировала. Поставки из России и Туркменистана выросли до $971,7 млн (+41,4%), тогда как экспорт упал более чем на треть — до $232,9 млн.

В июне импорт обновил месячный максимум рекорд с начала года — $247 млн. При этом экспорт снижается второй месяц подряд после апрельского ($92,7 млн) пика, по итогам июня составив лишь $30 млн.

При этом данные Нацстаткома расходятся с китайской таможней на $14,2 млн. Согласно информации последней, в июне поставки из Узбекистана составили около $79 млн:

https://www.spot.uz/ru/2026/08/04/gas-trade/

[Telegram](https://t.me/spotuz)  |  [Instagram](https://instagram.com/spot.uz)  |  [YouTube](https://youtube.com/@SpotUz)"
@spotuz,39282,2026-08-05 11:08:31,4913,47,"**Курс доллара упал до минимума с декабря 2025 года — 11 886 сумов**

Центральный банк Узбекистана опубликовал курсы валют на 6 августа.

__Подробный график динамики курсов валют доступен на нашем __[__сайте__](https://www.spot.uz/ru/currency/)__.__

[Telegram](https://t.me/spotuz)  |  [Instagram](https://instagram.com/spot.uz)  |  [YouTube](https://youtube.com/@SpotUz)"
@spotuz,39283,2026-08-05 11:32:52,5055,27,"**Uklon анонсировал запуск в пяти городах Ферганской долины**

Сервис такси начинает работу в Фергане, Маргилане, Коканде, Намангане и Андижане. На первом этапе компания подключит к приложению водителей, после чего откроет прием заявок на доставку и пассажирские поездки.

До конца года для водителей во всех пяти городах будет действовать пониженная комиссия. Пользователи смогут выбрать тарифы «Лайт» и «Комфорт», а в Андижане, Маргилане и Фергане будет доступна функция «Быстрый поиск».

Запуск в Ферганской долине стал «важным этапом регионального развития», заявил генеральный менеджер Uklon Uzbekistan Эдуард Ковтун. Он назвал логичным комплексное развитие в регионе с несколькими близко расположенными крупными городами.

«Мы начинаем сразу с пяти городов и хотим постепенно выстроить здесь такой же понятный и удобный сервис для пользователей и водителей, каким Uklon уже стал в Ташкенте», — отметил Ковтун:

https://www.spot.uz/ru/2026/08/05/uklon-ferghana/

[Telegram](https://t.me/spotuz)  |  [Instagram](https://instagram.com/spot.uz)  |  [YouTube](https://youtube.com/@SpotUz)"
@spotuz,39284,2026-08-05 12:24:40,6031,94,"**В Чиланзаре приостановили строительство многоэтажного жилого дома из-за нарушений**

Стройинспекция приостановила строительные работы на массиве Домбрабад Чиланзарского района столицы. Инспекторы выявили ряд технических и других нарушений при возведении многоэтажного жилого дома.

В их числе — неправильная кладка наружных стен из газоблоков и отклонения от проекта при армокаркасных работах на шестом этаже. Также инспекторы зафиксировали несоблюдение техники безопасности и требований по борьбе с пылью.

Демонтаж конструкций, возведённых с отступлением от проекта, уже начат. Работы будут возобновлены только после устранения всех нарушений. 

https://www.spot.uz/ru/2026/08/05/construction-stop/

[Telegram](https://t.me/spotuz)  |  [Instagram](https://instagram.com/spot.uz)  |  [YouTube](https://youtube.com/@SpotUz)"
@spotuz,39285,2026-08-05 13:13:16,4768,19,"**Узбекистан присоединяется к Сингапурской конвенции ООН о медиации**

Закпалата 4 августа приняла сразу в трех чтениях проект закона о присоединении к Конвенции ООН о международных мировых соглашениях, достигнутых в результате медиации. Документ обозначает механизмы признания и исполнения решений, достигнутых по итогам решения споров в досудебном порядке.

Если предприниматель из Узбекистана урегулирует спор с зарубежным партнером путем медиации, исполнение решения в другой стране — участнице не потребует повторного рассмотрения дела в суде. Сейчас к конвенции присоединились 65 стран мира, включая США, Китай, Казахстан и Кыргызстан.

В Узбекистане положения конвенции будут применяться только при явном согласии сторон на их использование. Также из-под ее действия выводятся соглашения, одной из сторон которых выступает государство или его структуры:

https://www.spot.uz/ru/2026/08/04/mediation-convention/

[Telegram](https://t.me/spotuz)  |  [Instagram](https://instagram.com/spot.uz)  |  [YouTube](https://youtube.com/@SpotUz)"
@spotuz,39286,2026-08-05 13:50:33,4733,41,"**Цены на квартиры в новостройках Ташкента выросли на 5% за год — Нацкомстат**

Во втором квартале цены на жилье в среднем по Узбекистану поднялись на 1,3% к первому кварталу и на 4% за год. Данные рассчитаны по новой методике с учетом локации, площади, этажности и других параметров недвижимости.

Квартиры в годовом выражении дорожали быстрее по сравнению с частными домами — 5,5% против 2%. При этом за последний квартал цены на индивидуальное жилье ускорили рост (1,4% против 1,2%).

В Ташкенте квартиры подорожали на 1,3% за квартал и 3,9% в годовом выражении. Дома немного подешевели по сравнению с первым кварталом (-0,7%), однако остаются на 1,2% дороже прошлого года:

https://www.spot.uz/ru/2026/08/05/housing-prices/

[Telegram](https://t.me/spotuz)  |  [Instagram](https://instagram.com/spot.uz)  |  [YouTube](https://youtube.com/@SpotUz)"
@spotuz,39287,2026-08-05 14:01:34,4678,28,"**«Наша миссия — стереть границы»: как OSON превращается в международный финтех-холдинг**

Основатель и председатель наблюдательного совета OSON Holding Фарход Махмудов рассказал, как устроен холдинг из 15 компаний, какую роль в международной стратегии играет Дубай и какие продукты должны связать Центральную Азию с Ближним Востоком (реклама).

https://www.spot.uz/ru/2026/08/05/oson/"
@spotuz,39288,2026-08-05 14:39:26,4610,23,"**Территорию мемориального комплекса Ислама Каримова в Ташкенте откроют для всех жителей**

Власти Ташкента откроют для свободного посещения территорию мемориального комплекса Ислама Каримова. На площади 37 гектаров планируется создать открытый общественный парк: убрать ограждения, обустроить новые входы, пешеходные маршруты и полностью безбарьерную среду. 

Также столичный хокимият обещает сохранить существующие зеленые насаждения, создать новые зоны отдыха и оснастить территорию современным освещением и навигацией.Проект станет частью программы по развитию зеленых общественных пространств столицы. 

Недавно руководитель Администрации президента Саида Мирзиёева сообщала о планах открыть для всех жителей парк на улице Афросиаб, а также расширить Экопарк имени Бабура и парк имени Мирзо Улугбека:

https://www.spot.uz/ru/2026/08/05/public-park/

[Telegram](https://t.me/spotuz)  |  [Instagram](https://instagram.com/spot.uz)  |  [YouTube](https://youtube.com/@SpotUz)"
@spotuz,39289,2026-08-05 15:33:02,4514,34,"**Бизнес в Узбекистане сообщил о падении экспорта после ударов по складам Wildberries**

Узбекские предприниматели заявили о снижении экспорта через Wildberries из-за атак на логистическую инфраструктуру маркетплейса в России. О проблеме рассказала руководитель хорезмской компании ARTATEX Наргиза Бекмуратова на открытом диалоге с правительственной комиссией.

По ее словам, предприятие, где работают 300 человек, раньше ежегодно экспортировало продукцию на $3 млн, однако в этом году объемы поставок снизились. Предприниматель также выразила опасения, что из-за сложившейся ситуации у компании может возникнуть дебиторская задолженность.

«В пятницу проведем отдельное собрание [по ситуации вокруг Wildberries]. Я поговорил с их руководством — они подключатся со своей стороны. […] По этому вопросу мы подготовим системное решение», — заявил вице-премьер Жамшид Ходжаев.

С 18 июля под удары беспилотников неоднократно попадали склады и сортировочные центры Wildberries в различных регионах России. В результате атак возникали пожары, временно приостанавливалась работа логистических объектов, были повреждены товары продавцов, а также погибли и пострадали сотрудники компании. Сегодня из-за очередной атаки загорелся логистический центр Wildberries в Тульской области:

https://www.spot.uz/ru/2026/08/05/wildberries-export/

[Telegram](https://t.me/spotuz)  |  [Instagram](https://instagram.com/spot.uz)  |  [YouTube](https://youtube.com/@SpotUz)"
@spotuz,39290,2026-08-05 15:59:14,4460,20,"**Octobank запустил новые программы автокредитования**

Банк запустил две программы автокредитования для физических лиц — на новые автомобили у официальных дилеров и на автомобили с пробегом (реклама).

https://www.spot.uz/ru/2026/08/05/octobank/"
@spotuz,39291,2026-08-05 16:20:00,4806,36,"**Прибыль АГМК удвоилась благодаря росту экспорта и превысила 8,7 трлн сумов**

Алмалыкский горно-металлургический комбинат почти вдвое увеличил чистую прибыль по итогам первого полугодия 2026 года — с 4,4 трлн до 8,7 трлн сумов. Выручка предприятия выросла на 39,8% и достигла 30,2 трлн сумов.

Одним из главных факторов роста стало расширение экспорта: объем зарубежных поставок увеличился более чем в два раза — с $239,3 млн до $493,4 млн. Одновременно комбинат продолжил сокращать долговую нагрузку, уменьшив долгосрочные кредиты и займы на 4,7 трлн сумов.

АГМК также сохраняет высокие темпы реализации инвестпрограммы. В 2026 году компания намерена реализовать семь крупных проектов стоимостью почти $295 млн, из которых за первое полугодие уже освоено $142,8 млн. Кроме того, за шесть месяцев комбинат перечислил в государственный бюджет 16 трлн сумов:

https://www.spot.uz/ru/2026/08/04/ammc-h1/

[Telegram](https://t.me/spotuz)  |  [Instagram](https://instagram.com/spot.uz)  |  [YouTube](https://youtube.com/@SpotUz)"
@spotuz,39292,2026-08-05 16:40:01,5334,47,"🌐 **Кейс LockerPost: почему продукт с 5-летней разработкой оказался не нужен**

Рустамбек Асымов потратил почти пять лет на создание LockerPost — сети умных почтоматов, куда можно было отправить посылку просто по контакту в Telegram, без адреса. 

Компания договорилась с Korzinka и UzPost, по всей стране работало больше 350 локеров. Но спроса не случилось: за три месяца в одном из самых проходимых супермаркетов сервисом воспользовались всего 15 человек. «15 человек из десятков тысяч, которые проходили мимо!» — вспоминает основатель.

При расходах в $15 тыс. в месяц проект зарабатывал не больше $400, и в феврале 2024 года Асымов свернул бизнес. Сегодня платформа работает в зарядных станциях для курьеров, камерах хранения Центра исламской цивилизации и почтоматах UzPost.

__Почему стартап опередил свое время и как одна разработка нашла себя в трех разных бизнесах — в интервью Spot:__

https://www.spot.uz/ru/2026/07/25/lockerpost/

[Telegram](https://t.me/spotuz)  |  [Instagram](https://instagram.com/spot.uz)  |  [YouTube](https://youtube.com/@SpotUz)"
@spotuz,39293,2026-08-06 04:00:00,5237,58,"**Акции «Узбектелекома» выросли в четыре раза с начала года, обновив исторический максимум**

Простые акции «Узбектелекома» во вторник, 4 августа, обновили исторический максимум, завершив торги на Республиканской фондовой бирже «Тошкент» на уровне 8000 сумов за бумагу. По итогам дня котировки выросли на 13,3%.

Одним из главных драйверов роста стала финансовая отчетность компании, опубликованная 29 июля. По итогам первого полугодия чистая прибыль «Узбектелекома» выросла до 896 млрд сумов против 10 млрд сумов годом ранее. 

Дополнительным фактором, способным поддержать спрос на бумаги, стала публикация Национальным инвестиционным фондом Узбекистана обновленной оценки чистой стоимости активов (NAV), подготовленной оценщиком по итогам первого полугодия:

https://www.spot.uz/ru/2026/08/04/uztelecom-h1/

[Telegram](https://t.me/spotuz)  |  [Instagram](https://instagram.com/spot.uz)  |  [YouTube](https://youtube.com/@SpotUz)"
@spotuz,39294,2026-08-06 04:45:29,5022,14,"**В Узбекистане в июле снизились потребительские цены из-за удешевления овощей и фруктов**

По данным Нацкомстата, месячная дефляция составила 0,1% на фоне снижения цен на продовольствие. Сильнее всего подешевели баклажаны (-42,8%), болгарский перец (-39,4%), помидоры (-24%), арбузы (-20,3%) и картофель (-18%).

В то же время ускорился рост цен на топливо: бензин подорожал на 4,8%, пропан — на 1,7%. Также значительный вклад в инфляцию внесли повышения цен на автобусы в Ташкентской области и на вывоз отходов в Ферганской области.

Годовая инфляция сохранилась на июньском уровне — 6,4%, а с начала года цены выросли на 3,2%. Ташкент стал лидером по темпам инфляции с 6,9%, а наименьший рост цен отмечен в Сырдарьинской области (5,4%):

https://www.spot.uz/ru/2026/08/06/deflation/

[Telegram](https://t.me/spotuz)  |  [Instagram](https://instagram.com/spot.uz)  |  [YouTube](https://youtube.com/@SpotUz)"
@spotuz,39295,2026-08-06 05:38:37,5205,24,"**Доходность сумовых вкладов выросла впервые с марта — Центробанк**

В июне ставки по сумовым вкладам прервали трехмесячное падение и достигли 17,6% — на 0,5 п.п. выше майского уровня в 17,1%, который стал наименьшим показателем с февраля 2022 года. За год ставки снизились более чем на 2%.

Реальная доходность (за вычетом инфляционных ожиданий) в мае достигала пика в 8,7%, но к июню скорректировалась до 8,3%. Для физических лиц средняя ставка составила 19,2% — минимум с весны 2021 года.

Валютные депозиты в мае резко выросли до 5,5%, затем откатились до 4,5%. Подробности:

https://www.spot.uz/ru/2026/08/05/deposits-h1-2026/

[Telegram](https://t.me/spotuz)  |  [Instagram](https://instagram.com/spot.uz)  |  [YouTube](https://youtube.com/@SpotUz)"
@spotuz,39296,2026-08-06 06:11:15,5315,29,"**TBC Uzbekistan представила финансовые результаты за II квартал 2026 года по МСФО**

Компания сообщила о росте ключевых показателей, запуске новых продуктов, расширении кредитного портфеля до 10,48 трлн сумов и завершении сделки по приобретению OLX Uzbekistan (реклама).

https://www.spot.uz/ru/2026/08/06/tbc-bank/"
@spotuz,39297,2026-08-06 06:56:08,5295,23,"**Шавкат Мирзиёев подписал новый закон об автодорогах с требованиями к платным трассам**

Документ, разработанный на замену предыдущей редакции закона от 2007 года, проходил через разные этапы принятия около года. Целью его принятия названо развитие автодорожной отрасли и упорядочение правоотношений в сфере.

Одним из главных нововведений стало понятие платных дорог. Решения об их строительстве принимаются президентом или Кабмином, при этом для платной трассы обязательно наличие бесплатного альтернативного маршрута.

Также закон обозначает минимальные размеры полосы отвода вдоль дорог общего пользования в зависимости от категории — от 25 до 80 метров:

https://www.spot.uz/ru/2026/08/06/motorways-act/

[Telegram](https://t.me/spotuz)  |  [Instagram](https://instagram.com/spot.uz)  |  [YouTube](https://youtube.com/@SpotUz)"
@spotuz,39298,2026-08-06 07:54:06,4939,34,"**На развитие животноводства до конца 2028 года направят $463 млн**

Президент ознакомился с предложениями по развитию сферы животноводства и наращиванию производства мясной и молочной продукции. До 2028 года планируется увеличить производство мяса на 190 тыс. тонн, чтобы частично покрыть растущие потребности.

Для этого будут приняты меры по оздоровлению 103 предприятий, включая предоставление им земли и отсрочек по кредитам. В личных подсобных хозяйствах населения будут созданы 11 тыс. коровников из легких конструкций вместимостью до 20 голов.

Также ставится задача импортировать 150 тыс. овец из Монголии и 100 тыс. голов крупного рогатого скота из стран Европы и Китая. Всего в ближайшие 2,5 года будут реализованы 802 новых проекта для производства 20 тыс. тонн мяса и 120 тыс. тонн молока в год:

https://www.spot.uz/ru/2026/08/05/livestock-import/

[Telegram](https://t.me/spotuz)  |  [Instagram](https://instagram.com/spot.uz)  |  [YouTube](https://youtube.com/@SpotUz)"
@spotuz,39299,2026-08-06 09:00:28,4922,18,"**Поток трудовых мигрантов из Узбекистана в Россию снизился более чем на 13%**

Согласно данным российской пограничной службы, за первое полугодие узбекистанцы совершили более 1,17 млн въездов с целью работы. При этом их количество снизилось на 13,2% к тому же периоду 2025 года.

Также отмечалось снижение числа поездок в РФ из других стран Центральной Азии. Граждане Таджикистана пересекали границу в рабочих целях почти на 18% реже прошлогоднего, а кыргызстанцы — на 16,7%.

По словам экспертов, на снижение притока иностранцев повлияло ужесточение миграционной политики и рост затрат на патенты. Кроме того, в центральноазиатских странах чаще рассматривают трудоустройство в других странах, включая Китай, Корею и ЕС:

https://www.spot.uz/ru/2026/08/06/russia-migration/

[Telegram](https://t.me/spotuz)  |  [Instagram](https://instagram.com/spot.uz)  |  [YouTube](https://youtube.com/@SpotUz)"
@spotuz,39300,2026-08-06 09:30:00,5314,21,"**Хоким Ташкента взял на контроль ситуацию с недостроенным жилым комплексом в Сергелийском районе**

Столичная администрация провела служебную проверку после обращений от граждан, купивших в недостроенном доме квартиры. Застройщик Original Lyuks Servis получил землю в аренду в 2021 году и оформил разрешение на строительство осенью 2022 года.

По оценкам властей, строительство объекта завершено приблизительно на 53%. Представитель застройщика в ходе встречи с покупателями, прокуратурой и другими госорганами обещал в ближайшее время решить все вопросы по объекту.

Компания планирует составить график завершения работ и сдачи квартир покупателям, а также представить информацию об источнике их финансирования. Ситуация находится на личном контроле хокима Шавката Умурзакова, отмечается в сообщении:

https://www.spot.uz/ru/2026/08/06/kushkurgan-ols/

[Telegram](https://t.me/spotuz)  |  [Instagram](https://instagram.com/spot.uz)  |  [YouTube](https://youtube.com/@SpotUz)"
@spotuz,39301,2026-08-06 09:59:14,4985,23,"**Ipoteka bank OTP Group опубликовал финансовые результаты за первое полугодие 2026**

Банк завершил первое полугодие 2026 года с чистой прибылью 1,24 трлн сумов ($102,7 млн), увеличив показатель на 43% год к году и второй квартал подряд возглавив рейтинг по прибыльности банков Узбекистана по данным НСБУ (реклама).

https://www.spot.uz/ru/2026/08/06/ipoteka-bank/"
@spotuz,39302,2026-08-06 10:15:22,5340,100,"**Чистая прибыль TBC Uzbekistan сократилась на 23%, проблемные кредиты достигли 10,6%**

TBC Bank Group опубликовала консолидированную отчетность по МСФО за первое полугодие. Операционный доход бизнес-сегмента TBC Uzbekistan составил $122 млн, при этом чистая прибыль снизилась на 23% в годовом выражении — до $15,8 млн, а прибыль до налогообложения сократилась на 65%, до $8,1 млн. 

Качество кредитного портфеля ухудшилось: доля проблемных кредитов (NPL) выросла до 10,6% против 4,1% годом ранее, а рентабельность капитала (ROE) упала с 16,9% до 10,6%.

На фоне этого экосистема продолжила расти: число ежемесячно активных пользователей достигло 5,8 млн, а объем платежей во втором квартале увеличился на 45% в годовом выражении, до 38,8 трлн сумов — это более 20% платежного рынка Узбекистана. 

Кредитный портфель TBC Uzbekistan снизился на 6,4% в годовом выражении, до 10,481 трлн сумов, тогда как депозитный портфель, напротив, вырос на 8,2%, превысив 6,594 трлн сумов:

https://www.spot.uz/ru/2026/08/06/tbc-uzbekistan/

[Telegram](https://t.me/spotuz)  |  [Instagram](https://instagram.com/spot.uz)  |  [YouTube](https://youtube.com/@SpotUz)"
@spotuz,39303,2026-08-06 10:45:00,5224,11,"**МЧС закрыло часть рынка «Куйлюк» из-за нарушений правил пожарной безопасности**

Пожарные инспекторы в ходе проверки комплекса выявила ряд нарушений норм — в частности, нерабочий спринклер системы пожаротушения в одном из помещений. Часть рынка с нарушениями была временно обесточена.

В Главном управлении по чрезвычайным ситуациям Ташкента объяснили решение риском пожаров и угрозами жизни, здоровью и имуществу граждан. Работа рынка полностью возобновится после устранения нарушений.

Хоким столицы Шавкат Умурзаков в июне ввел «особый противопожарный режим» с усилением проверок электропроводки и газовых сетей. Также он запретил общепиту использовать бытовые газовые баллоны:

https://www.spot.uz/ru/2026/08/06/qoyliq-shutdown/

[Telegram](https://t.me/spotuz)  |  [Instagram](https://instagram.com/spot.uz)  |  [YouTube](https://youtube.com/@SpotUz)"
@spotuz,39304,2026-08-06 11:24:43,4930,8,"**Доллар подорожал до 11 915 сумов**

Центральный банк Узбекистана опубликовал курсы валют на 7 августа.

__Подробный график динамики курсов валют доступен на нашем __[__сайте__](https://www.spot.uz/ru/currency/)__.__

[Telegram](https://t.me/spotuz)  |  [Instagram](https://instagram.com/spot.uz)  |  [YouTube](https://youtube.com/@SpotUz)"
@spotuz,39305,2026-08-06 11:47:40,5109,12,"**Проект закона об ужесточении ответственности за грубые нарушения ПДД направлен в Сенат
**
Закпалата приняла документ во втором и третьем чтениях через два дня после первого. Он включает поправки в Кодекс об административной ответственности, Уголовный и Уголовно-процессуальный кодексы, а также в закон «О дорожном движении».

Законопроект предусматривает изъятие машин у нарушителей, не имеющих или лишенных водительских прав, на срок до 1 года. Также будут отменены скидок при оплате штрафов за повторные грубые нарушения.

Усиливается ответственность за такие нарушения, как передача управления несовершеннолетним, незаконные гонки и превышение скорости более чем на 80 км/ч. Сейчас документ ждет одобрения Сенатом и подписи президента:

https://www.spot.uz/ru/2026/08/06/traffic-infraction-pass/

[Telegram](https://t.me/spotuz)  |  [Instagram](https://instagram.com/spot.uz)  |  [YouTube](https://youtube.com/@SpotUz)"
@spotuz,39306,2026-08-06 11:59:15,5140,27,"**UZCARD выступит ключевым партнером Silk Road Finance & Technology Forum**

Международный форум пройдет с 24 по 26 августа в Ташкенте и будет посвящен развитию финансовых технологий, цифровой экономики и платежной инфраструктуры (реклама).

https://www.spot.uz/ru/2026/08/06/uzcard/"
@spotuz,39307,2026-08-06 12:38:46,5359,88,"**Wildberries может перенести часть складов в Узбекистан после атак беспилотников**

Маркетплейс рассматривает перенос товарного запаса на склады за пределами России — в Узбекистане, Беларуси и Казахстане. По данным СМИ, часть товаров для длительного хранения уже начали перенаправлять на зарубежные площадки.

После атак беспилотников, начавшихся 18 июля, компания могла потерять до 20% своей логистической инфраструктуры. Продавцы опасаются удорожания доставки и роста ее сроков из-за трансграничных перевозок.

В Казахстане Wildberries арендует 46 тыс. кв. метров и планирует построить ещё 260 тыс. кв. метров к следующему году. В Узбекистане компания анонсировала создание логистического хаба стоимостью свыше $300 млн:

https://www.spot.uz/ru/2026/08/06/wb-warehouses/

[Telegram](https://t.me/spotuz)  |  [Instagram](https://instagram.com/spot.uz)  |  [YouTube](https://youtube.com/@SpotUz)"
@spotuz,39308,2026-08-06 13:20:21,4897,20,"**В Узбекистане планируют увеличить штрафы за нарушения в сфере промышленной безопасности**

Мингеологии подготовило проект закона об упорядочении правовых отношений в сфере добычи полезных ископаемых. Согласно ему, Инспекция по надзору в горнодобывающей промышленности получит право налагать штрафы за нарушения на подведомственых объектах.

Также планируется увеличить штрафы за нарушения требований промышленной безопасности и правил оборота взрывчатки. При первом привлечении сумма штрафа для граждан составит до 2,2 млн сумов, для должностных лиц — до 4,4 млн сумов.

Кроме того, Инспекция по надзору в горной промышленности будет лицензировать производство взрывчатки и следить за утилизацией отходов, произведенных при добыче полезных ископаемых. Обсуждение законопроекта продлится до 12 августа:

https://www.spot.uz/ru/2026/08/05/geology-safety/

[Telegram](https://t.me/spotuz)  |  [Instagram](https://instagram.com/spot.uz)  |  [YouTube](https://youtube.com/@SpotUz)"
@spotuz,39309,2026-08-06 13:52:22,5404,16,"**Мирзиёев поручил РЭС сократить аварий и повысить надежность электроснабжения**

Президенту представили первые результаты реализации поручений по реформированию энергоотрасли. Власти планируют распространить на всю страну систему работы, уже запущенную в Янгиюльском районе, где обращения жителей и бизнеса по вопросам электро- и газоснабжения рассматриваются в открытом формате.

«Региональные электрические сети» должны повысить надежность электроснабжения на местах, поэтапно модернизировать инфраструктуру, сократить число аварийных отключений и улучшить качество обслуживания потребителей.

Также Минэнерго поручено выстроить единую систему управления отраслью, ускорить реализацию инвестпроектов и подготовку к осенне-зимнему периоду. Отдельное внимание уделят модернизации сетей, сокращению потерь, борьбе с коррупцией при подключении к коммуникациям, развитию поставок сжиженного газа и внедрению ИИ для мониторинга работы энергосистем:

https://www.spot.uz/ru/2026/08/06/energy/

[Telegram](https://t.me/spotuz)  |  [Instagram](https://instagram.com/spot.uz)  |  [YouTube](https://youtube.com/@SpotUz)"
@spotuz,39310,2026-08-06 14:00:15,4626,14,"**В AKFA рассказали, как отличить качественные ПВХ-окна**

В компании объяснили, какие элементы конструкции определяют надежность, энергоэффективность и срок службы ПВХ-окна (реклама).

https://www.spot.uz/ru/2026/08/06/akfa/"
@spotuz,39311,2026-08-06 14:43:49,4621,13,"**Проезд в автобусах, морковь и бензин: что сильнее всего подорожало в Узбекистане в июле**

В июле была зафиксирована дефляция — потребительские цены снизились на 0,1%, тогда как годовая инфляция сохранилась на уровне 6,4%. Основной причиной стало сезонное удешевление плодоовощной продукции: сильнее всего подешевели баклажаны (-42,8%), болгарский перец (-39,4%), помидоры (-24%), арбузы (-20,3%) и картофель (-18%). При этом среди продуктов заметнее всего выросли цены на морковь (+12,6%), рис (+5,9%) и лук (+1,7%).

Среди непродовольственных товаров главным драйвером роста цен стало автомобильное топливо. Бензин в среднем подорожал на 4,8% за месяц, при этом марки АИ-98 и АИ-100 выросли в цене сразу на 10%, АИ-95 — на 8,5%, а АИ-92 — на 3,9%. Также подорожал пропан (+1,7%). В сфере услуг сильнее всего выросла стоимость вывоза бытовых отходов (+2,7%), проезда в городских автобусах (+1,4% в среднем по стране) и услуг связи (+1,1%).

В годовом выражении быстрее всего подорожали финансовые услуги (+43,6%), сжиженный газ (+34,6%), помидоры (+30,5%), вывоз бытовых отходов (+25,6%) и бензин (+21,7%). Одновременно за последний год заметно снизились цены на баклажаны (-31%), чеснок (-27,5%), лук (-16,5%), морковь (-13,3%) и картофель (-9,3%):

https://www.spot.uz/ru/2026/08/06/price-change-july26/

[Telegram](https://t.me/spotuz)  |  [Instagram](https://instagram.com/spot.uz)  |  [YouTube](https://youtube.com/@SpotUz)"
@spotuz,39312,2026-08-06 15:35:46,4602,26,"**Все парки Ташкента планируют объединить в «зеленый маршрут» площадью 700 га**

В Ташкенте начали открывать для свободного посещения территорию мемориального комплекса имени Ислама Каримова. Первым этапом станет демонтаж почти 2 км решетчатых ограждений, после чего здесь создадут прогулочные зоны, обновят тротуары и благоустроят территорию.

По словам заместителя хокима столицы Азизхона Шавкатова, этот парк станет частью масштабного проекта по созданию единого «зеленого маршрута» города площадью около 700 гектаров. Он должен связать Magic City, парк «Анхор-Локомотив», Экопарк, парк имени Тельмана, парк имени Абдуллы Кадыри, Центр исламской цивилизации и рынок Чорсу.

«Мы поставили перед собой большую цель — соединить территорию этого парка с „зеленым маршрутом“ Ташкента, связав его с другими парками», — заявил Шавкатов.

Власти подчеркивают, что капитального строительства на территории мемориального комплекса не будет. Также обещают сохранить все существующие деревья — новые дорожки планируют прокладывать с учетом уже сложившейся парковой инфраструктуры:

https://www.spot.uz/ru/2026/08/06/green-tashkent/

[Telegram](https://t.me/spotuz)  |  [Instagram](https://instagram.com/spot.uz)  |  [YouTube](https://youtube.com/@SpotUz)"
@spotuz,39313,2026-08-06 15:59:18,4816,34,"**На President AI Award выделят $1 млн инвестиций для 15 стартапов**

Финансирование от IT Park Ventures получат проекты в сферах госуправления, медицины, образования, промышленности и агротехнологий. Заявки на конкурс принимаются до 15 августа. Для участия командам необходимо иметь работающий MVP (реклама).

https://www.spot.uz/ru/2026/08/06/president-tech-award/"
@spotuz,39314,2026-08-06 16:34:50,5019,15,"**Узбекистан и Казахстан с 10 августа снимут торговые барьеры по 20 видам продукции**

Новый посол Казахстана в Узбекистане Ералы Тугжанов сообщил, что с 10 августа стороны договорились отменить тарифные и нетарифные барьеры примерно по 20 видам продукции.

«Почти по 20 видам товаров в течение недели были приняты решения, и с 10 августа барьеры будут сняты. Такого оперативного принятия решений, мне кажется, еще не было», — сказал дипломат.

По словам Тугжанова, лидеры двух стран поставили задачу увеличить взаимный товарооборот до $10 млрд. За первые пять месяцев этого года торговля уже выросла почти на 38%, а Казахстан, по его словам, готов нарастить поставки в Узбекистан по 261 виду товаров.

Председатель Торгово-промышленной палаты Узбекистана Даврон Вахабов подтвердил, что речь идет примерно о 20 категориях продукции. По его словам, предприниматели давно жаловались на существующие тарифные и нетарифные барьеры, поэтому их отмена станет важным шагом для развития взаимной торговли:

https://www.spot.uz/ru/2026/08/06/kazakhstan-trade/

[Telegram](https://t.me/spotuz)  |  [Instagram](https://instagram.com/spot.uz)  |  [YouTube](https://youtube.com/@SpotUz)"
@spotuz,39315,2026-08-07 04:00:25,4996,11,"**Число партнерских пунктов выдачи Uzum Market превысило 1000**

Свой бизнес с Uzum Market развивают уже более 650 партнеров-франчайзи, в июле только через партнерские пункты было выдано более 1,1 млн заказов (реклама).

https://www.spot.uz/ru/2026/08/07/uzum-market/"
@spotuz,39316,2026-08-07 04:42:19,5702,53,"**Курсы для гидов и льготы на ввоз техники: в Узбекистане планируют развивать активный туризм**

Комитет по туризму разработал проект постановления о развитии активных видов туризма. Он включает перечень из 162 перспективных объектов в пяти регионах — горных пиков и массивов, водопадов, озер и пещер.

Для организаторов бизнеса в сфере активного туризма предлагается на три года ввести льготы при ввозе:
🔹квадроциклов, внедорожников, багги;
🔹гидроциклов;
🔹парашютов, дельтапланов, парапланов;
🔹горного и альпинистского снаряжения и т.д.

Планируется обозначить порядок организации экстремального туризма, включая зиплайны и тай-парки, а также запустить курсы горных гидов и проводников. Погранслужба СГБ будет выдавать электронные разрешения на поездки в приграничные районы.

https://www.spot.uz/ru/2026/08/06/active-tourism/

[Telegram](https://t.me/spotuz)  |  [Instagram](https://instagram.com/spot.uz)  |  [YouTube](https://youtube.com/@SpotUz)"
@spotuz,39317,2026-08-07 05:42:33,4894,25,"**На закупку и содержание породистых коров выделят до 4 млн сумов субсидий**

Президент утвердил новые меры поддержки животноводства. Агентство по платежам в аграрной сфере до начала 2030 года будет предоставлять племенным хозяйствам субсидии за покупку коров и буйволиц, а также за их содержание в первые 1,5 года.

Агентство животноводства создаст сервисную компанию для реализации проектов в сфере животноводства за рубежом. Также она будет заниматься поставками импортного скота по запросам фермеров, его ветеринарным и зоотехническим обслуживанием.

На эти цели агентству будет предоставлено до 70 млрд сумов. Кроме того, в Узбекистане появится ассоциация скотоводов «Чорвачилар»:

https://www.spot.uz/ru/2026/08/07/livestock-subsidies/

[Telegram](https://t.me/spotuz)  |  [Instagram](https://instagram.com/spot.uz)  |  [YouTube](https://youtube.com/@SpotUz)"
@spotuz,39318,2026-08-07 05:59:14,5033,13,"**«Доверие строится на прозрачности»: как «Мариллион» помогает бизнесу адаптироваться на рынке Узбекистана**

Управляющий директор консалтинговой компании «Мариллион» Андрей Гадубяк рассказал о планах развития компании и решениях для локальных и международных клиентов в Узбекистане (реклама).

https://www.spot.uz/ru/2026/08/07/marillion/"
@spotuz,39319,2026-08-07 06:58:53,5066,58,"**Какие банки Узбекистана хуже всего работают с обращениями клиентов**

Центральный банк представил список коммерческих банков с наиболее высоким индексом обращений. За апрель-июнь регулятор получил 11 331 обращение по поводу работы банков.

AVO Bank возглавил квартальный антирейтинг ЦБ по жалобам клиентов. Его индекс обращений вырос с 2,16 до 4,42 — более чем вдвое по сравнению с первым кварталом.

В топ-10 также вошли «Банк развития бизнеса» (2,78), «Микрокредитбанк» (2,69), TBC Bank (2,63) и Anor Bank (1,84). Три новых участника — InfinBank, «Ипотека-банк» и «Капиталбанк», тогда как Davr Bank, Tenge Bank и «Агробанк» из рейтинга выбыли.

Индекс отражает соотношение доли жалоб на банк к его доле по числу клиентов — **финансовое состояние он не оценивает**:

https://www.spot.uz/ru/2026/08/07/banks-complaints/

[Telegram](https://t.me/spotuz)  |  [Instagram](https://instagram.com/spot.uz)  |  [YouTube](https://youtube.com/@SpotUz)"
@spotuz,39320,2026-08-07 07:30:14,4693,14,"🌐🌐🌐🌐🌐**Сокращение инвестпрограммы «Росатома» не повлияет на проект АЭС в Узбекистане**

Сокращение инвестиционной программы «Росатома» в 2026 году не затронет международные обязательства госкорпорации, включая строительство атомной электростанции в Узбекистане, сообщили Spot в пресс-службе российской компании.

Ранее зарубежные СМИ связали сокращение инвестиций компании с возможным пересмотром сроков строительства АЭС в Казахстане и Узбекистане. В «Росатоме» заявили Spot, что корректировка инвестпрограммы «касается исключительно внутрироссийских проектов» и не затрагивает «международные обязательства госкорпорации, в том числе по сооружению АЭС в Узбекистане».

«Проект реализуется строго в соответствии с межправительственными договоренностями и согласованными графиками», — подчеркнули в «Росатоме».

4 июня президенты Узбекистана и России дали старт строительству первого энергоблока интегрированной АЭС. На фундаментную плиту станции малой мощности был залит «первый бетон», после чего объект получил статус строящейся АЭС по стандартам МАГАТЭ:

https://www.spot.uz/ru/2026/08/07/rosatom/

[Telegram](https://t.me/spotuz)  |  [Instagram](https://instagram.com/spot.uz)  |  [YouTube](https://youtube.com/@SpotUz)"
@spotuz,39321,2026-08-07 08:11:16,4604,9,"**Снова в школу: как бизнесу подготовиться к высокому сезону продаж**

Период подготовки к школе стал одним из крупнейших сезонов продаж для бизнеса в Узбекистане. Эксперты Yandex Ads объяснили, как заранее подготовиться к росту спроса, выделиться на фоне конкурентов и не потерять клиентов после 1 сентября (реклама).

https://www.spot.uz/ru/2026/08/07/yandex-ads/"
@spotuz,39322,2026-08-07 08:59:06,4699,14,"**В Узбекистане поручено создать свободный рынок сжиженного газа — глава Минэнерго**

Новый министр энергетики Шерзод Ходжаев рассказал о планируемых реформах сферы. Для каждой махалли будет создан энергетический паспорт с данными о потребителях, состоянии электро- и газовых сетей, стоимости ремонта и возможностях подключения новых абонентов.

Взаимодействие поставщиков газа и электроэнергии с потребителями перейдет в цифровой формат. Планируется развивать онлайн-платформы и интегрировать их с биллинговыми системами, а также принимать сообщения о перебоях в мобильном приложении.

Также планируется создать свободный рынок сжиженного газа — для предпринимателей упростят продажу импортного топлива. Кроме того. для сокращения потерь и аварий в сетях планируется задействовать ИИ и цифровые инструменты контроля персонала:

https://www.spot.uz/ru/2026/08/07/liquefied-gas/

[Telegram](https://t.me/spotuz)  |  [Instagram](https://instagram.com/spot.uz)  |  [YouTube](https://youtube.com/@SpotUz)"
@spotuz,39323,2026-08-07 09:47:12,5253,28,"**Все трансформаторы «красной» категории отремонтируют до 1 сентября — РЭС**

К осенне-зимнему сезону ставится задача отремонтировать все объекты электросетевой инфраструктуры, отнесенные к «красной» категории. Чаще всего проблемы наблюдаются на уровне низковольтных местных линий электропередачи, заявил глава «Региональных электросетей» Сардор Исакулов.

В каждой махалле проводится анализ трансформаторов, а также инвентаризация и проверка электросчетчиков. В рамках пилотного проекта в Шараф-Рашидовском районе из 65 трансформаторов «красной» категории отремонтировано около 40.

«Узэнергоинспекция» проконтролирует ремонт объектов и запустит ежемесячный рейтинг выполнения задач в этой сфере. Кроме того, надзорный орган запускает «цифровой офис» для мониторинга в сфере энергоресурсов от добычи до потребления — в том числе с применением ИИ:

https://www.spot.uz/ru/2026/08/07/electricity-plans/

[Telegram](https://t.me/spotuz)  |  [Instagram](https://instagram.com/spot.uz)  |  [YouTube](https://youtube.com/@SpotUz)"
@spotuz,39324,2026-08-07 10:00:20,5262,61,"**Hayot Ventures открыл прием заявок для технологических стартапов**

Фонд рассматривает технологические проекты со всего Узбекистана на стадиях идеи, MVP и Pre-Seed, а объем инвестиций в один стартап составит от $10 тыс. до $150 тыс. (реклама).

https://www.spot.uz/ru/2026/08/07/hayot-ventures/"
@spotuz,39325,2026-08-07 10:38:39,5258,30,"**Первый снимок со спутника Samarkand-2028 **

Спустя несколько часов после запуска спутник Samarkand-2028 получил первый снимок — он сделан над Афинами, Греция. Аппарат 5 августа вывели на орбиту с морской стартовой платформы у побережья китайской провинции Шаньдун.

Спутник создала китайская компания STAR .VISION совместно с Агентством «Узбеккосмос». При этом узбекские специалисты разработали для него ИИ-модуль, который обрабатывает гиперспектральные данные прямо на орбите. Это позволяет сокращать объем передаваемой на Землю информации и быстрее получать нужные данные.

Samarkand-2028 планируется использовать для мониторинга сельхозугодий и водных ресурсов, оценки экологической ситуации и наблюдения за природными ресурсами. Название спутника связано с тем, что в 2028 году Самарканд примет 79-й Международный астронавтический конгресс.

__Фото: OSE / LinkedIn__

[Telegram](https://t.me/spotuz)  |  [Instagram](https://instagram.com/spot.uz)  |  [YouTube](https://youtube.com/@SpotUz)"
@spotuz,39326,2026-08-07 10:55:02,4660,16,"**Изъятие авто у нарушителей ПДД на срок до года заработает через три месяца после принятия закона**

6 августа, при рассмотрении во втором чтении закона об ужесточении ответственности за грубые нарушения ПДД, спикер Закпалаты Нуриддин Исмаилов спросил о механизме изъятия авто на срок до года. Глава профильного комитета Джахонгир Ширинов ответил, что его должен будет утвердить Кабмин.

Ко второму чтением в законопроект была добавлена норма о вступлении поправок в силу через три месяца после принятия. Депутат Улугбек Кабулов призвал депутатов как можно скорее принять их в итоговом чтении, чтобы они послужили «скорейшему предотвращению автокатастроф».

После краткого обсуждения законодатели приняли решение установить трехмесячную отсрочку только для пункта об изъятии машин — остальные нормы закона вступят в силу сразу после его подписания президентом:

https://www.spot.uz/ru/2026/08/06/impounding/

[Telegram](https://t.me/spotuz)  |  [Instagram](https://instagram.com/spot.uz)  |  [YouTube](https://youtube.com/@SpotUz)"
@spotuz,39327,2026-08-07 11:13:56,4684,5,"**Доллар завершает рабочую неделю подорожанием до 11 952 сумов**

Центральный банк Узбекистана опубликовал курсы валют на 10 августа.

__Подробный график динамики курсов валют доступен на нашем __[__сайте__](https://www.spot.uz/ru/currency/)__.__

[Telegram](https://t.me/spotuz)  |  [Instagram](https://instagram.com/spot.uz)  |  [YouTube](https://youtube.com/@SpotUz)"
@spotuz,39328,2026-08-07 11:52:50,4770,23,"**Казахстанские мукомолы пожаловались на контрафакт в Узбекистане и Афганистане**

На узбекско-казахстанском бизнес-форуме президент Союза зернопереработчиков Казахстана Жомарт Мотышев поднял вопрос контрафактной муки. По его словам, продукцию фасуют под брендами казахстанских компаний и поставляют в Афганистан.

Бизнесмен предложил усилить пограничный контроль в обеих странах и отдельно обсудить транзит казахстанской муки. Председатель Торгово-промышленной палаты Узбекистана Даврон Вахабов признал случаи перефасовки.

В свою очередь, глава казахстанской палаты «Атамекен» Канат Шарлапаев отметил популярность казахстанского брендинга на афганском рынке, при этом подчеркнув репутационные риски от контрафакта.

«Нам, конечно, с одной стороны приятно — имитация лучшая форма лести, но с другой стороны мы деньги теряем», — сказал Шарлапаев:

https://www.spot.uz/ru/2026/08/07/kazakhstan-flour/

[Telegram](https://t.me/spotuz)  |  [Instagram](https://instagram.com/spot.uz)  |  [YouTube](https://youtube.com/@SpotUz)"
@spotuz,39329,2026-08-07 11:59:15,4800,20,"**Улучшение точности маркетинговой аналитики: кейс Centrum Air и CoobX**

В CoobX рассказали, как совместно с Centrum Air удалось усовершенствовать систему трекинга и аналитики для более точной оценки эффективности рекламных кампаний (реклама).

https://www.spot.uz/ru/2026/08/07/coobx-centrum/"
@spotuz,39330,2026-08-07 12:30:00,5453,37,"🌐 **Удорожание кредитов и подрыв доверия к банкам: что думают эксперты о налоге на вклады**

Институт при Минэкономфине предложил брать 5% с процентов по депозитам. Бюджет мог бы получить 1,4 трлн сумов, но эксперты сомневаются: если люди начнут забирать деньги из банков, реальная сумма окажется меньше.

Экономист Ботир Кобилов сравнивает нынешний подход с абсурдом: «Мы взимаем налог не с урожая, а с семян». Кредиты могут подорожать, а хранить сбережения в долларах снова станет выгоднее.

__Что реально может измениться и почему эксперты против — в материале Spot:__

https://www.spot.uz/ru/2026/08/06/deposit-tax/

[Telegram](https://t.me/spotuz)  |  [Instagram](https://instagram.com/spot.uz)  |  [YouTube](https://youtube.com/@SpotUz)"
@spotuz,39331,2026-08-07 13:04:06,5084,56,"**В Узбекистане заработал первый суперкомпьютер на базе решений NVIDIA**

Об этом сообщалось на презентации у президента по вопросам результатов и приоритетных задач в сфере искусственного интеллекта. За месяц после запуска кластера в дата-центре «Цифровое правительство» нагрузка на него достигла 90%.

Сейчас в Узбекистане работает вычислительная инфраструктура для ИИ общей стоимостью $24 млн. На расширение мощностей вычислительных кластеров предлагается направить еще $70 млн.

Также обсуждалось строительство и финансирование новых дата-центров в Каракалпакстане. Госорганы должны будут сформировать качественные наборы данных в разрезе отраслей для реализации ИИ-проектов:

https://www.spot.uz/ru/2026/08/07/ai-plans/

[Telegram](https://t.me/spotuz)  |  [Instagram](https://instagram.com/spot.uz)  |  [YouTube](https://youtube.com/@SpotUz)"
@spotuz,39332,2026-08-07 13:49:07,4760,15,"**Экс-хокима Намангана приговорили к 11 годам заключения за взятку в $60 тыс.**

Суд по уголовным делам Узбекистанского района приговорил бывшего хокима Намангана Анваржона Отаходжаева к 11 годам лишения свободы. Его признали виновным по семи статьям УК, включая хищение путем присвоения или растраты, мошенничество, злоупотребление и превышение должностных полномочий, служебный подлог и получение взятки. 

В сентябре 2025 года СГБ задержала Отаходжаева и еще двух человек по делу о вымогательстве $60 тыс. у местного застройщика. По версии следствия, деньги требовались за разрешение на проект реновации участка площадью 35 соток. Вместе с хокимом в схеме фигурировали руководитель обувной компании и заведующий канцелярией хокимията.

Еще трое подсудимых получили от 7 до 10,5 года тюрьмы, двое — по 2 года и 6 месяцев исправительных работ, еще один — три года ограничения свободы. Приговор пока не вступил в законную силу и может быть обжалован:

https://www.spot.uz/ru/2026/08/07/bribe-punishment/

[Telegram](https://t.me/spotuz)  |  [Instagram](https://instagram.com/spot.uz)  |  [YouTube](https://youtube.com/@SpotUz)"
@spotuz,39333,2026-08-07 14:02:37,4582,17,"**Еще один способ заработать: как бизнесу запустить MiniApp внутри Click**

MiniApp — еще один способ продавать и развивать бизнес. В Click рассказали, чем этот формат отличается от сайта и мобильного приложения, для каких задач подходит и как его запустить (реклама).

https://www.spot.uz/ru/2026/08/07/click/"
@spotuz,39334,2026-08-07 15:05:40,4601,4,"**О чем писал Spot 7 августа**

🌐Первый суперкомпьютер NVIDIA [заработал](https://www.spot.uz/ru/2026/08/07/ai-plans/) в Узбекистане, на расширение вычислительных кластеров предлагается выделить $70 млн.

🌐 Центральный банк [опубликовал](https://www.spot.uz/ru/2026/08/07/banks-complaints/) топ-10 банков с наиболее высоким индексом обращений по итогам второго квартала 2026 года.

🌐 РЭС планирует [отремонтировать](https://www.spot.uz/ru/2026/08/07/electricity-plans/) трансформаторы «красной» категории до 1 сентября.

🌐 Мукомолы Казахстана [пожаловались](https://www.spot.uz/ru/2026/08/07/kazakhstan-flour/) на продажу контрафактной муки под их брендами в Узбекистане и Афганистане.

🌐 Учредители гостиницы Velnora Hotel и производителя бетона Humo Towers [открыли](https://www.spot.uz/ru/2026/08/07/naqd-ex/) 14-й криптомагазин Naqd-EX.

[Telegram](https://t.me/spotuz)  |  [Instagram](https://instagram.com/spot.uz)  |  [YouTube](https://youtube.com/@SpotUz)"
@spotuz,39335,2026-08-07 15:30:05,4606,50,"⚡️**В Узбекистане предлагают субсидировать проценты по кредитам на электромобили**

В Узбекистане могут компенсировать часть процентов по автокредитам на новые электромобили. По проекту, мера будет распространяться на кредиты в сумах для покупки машин на первичном рынке стоимостью до 1000 БРВ (412 млн сумов), при этом сумма кредита для расчета компенсации ограничена 300 млн сумов.

Государство может компенсировать в первые два года ту часть ставки, которая превышает 16% годовых, но не более 8 процентных пунктов. Получить компенсацию смогут кредитоспособные заемщики без просроченной задолженности — о желании воспользоваться мерой нужно будет отдельно заявить при оформлении кредита.

**Проект постановления Кабмина пока не утвержден — общественное обсуждение продлится до 22 августа.** Компенсация может прекратиться при нарушении графика платежей в течение трех месяцев, полном досрочном погашении кредита, расторжении договора или выявлении недостоверных сведений:

https://www.spot.uz/ru/2026/08/07/loans-for-ev/

[Telegram](https://t.me/spotuz)  |  [Instagram](https://instagram.com/spot.uz)  |  [YouTube](https://youtube.com/@SpotUz)"
@spotuz,39336,2026-08-07 15:59:18,4404,15,"**«Микрокредитбанк» и Foton начали стратегическое сотрудничество**

В рамках партнерства запущен кредитный модуль Avto Express, с помощью которого предприниматели и юридические лица могут приобрести коммерческий транспорт Foton по выгодным условиям в «Микрокредитбанке» (реклама).

https://www.spot.uz/ru/2026/08/07/mk-bank/"
@spotuz,39337,2026-08-07 16:20:01,4819,18,"**Сенат Узбекистана одобрил закон о рыночном надзоре**

Документ вводит единые правила контроля за непродовольственными товарами на основе оценки рисков. При выявлении опасной или не соответствующей требованиям продукции ее оборот смогут приостановить, отозвать или вывести с рынка.

Закон также предусматривает контрольные закупки, экспертизы и проверки, усиление ответственности за выпуск опасных товаров и обмен информацией между органами надзора и Таможенным комитетом. После одобрения Сенатом документ направлен на подпись президенту:

https://www.spot.uz/ru/2026/08/07/market-supervision/

[Telegram](https://t.me/spotuz)  |  [Instagram](https://instagram.com/spot.uz)  |  [YouTube](https://youtube.com/@SpotUz)"
@spotuz,39338,2026-08-07 16:40:15,6774,39,"🌐 **Нужен ли Узбекистану прогрессивный подоходный налог и кто его заплатит?**

Институт при Минэкономфине предложил вернуть прогрессивную шкалу подоходного налога — вместо единой ставки в 12% зарплаты будут облагаться по-разному в зависимости от уровня дохода.

Похожая система уже действовала в Узбекистане до 2019 года. После перехода на плоскую шкалу число плательщиков НДФЛ выросло с 3 до 4,5 млн человек — часть зарплат вышла из тени. 

Теперь эксперты опасаются обратного эффекта: и роста серых зарплат, и того, что основная нагрузка ляжет на средний класс.

__Кто выиграет, кто заплатит больше и почему инициативу называют преждевременной — в материале Spot:__

https://www.spot.uz/ru/2026/08/07/new-tax/

[Telegram](https://t.me/spotuz)  |  [Instagram](https://instagram.com/spot.uz)  |  [YouTube](https://youtube.com/@SpotUz)"
@spotuz,39340,2026-08-08 05:00:00,5186,11,"**Какие банки в Узбекистане будут работать в выходные дни**

ЦБ представил регулярный перечень банков, отделения которых будут открыты 8 и 9 августа. В отделениях 22 банков можно будет обменять валюту и отправить денежные переводы.

Режим работы в выходные может отличаться от стандартного. Список:

https://www.spot.uz/ru/2026/08/07/banks-holidays/

[Telegram](https://t.me/spotuz)  |  [Instagram](https://instagram.com/spot.uz)  |  [YouTube](https://youtube.com/@SpotUz)"
@spotuz,39341,2026-08-08 06:46:20,4871,18,"**Сенат одобрил закон о предупреждениях в рекламе кредитных услуг**

Документ предусматривает обязательные напоминания в рекламе финансовых услуг о финансовых рисках при непогашении долговых обязательств. Информация, направленная на повышение финансовой грамотности, приравнивается к социальной рекламе.

В марте Законодательная палата приняла документ в первых двух чтениях. Тогда сообщалось, что предупреждение должно занимать минимум 10% рекламного пространства (для графических материалов) или времени (для аудио- и видеоматериалов):

https://www.spot.uz/ru/2026/08/07/loan-warning-senate/

[Telegram](https://t.me/spotuz)  |  [Instagram](https://instagram.com/spot.uz)  |  [YouTube](https://youtube.com/@SpotUz)"
@spotuz,39342,2026-08-08 08:02:45,4763,27,"**В Узбекистане повысили тарифы на газ и электроэнергию для расчетов между регулируемыми предприятиями**

Межведомственная тарифная комиссия при Кабмине утвердила новые тарифы для расчетов между предприятиями энергосектора — на производство, передачу, распределение и продажу электроэнергии, а также на транспортировку и поставку природного газа. Тарифы вступают в силу с 1 августа и являются частью перехода на методологию регулируемой базы активов (RAB).

Рост тарифов оказался неравномерным и местами отличается от ранее анонсированных показателей: производство электроэнергии подорожало на 8% (против объявленных ранее 9%), передача — на 18% (против 30%), распределение — на 4% (против 10%). При этом тариф на распределение газа вырос сильнее, чем планировалось изначально — на 28% против 23%. 

В министерстве объяснили расхождение решением внедрять новую систему поэтапно и синхронизировать пересмотры тарифов с бюджетным циклом. Следующее повышение запланировано на первое полугодие 2027 года.

В Минэкономфине уточнили, что **утвержденные тарифы касаются исключительно расчетов между регулируемыми предприятиями энергетического сектора** и не меняют действующие розничные тарифы для населения, бизнеса и других конечных потребителей:

https://www.spot.uz/ru/2026/08/08/wholesale-rates/

[Telegram](https://t.me/spotuz)  |  [Instagram](https://instagram.com/spot.uz)  |  [YouTube](https://youtube.com/@SpotUz)"
@spotuz,39343,2026-08-08 10:30:27,4932,41,"**Узбекистан подписал соглашения на $6 млрд частных инвестиций в сферу ИИ до 2030 года**

Узбекистан за последние три года поднялся на 25 позиций в рейтинге развития ИИ и сейчас занимает 62-е место. Первый замминистра цифровых технологий Олег Пекось отметил, что власти рассчитывают войти в топ-50 уже к 2029 году.

По его словам, до 2030 года уже подписаны соглашения о привлечении более $6 млрд частных инвестиций в сферу ИИ. На эти средства планируется создать вычислительную инфраструктуру общей мощностью 800 МВт в разных регионах страны. При этом текущая загрузка существующих мощностей приближается к 90%, поэтому новые мощности планируют запустить уже в ноябре и до конца года.

Число резидентов IT Park, экспортирующих продукцию с компонентами ИИ, выросло с 24 в 2024 году до 160 сейчас. Такая продукция уже поставляется в 80 стран. С 1 сентября в школах и вузах планируется запустить обучение в сфере ИИ. Параллельно готовятся методические пособия и учебники:

https://www.spot.uz/ru/2026/08/08/artificial-intelligence/

[Telegram](https://t.me/spotuz)  |  [Instagram](https://instagram.com/spot.uz)  |  [YouTube](https://youtube.com/@SpotUz)"
@spotuz,39344,2026-08-08 11:44:03,4998,62,"**Сенат со второго раза одобрил конституционный закон о центре Enterprise Uzbekistan**

Верхняя палата Олий Мажлиса 7 августа одобрила Конституционный закон «О Международном центре цифровых технологий», который создает правовую основу для работы Enterprise Uzbekistan на территории IT Park.

Центр будет работать по принципам английского права и получит особый правовой режим. Для его участников предусмотрены гибкий налоговый и таможенный режимы, льготы для отдельных видов деятельности, упрощенный импорт оборудования и технологий, а также гарантии защиты инвестиций и интеллектуальной собственности.

Ранее Сенат отклонил документ и направил его на доработку. После работы согласительной комиссии его повторно одобрили. По прогнозам, центр должен помочь увеличить экспорт цифровых услуг до $5 млрд к 2030 году, создать более 300 тыс. высокооплачиваемых рабочих мест и привлечь крупных международных IT-компаний, включая Apple, Google, Microsoft и Amazon:

https://www.spot.uz/ru/2026/08/08/enterprise-uzbekistan/

[Telegram](https://t.me/spotuz)  |  [Instagram](https://instagram.com/spot.uz)  |  [YouTube](https://youtube.com/@SpotUz)"
@spotuz,39345,2026-08-08 12:30:00,4600,28,"📖 **5 книг, которые рекомендует Фарход Норбаев, основатель маркетинг агентства Lokals**

Фарход Норбаев из Lokals признается: читателем он никогда не был. Регулярно читать он начал в 21–22, когда понял, что без этого не разберется в профессии. 

С тех пор бизнес-книги стали для него способом решать то, что не гуглится за пять минут: как выстроить команду, найти позиционирование бренда или перестроить компанию без жесткой иерархии.

«Книги помогают глубже понять проблему, увидеть контекст и возможные пути ее решения. Пока я не вижу достойной альтернативы книгам в таких вопросах», — говорит основатель Lokals.

__Про какие пять книг речь и кому они подойдут — в материале Spot:__

https://www.spot.uz/ru/2026/08/08/farhod-norbaev/

[Telegram](https://t.me/spotuz)  |  [Instagram](https://instagram.com/spot.uz)  |  [YouTube](https://youtube.com/@SpotUz)"
@spotuz,39346,2026-08-08 14:01:47,4703,17,"**«Узбекнефтегаз» увеличит добычу газа в августе благодаря запуску 27 скважин**

Госкомпания определила август и сентябрь как месяцы наращивания добычи природного газа. В этом месяце «Узбекнефтегаз» планирует ввести в эксплуатацию 27 скважин, а также ускорить ремонт действующих скважин и работы по освоению новых месторождений.

На рабочем совещании также обсудили модернизацию производственной и энергетической инфраструктуры, ускорение поставок оборудования и проведение 3D-сейсморазведки. Для улучшения технологий ремонта скважин планируется сотрудничество с научными институтами Китая.

Отдельное внимание уделили условиям труда в Устюртском регионе, которые были признаны неудовлетворительными. Новое общежитие в Устюрте планируется сдать до 25 августа, а до конца года обновить общежития на месторождениях Кукдумалак, Памук и Алан:

https://www.spot.uz/ru/2026/08/08/gas-production/

[Telegram](https://t.me/spotuz)  |  [Instagram](https://instagram.com/spot.uz)  |  [YouTube](https://youtube.com/@SpotUz)"
@spotuz,39347,2026-08-08 15:15:25,5102,98,"**В Узбекистане приняли закон о риелторской деятельности**

Закон вводит обязательную сертификацию риелторов: для получения сертификата нужно пройти обучение и сдать квалификационный экзамен. Работать риелторы смогут только в составе риелторской организации.

Документ также определяет виды риелторских услуг — от посредничества при сделках с недвижимостью до доверительного управления и консультаций. Для организаций и агентов вводится Единый реестр, а частному сектору разрешат создать систему мультилистинга для работы по принципу «единого окна».

Уполномоченным органом назначено Агентство по управлению государственными активами. Закон вступит в силу через три месяца после официального опубликования — с 8 ноября:

https://www.spot.uz/ru/2026/08/08/estate-agents/

[Telegram](https://t.me/spotuz)  |  [Instagram](https://instagram.com/spot.uz)  |  [YouTube](https://youtube.com/@SpotUz)"
@spotuz,39348,2026-08-08 16:00:00,4949,20,"**Золотовалютные резервы Узбекистана в июле выросли почти на $590 млн**

Международные резервные активы Узбекистана на 1 августа достигли $64,34 млрд, увеличившись за месяц на 0,92%. Рост обеспечили как золотая, так и валютная составляющие.

Стоимость золота в резервах выросла на $365,3 млн — до $56,12 млрд, хотя физический объем запаса немного сократился — примерно до 430,8 тонны. Валютная часть увеличилась на $208,8 млн, до $7,65 млрд.

При этом объем иностранных ценных бумаг на балансе ЦБ сократился на 38,4% — до $1,76 млрд. Их доля в общих резервах снизилась с 4,49% до 2,74%:

https://www.spot.uz/ru/2026/08/08/gold-reserves/

[Telegram](https://t.me/spotuz)  |  [Instagram](https://instagram.com/spot.uz)  |  [YouTube](https://youtube.com/@SpotUz)"
@spotuz,39349,2026-08-09 05:01:00,4794,36,"**Госрегистрация прав на недвижимость целиком перейдет в онлайн-формат**

Шавкат Мирзиёев 4 августа ознакомился с предложениями по упрощению кадастровых услуг. Отмечались барьеры, связанные с централизацией принятия решений и необходимостью подавать несколько заявлений по одному вопросу.

При возникновении прав на объект недвижимости услуга по их оформлению будет предоставляться в проактивном порядке. Регистрация прав полностью перейдет в онлайн-формат с внедрением принципа «одно заявление — один платеж».

Также отмечались организационные проблемы в кадастровых органах, включая нехватку исполнителей. Поручено объединить отделения Палаты кадастров и обслуживающие органы на местах, а также передать принятие решений на уровень районов:

https://www.spot.uz/ru/2026/08/04/cadastre-reforms/

[Telegram](https://t.me/spotuz)  |  [Instagram](https://instagram.com/spot.uz)  |  [YouTube](https://youtube.com/@SpotUz)"
@spotuz,39350,2026-08-09 06:01:00,4589,25,"**В Узбекистане планируется передать неиспользуемые аэродромы бизнесу для активного туризма**

Комитет по туризму обозначил малую авиацию как одно из перспективных направлений в сфере активных путешествий. «Узавиация» получит новые полномочия для ее развития, включая сертификацию и техобслуживание воздушных судов.

Предполагается создать особые правила эксплуатации для малого воздушного транспорта, упрощенный порядок его регистрации и освидетельствования. Летательные аппараты массой до 115 кг будут освобождены от обязательной регистрации.

Для развития малой авиации будут запущены цифровая платформа, а также специальная программа подготовки Cadet Platform. Кроме того, государство примет меры по восстановлению аэродромов в регионах с их дальнейшей передачей бизнесу:

https://www.spot.uz/ru/2026/08/06/small-aviation/

[Telegram](https://t.me/spotuz)  |  [Instagram](https://instagram.com/spot.uz)  |  [YouTube](https://youtube.com/@SpotUz)"
@spotuz,39351,2026-08-09 07:01:01,4745,39,"**До конца года в экономике и других сферах Узбекистана будут работать свыше 100 ИИ-проектов**

7 августа Шавкат Мирзиёев ознакомился с разработками в медицине, энергетике, и других сферах, использующими технологии искусственного интеллекта. Президент поручил расширить сотрудничество с IT Park и ИИ-лабораториями.

По прогнозам, к концу года число ИИ-резидентов технопарка достигнет 300, объём их услуг составит 2 трлн сумов, а экспорт — $160 млн. К 2030 году предполагается нарастить объём ИИ-продуктов и услуг до $1,5 млрд. 

Ставится задача полностью реализовать проект «5 миллионов лидеров ИИ» и запустить хакатоны во всех регионах. Также будет запущена специальная платформа для поддержки советников хокимов по вопросам ИИ:

https://www.spot.uz/ru/2026/08/07/ai-prospects/

[Telegram](https://t.me/spotuz)  |  [Instagram](https://instagram.com/spot.uz)  |  [YouTube](https://youtube.com/@SpotUz)"
@spotuz,39352,2026-08-09 08:01:01,5307,39,"**Добыча газа, нефти и угля в Узбекистане заметно сократилась за полгода**

Объем добычи основных энергоресурсов продолжает снижаться. За полугодие производство природного газа сократилось до 18,3 млрд кубометров (-16,4%), нефти — до 313,8 тыс. тонн (-3,1%), газового конденсата — до 462 тыс. тонн (-19,7%).

Добыча угля упала на 16,7%, до 2,5 млн тонн. Производство автобензина выросло на 6% к прошлому году, но остается на 9,1% ниже уровня 2024-го. В то же время немного увеличились объемы выпуска дизельного топлива (+2,1%).

Поставка электроэнергии в сеть выросла на 5,7% за счет малого бизнеса (+36,7%), тогда как крупные предприятия снизили генерацию на 4,6%:

https://www.spot.uz/ru/2026/08/04/energy-production/

[Telegram](https://t.me/spotuz)  |  [Instagram](https://instagram.com/spot.uz)  |  [YouTube](https://youtube.com/@SpotUz)"
@spotuz,39353,2026-08-09 09:51:34,5227,39,"**В Узбекистане появится «маркетплейс» для гастрономического туризма**

Проектный офис при Комитете по туризму запускает две инициативы в ресторанной сфере — Gastro Marketplace и Tourist Friendly Restaurants. Их целью обозначено продвижение узбекской национальной кухни по мировым стандартам.

Около 40 ресторанов в Ташкенте, Самарканде, Бухаре и Хорезме внедрят адаптированные для туристов версии национальных блюд. Для них будут разработаны специальные технологические карты и профессиональное дизайнерское оформление.

Также планируется запустить гастрономические мастер-классы для иностранных туристов с участием 80 человек:

https://www.spot.uz/ru/2026/08/07/gastro-tourism/

[Telegram](https://t.me/spotuz)  |  [Instagram](https://instagram.com/spot.uz)  |  [YouTube](https://youtube.com/@SpotUz)"
@spotuz,39354,2026-08-09 13:33:59,5158,8,"🌐🌐🌐🌐🌐🌐🌐 **первый спутник в космосе, ЖК New Port и платежи в AliExpress**

🌐Все парки Ташкента планируют объединить в «зеленый маршрут» площадью 700 га

🌐Был выведен на орбиту спутник Samarkand-2028

🌐Некоторые банки приостановили платежи в пользу AliExpress. Маркетплейс не состоит на налоговом учете

__Spot собрал самые важные статьи и новости этой недели, которые вы могли пропустить:__

https://www.spot.uz/ru/2026/08/09/week-summary/

[Telegram](https://t.me/spotuz)  |  [Instagram](https://instagram.com/spot.uz)  |  [YouTube](https://youtube.com/@SpotUz)"
@spotuz,39355,2026-08-10 03:01:00,4892,14,"**Сенаторы одобрили присоединение Узбекистана к Сингапурской конвенции о медиации**

Законопроект был одобрен 8 августа — через четыре дня после принятия Законодательной палатой. Присоединение даст местному бизнесу механизм для признания и исполнения международных мировых соглашений, достигнутых в досудебном порядке.

В законопроекте предусмотрены дополнительные условия с учетом интересов Узбекистана. Положения конвенции будут применяться только при условии взаимного согласия обеих сторон и не будут распространяться на соглашения с участием государства:

https://www.spot.uz/ru/2026/08/08/mediation-senate/

[Telegram](https://t.me/spotuz)  |  [Instagram](https://instagram.com/spot.uz)  |  [YouTube](https://youtube.com/@SpotUz)"
@spotuz,39356,2026-08-10 03:31:01,4857,9,"**Семьи из Социального реестра получат до 600 тысяч сумов субсидий на закупку угля**

Кабмин утвердил меры по снабжению населения и предприятий углем после либерализации цен. Продажа угля гражданам будет организована через специальный онлайн-сервис Mycoal. uz. В каждом регионе планируется отобрать минимум трех частных поставщиков, у которых граждане будут заказывать уголь.

Покупатели смогут заказать доставку товара на дом или по другому адресу, а также выбрать самовывоз из пункта распределения. Семьи из Соцреестра при покупке угля на платформе смогут получить субсидию из расчета 300 тыс. сумов за каждую тонну угля, но не более 600 тыс. сумов в год.

Для предприятий продажа угля будет организована через товарно-сырьевую биржу. Тепловые электростанции и другие крупные потребители смогут приобретать его по среднемесячной биржевой цене через процедуру «запроса предложений»:

https://www.spot.uz/ru/2026/08/07/coal-subsidies/

[Telegram](https://t.me/spotuz)  |  [Instagram](https://instagram.com/spot.uz)  |  [YouTube](https://youtube.com/@SpotUz)"
@spotuz,39357,2026-08-10 04:39:27,5221,48,"**Etihad Airways выполнила первый рейс по маршруту Абу-Даби — Ташкент**

Самолет авиакомпании приземлился в столичном аэропорту 10 августа в 2:05 ночи. Перелеты между столицами Узбекистана и ОАЭ будут выполняться на Airbus A320 каждый день.

В Uzbekistan Airports назвали выход эмиратской компании на местный рынок «значимым событием». По их словам, он создает возможности для транзита через один из крупнейших авиахабов региона:

https://www.spot.uz/ru/2026/08/10/etihad-start/

[Telegram](https://t.me/spotuz)  |  [Instagram](https://instagram.com/spot.uz)  |  [YouTube](https://youtube.com/@SpotUz)"
@spotuz,39358,2026-08-10 05:25:46,5176,20,"**Бизнесу в отдельных сферах разрешат работать без лицензии до 3 месяцев**

Сенат одобрил проект соответствующего закона 8 августа. Он разрешает вести деятельность в определенных сферах, требующих лицензий и разрешений, с отправкой уведомления в течение трех месяцев для запуска в тестовом режиме.

Другой закон, прошедший верхнюю палату Олий Мажлиса, укрепляет гарантии свободы для бизнеса. В частности, планируется налагать ограничения и обязанности на бизнес только после их обсуждения с предпринимателями.

Также он затрагивает выделение льгот и субсидий на развитие туризма, образования, медицины и других отраслей. Кроме того, будет ограничена возможность пересмотра итогов приватизации:

https://www.spot.uz/ru/2026/08/10/business-ease/

[Telegram](https://t.me/spotuz)  |  [Instagram](https://instagram.com/spot.uz)  |  [YouTube](https://youtube.com/@SpotUz)"
@spotuz,39359,2026-08-10 06:24:50,5172,17,"**Узбекистан получил льготы на перевозку удобрений и нефтепродуктов через порт Курык**

Руководство казахстанского порта согласовало сниженные тарифы на поставку нефтепродуктов через Каспий в направлении Грузии. Железнодорожные администрации двух стран договорились о тарифных преференциях для транзита удобрений.

Другой порт — Актау за первое полугодие принял около 50 тыс. тонн транзитных грузов, перевозимых в Узбекистан, включая свыше 1700 контейнеров. Правление порта уже предоставило склады временного хранения товаров для узбекистанских экспортеров.

«Мы — порт Актау — открыты полностью для узбекистанских грузов, как импортных, так и экспортных», — подчеркнул исполнительный директор порта Арман Жакупов.

В дальнейшем комплекс планирует запустить кооперацию с узбекистанскими площадками, включая контейнерный хаб в Чукурсае:

https://www.spot.uz/ru/2026/08/08/kazakhstan-ports/

[Telegram](https://t.me/spotuz)  |  [Instagram](https://instagram.com/spot.uz)  |  [YouTube](https://youtube.com/@SpotUz)"
@spotuz,39360,2026-08-10 07:16:40,5395,34,"**Узбекистан начинает отправку первых сезонных рабочих во Францию**

Пилотный проект по набору 10 человек для сельскохозяйственных работ в двух французских департаментах стартовал в июне. 1 июля состоялось онлайн-собеседование с предварительно отобранными кандидатами.

Шесть человек уже получили визы и выедут на сбор фруктов до конца августа, еще четверо отправляются осенью. По итогам проекта будут приниматься решения о дальнейшем расширении сотрудничества:

https://www.spot.uz/ru/2026/08/10/france-workers/

[Telegram](https://t.me/spotuz)  |  [Instagram](https://instagram.com/spot.uz)  |  [YouTube](https://youtube.com/@SpotUz)"
@spotuz,39361,2026-08-10 08:32:54,5395,32,"**ЦБ обязал небанковские кредитные организации хранить биометрические данные в Узбекистане**

Регулятор внес поправки в Положение о минимальных требованиях к информационной безопасности микрофинансовых и других небанковских кредитных организаций. Для них вводится требование хранить используемые при идентификации клиентов биометрические данные на территории республики.

Персональные данные, не относящиеся к биометрии, разрешается хранить и обрабатывать за пределами Узбекистана при соблюдении ряда условий. Регулятор также распространил требования по информационной безопасности на гарантийные и факторинговые организации:

https://www.spot.uz/ru/2026/08/08/non-bank-institutions/

[Telegram](https://t.me/spotuz)  |  [Instagram](https://instagram.com/spot.uz)  |  [YouTube](https://youtube.com/@SpotUz)"
@spotuz,39362,2026-08-10 09:29:47,5158,45,"**Шесть компаний интересуются покупкой «Шаргункумир» и Шерабадского цементного завода**

Агентство по управлению госактивами получило 6 заявок от местных и зарубежных инвесторов об интересе к покупке актива. После их проверки на соответствие критериям все претенденты были допущены к следующему этапу торгов.

Обязывающие предложения по покупке активов принимаются до 10 сентября включительно. К этой дате кандидаты должны внести задаток в размере минимум 1% предлагаемой суммы через личный кабинет на E-auksion.

Пакет в 99,55% акций «Шаргункумир» и 100% Шерабадского цементного завода предлагаются единым лотом. Ожидается перевод цементного завода с природного газа на уголь:

https://www.spot.uz/ru/2026/08/10/sherobod-cement-shargunkomir/

[Telegram](https://t.me/spotuz)  |  [Instagram](https://instagram.com/spot.uz)  |  [YouTube](https://youtube.com/@SpotUz)"
@spotuz,39363,2026-08-10 10:04:59,4961,42,"**Сумовые гособлигации Узбекистана войдут в индекс J.P. Morgan для развивающихся стран**

С 30 сентября сумовые суверенные облигации Узбекистана включат в GBI-EM — индекс J.P. Morgan, который отслеживает гособлигации развивающихся стран в национальной валюте. В него входят 20 стран, а активами более чем на $300 млрд управляют инвесторы, использующие индекс при принятии решений.

В этом году Узбекистан разместил трехлетние сумовые облигации на $1 млрд по ставке 12,25% годовых — в среднем на 14 базисных пунктов ниже ставок внутреннего рынка. В Минэкономфине ожидают, что включение в индекс расширит круг инвесторов и поможет снизить стоимость внешних заимствований.

Узбекистан станет единственной страной СНГ в GBI-EM. В качестве примера ведомство приводит Парагвай, где после включения в индекс ставки заимствований снизились до 1 процентного пункта. Также мера должна расширить возможности привлечения финансирования в сумах и снизить валютные риски:

https://www.spot.uz/ru/2026/08/10/gbi-em/

[Telegram](https://t.me/spotuz)  |  [Instagram](https://instagram.com/spot.uz)  |  [YouTube](https://youtube.com/@SpotUz)"
@spotuz,39364,2026-08-10 10:52:14,4829,38,"**В Узбекистане готовят амнистию для 4 тыс. самовольно построенных объектов в промзонах**

Власти готовят проект постановления об амнистии почти 4 тыс. самовольно построенных объектов на территории малых промышленных зон. Об этом 5 августа сообщили на открытом диалоге правительственной комиссии с предпринимателями Хорезмской области.

По словам замглавы Стройинспекции Азларжона Садикова, по всей республике в ходе инвентаризации выявили 3971 такой объект. Речь идет об объектах, построенных предпринимателями на принадлежащих им земельных участках, но без необходимых разрешений или градостроительной документации.

«Мы разработали проект постановления, который сейчас находится на межведомственном согласовании. В планах — до конца августа подписать проект постановления об амнистии», — заявил Садиков.

В Хорезмской области при этом выявили 216 самовольно построенных объектов. Заместитель премьер-министра Жамшид Ходджаев поручил Стройинспекции ускорить внесение документа в Кабмин. По словам Садикова, проект постановления планируется внести в правительство в течение 10 дней:

https://www.spot.uz/ru/2026/08/10/amnesty/

[Telegram](https://t.me/spotuz)  |  [Instagram](https://instagram.com/spot.uz)  |  [YouTube](https://youtube.com/@SpotUz)"
@spotuz,39365,2026-08-10 11:33:27,5030,20,"**Сенат постановил расширить границы Самарканда на 17,2 тысячи гектар**

Верхняя палата Олий Мажлиса 8 августа приняла постановление о передаче городу территорий из четырех соседних районов. Также планируется упразднить Самаркандский район и передать 28 295 га земли Тайлакскому району.

На новых территориях Самарканда планируется создать малые промзоны, технопарки и высокотехнологичные предприятия. Расширение позволит улучшить транспортную инфраструктуру и создать современную городскую среду.

После расширения общая численность населения города увеличится до 880 тыс. человек. Ранее представленный проект генплана предусматривает увеличение количества жителей до 1,2 млн к 2045 году:

https://www.spot.uz/ru/2026/08/10/samarkand-expand/

[Telegram](https://t.me/spotuz)  |  [Instagram](https://instagram.com/spot.uz)  |  [YouTube](https://youtube.com/@SpotUz)"
@spotuz,39366,2026-08-10 12:09:00,5045,16,"**Для бизнеса в Узбекистане предлагают снизить предоплату за электроэнергию вдвое**

На открытом диалоге правительственной комиссии с предпринимателями Хорезмской области предложили снизить для бизнеса 100-процентную предоплату за электроэнергию. Один из предпринимателей, экспортирующий муку в соседние страны, заявил, что действующий порядок приводит к заморозке оборотных средств и стал одной из причин остановки производства.

Предприниматель предложил вернуться к порядку, который действовал с февраля 2019 года по июль 2024 года и предусматривал 50%-ную предоплату. Заместитель премьер-министра Жамшид Ходжаев отметил, что правительственная комиссия не может решить этот вопрос своим протоколом.

«Это тоже предложение, поэтому подумайте над ним, так как сейчас возникают трудности, которые не уступают тем, что возникали во время пандемии [COVID-19]. Внесите предложение», — добавил Ходжаев:

https://www.spot.uz/ru/2026/08/10/electricity-prepayment/

[Telegram](https://t.me/spotuz)  |  [Instagram](https://instagram.com/spot.uz)  |  [YouTube](https://youtube.com/@SpotUz)"
@spotuz,39367,2026-08-10 12:38:05,5120,10,"**Курс доллара снизился до 11 934 сумов**

Центральный банк Узбекистана опубликовал курсы валют на 11 августа.

__Подробный график динамики курсов валют доступен на нашем __[__сайте__](https://www.spot.uz/ru/currency/)__.__

[Telegram](https://t.me/spotuz)  |  [Instagram](https://instagram.com/spot.uz)  |  [YouTube](https://youtube.com/@SpotUz)"
@spotuz,39368,2026-08-10 13:33:30,5209,49,"**Paynet, Payme и Click заработали почти 1 трлн сумов совокупной прибыли за полгода**

Чистая прибыль трех ведущих платежных сервисов Узбекистана на конец июня достигла 971 млрд сумов. Это почти на 86% больше, чем в том же периоде 2025 года.

Наибольший вклад в результат внес Paynet, получивший более 615 млрд сумов чистой прибыли. За год компания нарастила показатели втрое, в том числе за счет дивидендов от Humo. Выручка компании с начала года выросла на треть (1,14 трлн сумов).

Вторым стал Payme с 205,9 млрд сумов (+23,6%) при росте выручки в 1,5 раза — до 492,7 млрд сумов. Click стал единственным в топ-3, показавшим снижение прибыли за полугодие — 149,9 млрд сумов (-3,1%), несмотря на увеличение выручки до 437,6 млрд сумов:

https://www.spot.uz/ru/2026/08/08/fintech-h1/

[Telegram](https://t.me/spotuz)  |  [Instagram](https://instagram.com/spot.uz)  |  [YouTube](https://youtube.com/@SpotUz)"
@spotuz,39369,2026-08-10 13:59:15,4889,9,"**Рост смещается в регионы: как меняется рынок доставки еды в Узбекистане**

Yandex Go расширил сервис «Еды» до 16 городов Узбекистана, а число региональных заказов за последний год выросло более чем на 80%. Вместе с этим растет и локальный ресторанный бизнес — сейчас к сервису подключено более 3500 заведений (реклама).

https://www.spot.uz/ru/2026/08/10/yandex-go/"
@spotuz,39370,2026-08-10 14:52:08,5696,61,"**«Газа никому не хватает»: Ходжаев призвал активнее использовать солнечную энергию**

В Хорезмской области обсудили ситуацию с газопоршневой электростанцией Odas Enerji CA мощностью 174 МВт. За полгода она произвела электроэнергии на 168 млрд сумов — на 5 млрд сумов меньше, чем годом ранее. При этом «Национальный диспетчерский центр» при Минэнерго заказывает у станции только 50–60 МВт из доступных 174 МВт. Власти связывают это с ростом солнечной генерации.

Замхокима области Алишер Душанов попросил Минэнерго и «Национальные электрические сети» увеличить объем закупаемой у станции электроэнергии до 100%. Однако представитель компании уточнил, что газопоршневая станция работает на природном газе. При этом контракт ГЧП не предусматривает обязательного выкупа всей произведенной электроэнергии — закупки осуществляются исходя из потребностей государства.

«Если бы я был министром энергетики, я бы сократил использование газа и делал упор на солнечную энергию. Газа и так не хватает — ни населению, никому», — заявил вице-премьер Жамшид Ходжаев:

https://www.spot.uz/ru/2026/08/10/gas-deficit/

[Telegram](https://t.me/spotuz)  |  [Instagram](https://instagram.com/spot.uz)  |  [YouTube](https://youtube.com/@SpotUz)"
@spotuz,39371,2026-08-10 15:30:18,4806,23,"**В Узбекистане разрешили покупать до $500 наличной валюты без паспорта**

Лимит на покупку наличной иностранной валюты физлицами в банках без документов, удостоверяющих личность, увеличили в пять раз — со $100 до $500. **Новый порядок действует с 9 августа.**

Одновременно усилился контроль за рядом операций. Порог для обязательной проверки клиентов при операциях без открытия счета снизили с 500 БРВ до 175 млн сумов. Также уточнены требования к информации об отправителях и получателях переводов, а операции с крупными суммами из стран под усиленным мониторингом FATF теперь относятся к подозрительным.

При выявлении подозрительной операции банки в течение 10 рабочих дней должны анализировать участников, источники средств, характер и объем транзакции, финансовый профиль клиента и взаимосвязи между сторонами:

https://www.spot.uz/ru/2026/08/10/currency-exchange/

[Telegram](https://t.me/spotuz)  |  [Instagram](https://instagram.com/spot.uz)  |  [YouTube](https://youtube.com/@SpotUz)"
@spotuz,39372,2026-08-10 16:00:01,5105,22,"**Законопроект о блокировке счетов бизнеса при налоговых спорах одобрил Сенат**

Верхняя палата Олий Мажлиса 8 августа одобрил законопроект о снижении регуляторной нагрузки на предпринимателей. Документ регулирует порядок приостановки операций по банковским счетам при налоговых нарушениях и спорах.

Если бизнес не возражает против решения налоговых органов, счета смогут приостанавливать по их запросу. При несогласии предпринимателя вопрос будет решаться в суде: налоговый орган должен будет представить доказательства нарушения, уведомления налогоплательщика и его возражения. Также предусмотрен механизм оперативного снятия ограничений после устранения нарушения или отказа суда в блокировке.

По мнению сенаторов, новый порядок должен сократить затраты бизнеса и государства, снизить нагрузку на суды и ускорить рассмотрение налоговых споров:

https://www.spot.uz/ru/2026/08/08/accounts-tax-dispute/

[Telegram](https://t.me/spotuz)  |  [Instagram](https://instagram.com/spot.uz)  |  [YouTube](https://youtube.com/@SpotUz)"
@spotuz,39373,2026-08-10 16:30:00,5587,87,"**🌐**** Как Анастасия Широкова построила O’zbechka и сколько это стоило**

Анастасия попала в профессию случайно — в 16 лет записалась на курсы парикмахеров и стригла пенсионеров бесплатно. Сегодня она управляет O'zbechka — салоном в центре Ташкента с командой в 60 человек, треть из которых — ее личные ученицы.

Первый салон Широкова открыла без кредитов и инвесторов. Вложила больше $100 тыс. и окупила вложения за полгода. Сейчас проект готовиться к открытию нового большого пространства. 

«Мне захотелось через свой проект показать миру, какая на самом деле женщина в Узбекистане. Неважно, какой она национальности. Главное, что она современная, уверенная в себе, модная, ухоженная и красивая», — говорит основательница о названии салона.

__Как удержать почти всю команду за три года и какой будет вторая точка O'zbechka — в интервью Spot:__

https://www.spot.uz/ru/2026/08/05/ozbechka/

[Telegram](https://t.me/spotuz)  |  [Instagram](https://instagram.com/spot.uz)  |  [YouTube](https://youtube.com/@SpotUz)"
@spotuz,39374,2026-08-11 03:59:14,5744,32,"**UzPost: как внести наличную выручку на счет через почтовое отделение**

Деньги поступают на банковский счет предпринимателя, а внести их можно в ближайшем отделении по всей стране. UzPost запустил сервис вместе с Davr Bank - первым банковским партнером проекта (реклама).

https://www.spot.uz/ru/2026/08/11/uzpost/"
@spotuz,39375,2026-08-11 05:00:58,5611,16,"**Бизнесмену в Хорезме выплатили 1 млрд сумов компенсации после многомесячной задержки**

Хокимият Ургенча изъял недвижимость компании Х.М.Б. под общественные нужды с условием выплаты компенсации в месячный срок. Однако предприниматель не получил денег спустя три месяца, несмотря на многочисленные обещания.

После ожидания компания обратилась к Бизнес-омбудсману, а сотрудники его аппарата направили запрос в городскую администрацию. В результате власти обеспечили выплату компенсации, восстановив нарушенные права:

https://www.spot.uz/ru/2026/08/10/compensation/

[Telegram](https://t.me/spotuz)  |  [Instagram](https://instagram.com/spot.uz)  |  [YouTube](https://youtube.com/@SpotUz)"
@spotuz,39376,2026-08-11 05:39:28,5205,29,"**Приложение «Амина» для отслеживания мигрантов заработает еще в 11 регионах России**

О расширении географии сервиса сообщил мэр Москвы Сергей Собянин. В первую очередь система сбора данных об иностранцах будет внедряться в крупных транспортных и авиационных узлах.

На границе иностранцы будут предоставлять биометрические данные для идентификации в будущем. Собянин особо отметил возможности использования сервиса для поиска мигрантов, совершивших правонарушения.

Сервис для получения сведений о геолокации работает в российской столице с осени 2025 года. Отсутствие приложения на телефоне мигранта будет считаться нарушением миграционного режима:

https://www.spot.uz/ru/2026/08/11/amina/

[Telegram](https://t.me/spotuz)  |  [Instagram](https://instagram.com/spot.uz)  |  [YouTube](https://youtube.com/@SpotUz)"
@spotuz,39377,2026-08-11 06:02:29,5171,13,"**Как BENKAM развивает высокотехнологичное производство алюминиевых решений**

Производственный комплекс объединяет несколько этапов производства и обработки алюминиевого профиля — от экструзии до контроля качества готовой продукции (реклама).

https://www.spot.uz/ru/2026/08/11/benkam/"
@spotuz,39378,2026-08-11 06:57:05,5376,27,"**Илон Маск построит завод по выпуску чипов стоимостью до $119 млрд**

Компания SpaceX анонсировала строительство крупного завода полупроводников Terafab недалеко от Хьюстона в Техасе. Его общая площадь превысит 9,3 млн кв. м.

Terafab будет выпускать логические и запоминающие устройства, заточенные под искусственный интеллект. Они будут использоваться в роботах Optimus от Tesla, а также в спутниковых дата-центрах.

Будущий комплекс позволит создать 3000 рабочих мест. На первом этапе в проект Terafab планируется вложить $16,8 млрд, а суммарный объем инвестиций может достичь $119 млрд:

https://www.spot.uz/ru/2026/08/10/terafab/

[Telegram](https://t.me/spotuz)  |  [Instagram](https://instagram.com/spot.uz)  |  [YouTube](https://youtube.com/@SpotUz)"
@spotuz,39379,2026-08-11 07:32:30,5211,33,"**Для регистрации членов семьи по месту пребывания отменят ограничения на площадь жилья**

Закпалата приняла в первом чтении проект закона об упрощении регистрации граждан. Он отменяет требования к соблюдению социальной нормы площади для близких родственников — супругов, родителей и детей, бабушек, дедушек и внуков, братьев и сестер.

Также планируется упростить регистрацию собственников и их членов семьи в жилье с наложенными запретами или арестами. Для этого не потребуется одобрение банка или БПИ, при этом вводится предварительное письменное согласие на регистрацию.

Кроме того, социальная норма площади не будет применяться к студентам вузов в общежитиях:

https://www.spot.uz/ru/2026/08/11/residence-bill/

[Telegram](https://t.me/spotuz)  |  [Instagram](https://instagram.com/spot.uz)  |  [YouTube](https://youtube.com/@SpotUz)"
@spotuz,39380,2026-08-11 08:30:57,5287,41,"**Открыта регистрация на учебную программу в сфере экобизнеса с возможностью получить до $10 тысяч**

Агентство по управлению отходами совместно с ПРООН организует курсы для предпринимателей, работающих в сфере циркулярной экономики и переработки мусора. Занятия будут проходить параллельно в Ташкенте, Ангрене и Нукусе.

На курс будет набрано 120 человек — по 40 в каждом городе, при этом минимум 50% мест будет зарезервировано для женщин. Учеба будет продолжаться 6 недель, а выпускники смогут участвовать в конкурсе проектов и побороться за гранты.

Участие в программе полностью бесплатно. Заявки принимаются до 13 августа:

https://www.spot.uz/ru/2026/08/07/eco-business/

[Telegram](https://t.me/spotuz)  |  [Instagram](https://instagram.com/spot.uz)  |  [YouTube](https://youtube.com/@SpotUz)"
@spotuz,39381,2026-08-11 09:47:41,5061,18,"**Переработка медицинских отходов в Ташкенте работает лишь на 25% — Комитет по экологии**

Спецкомиссия по улучшению экологической ситуации выявила в нескольких столичных больницах нарушения в обращении с отходами. Медучреждения часто смешивают медицинские отходы (в том числе опасные) с бытовыми вместо раздельного вывоза.

За полугодие из больниц Ташкента было вывезено 3239 кубометров мусора. Более половины из этого объема пришлось на клиническую больницу №16 (Республиканский научный центр экстренной медпомощи).

С 2024 года компания Sayar LLC реализует проект по переработке медицинских отходов. Однако он не работает в полном объеме — при суточной мощности в 12 тонн фактически поступает только 3 тонны:

https://www.spot.uz/ru/2026/08/11/medical-waste/

[Telegram](https://t.me/spotuz)  |  [Instagram](https://instagram.com/spot.uz)  |  [YouTube](https://youtube.com/@SpotUz)"
@spotuz,39382,2026-08-11 11:07:15,4840,20,"🌐🌐🌐🌐🌐**В Узбекистане могут пересмотреть тарифы на электроэнергию для крупных потребителей**

Министерство энергетики изучает возможность пересмотра дифференцированных тарифов на электроэнергию для крупных потребителей, сообщили Spot в ведомстве. Необходимость изменений в Минэнерго связывают с ростом доли возобновляемых источников энергии, прежде всего солнечной генерации.

Сейчас некоторые предприятия переносят больше производственных процессов на ночь, когда себестоимость электроэнергия выше. В Минэнерго рассматривают механизмы, которые, напротив, будут стимулировать бизнес переносить часть потребления на дневные часы, когда растет выработка солнечных электростанций. 

Также изучается возможность изменить соотношение повышающих и понижающих коэффициентов к базовому тарифу в зависимости от времени потребления. Конкретные параметры пока не определены и могут измениться по итогам обсуждения:

https://www.spot.uz/ru/2026/08/11/energy-tariffs/

[Telegram](https://t.me/spotuz)  |  [Instagram](https://instagram.com/spot.uz)  |  [YouTube](https://youtube.com/@SpotUz)"
@spotuz,39383,2026-08-11 11:32:07,4953,40,"**В Ташкенте будут построены семь станций когенерации за $173 млн**

Столичный хокимият представил планы строительства комплексов для производства тепловой и электроэнергии. Общая мощность отопительных установок составит 182 Гкал, электрогенераторов — 203 МВт.

Комплексы будут расположены в Учтепинском, Шайхантахурском, Юнусабадском, Мирзо-Улугбекском, Яшнабадском, Мирабадском и Сергелийском районах. Они будут снабжать энергией 549 многоквартирных домов и 66 социальных объектов.

Инвестиции в проект составят $173 млн. До конца года должны заработать первые два комплекса, а к лету 2027 года — оставшиеся:

https://www.spot.uz/ru/2026/08/11/co-gen-plans/

[Telegram](https://t.me/spotuz)  |  [Instagram](https://instagram.com/spot.uz)  |  [YouTube](https://youtube.com/@SpotUz)"
@spotuz,39384,2026-08-11 11:54:36,5039,12,"**Поезда в Хиву в течение недели будут ездить только до Ургенча**

С 10 по 16 августа «по техническим причинам» временно приостанавливается движение пассажирских поездов на ветке Ургенч — Хива. Составы из Ташкента и Андижана будут следовать по сокращенному маршруту.

Изменения затрагивают в том числе высокоскоростные поезда «Джалолиддин Мангуберди». Для удобства пассажиров с автостанции Хивы ежедневно в 7:10 будут отправляться специальные автобусы.

https://www.spot.uz/ru/2026/08/11/train-urganch/

[Telegram](https://t.me/spotuz)  |  [Instagram](https://instagram.com/spot.uz)  |  [YouTube](https://youtube.com/@SpotUz)"
@spotuz,39385,2026-08-11 12:59:40,4892,22,"**«Узбекнефтегаз» планирует увеличить добычу газа на 887 тысяч кубометров за счет новых скважин**

Шавкат Мирзиёев изучил планы госкомпании по обеспечению стабильности на нефтегазовом рынке. Предполагается поддержать темпы добычи природного газа путем запуска новых и эффективного использования нынешних объектов.

До конца месяца компания намерена запустить 27 скважин. На пяти месторождениях («Янги Култак», «Ниёз», «Коратау», «Марварид» и «Тегирмон») будет создана возможность дополнительной добычи 887 тыс. кубометров газа.

Президент поручил компании нарастить производство сжиженного газа на 16,5% и обеспечить выполнение плана по добыче нефти и газа. Будет организован ежедневный анализ потребностей внутреннего рынка:

https://www.spot.uz/ru/2026/08/11/energy-resources/

[Telegram](https://t.me/spotuz)  |  [Instagram](https://instagram.com/spot.uz)  |  [YouTube](https://youtube.com/@SpotUz)"
@spotuz,39386,2026-08-11 13:31:52,4757,32,"**За незаконное строительство планируется ввести штрафы до 2,2 млн сумов за квадратный метр**

11 августа Закпалата приняла в первом чтении законопроект об усилении контроля в градостроительной сфере. Он предусматривает усиление мер ответственности за грубые нарушения при возведении зданий и сооружений.

Речь идет о строительстве с нарушением генплана или мастер-плана, без проектных документов и без уведомления уполномоченного органа. Штраф для заказчиков и подрядчиков составит 2,2 млн сумов за возведенный квадратный метр.

Уплата штрафа не освобождает от ответственности за незаконное строительство. Также документ обозначает полномочия Национального комитета по развитию урбанизации и рынка жилья. 88 депутатов проголосовали «за», 15 — «против»:

https://www.spot.uz/ru/2026/08/11/construction-fine-bill/

[Telegram](https://t.me/spotuz)  |  [Instagram](https://instagram.com/spot.uz)  |  [YouTube](https://youtube.com/@SpotUz)"
@spotuz,39387,2026-08-11 14:54:44,4703,13,"**В Узбекистане предотвратили незаконный вывод 29 трлн сумов и заблокировали почти 19 тыс. карт**

За первое полугодие МВД совместно с Центральным банком с помощью специальной системы предотвратило незаконный вывод за рубеж 29 трлн сумов и заблокировало 18 838 банковских карт, связанных с преступлениями.

МВД за полгода раскрыло 9 282 киберпреступления, из них 4 011 выявили по собственной инициативе сотрудников. Более 13 тыс. гражданам возместили ущерб на сумму свыше 120,5 млрд сумов. Профилактическими мероприятиями по кибербезопасности и предупреждению интернет-угроз охватили более 23 млн жителей.

При этом работу по борьбе с киберпреступностью в МВД признали недостаточной. Ведомству поручено усилить обучение сотрудников современным информационным технологиям и новым методам выявления киберпреступлений, а также глубже анализировать причины и факторы, способствующие их совершению:

https://www.spot.uz/ru/2026/08/11/cybersecurity/

[Telegram](https://t.me/spotuz)  |  [Instagram](https://instagram.com/spot.uz)  |  [YouTube](https://youtube.com/@SpotUz)"
@spotuz,39388,2026-08-11 15:08:16,4659,2,"**О чем писал Spot 11 августа**

🌐Узбекистанцы [выступили](https://www.spot.uz/ru/2026/08/11/ev-compensation/) против проекта Минэкономфина о компенсации процентов по автокредитам на электромобили.

🌐Минэнерго [изучает](https://www.spot.uz/ru/2026/08/11/energy-tariffs/) пересмотр тарифов для крупного бизнеса, чтобы стимулировать потребление днем на фоне роста солнечной генерации.

🌐Депутаты в первом чтении [одобрили](https://www.spot.uz/ru/2026/08/11/residence-bill/) упрощение регистрации членов семьи в жилье без учета норм площади и согласия банков.

🌐Налоговый комитет [внедрил](https://www.spot.uz/ru/2026/08/11/electronic-receipt/) возможность просмотра электронных кассовых чеков в упрощенной форме.

🌐МВД и ЦБ за полгода [предотвратили](https://www.spot.uz/ru/2026/08/11/cybersecurity/) вывод 29 трлн сумов и заблокировали почти 19 тыс. карт.

[Telegram](https://t.me/spotuz)  |  [Instagram](https://instagram.com/spot.uz)  |  [YouTube](https://youtube.com/@SpotUz)"
@spotuz,39389,2026-08-11 15:46:06,5292,35,"**Налоговый комитет создал упрощенную версию электронных чеков
**
Налоговый комитет внедрил возможность просматривать электронные кассовые чеки в упрощенной форме. В сокращенной версии отображаются только основные данные — название товара или услуги, его стоимость и итоговая сумма покупки. Полная версия со всеми реквизитами сохраняется, поэтому пользователь может в любой момент переключаться между форматами, а также сохранять чек и делиться им.

В ведомстве пояснили, что обычные электронные чеки содержат большое количество информации, включая коды ИКПУ, единицы измерения, сумму НДС, скидки и налоговые ставки. По мнению комитета, это может затруднять быстрое понимание итоговой суммы и приводить к ошибкам при самостоятельных подсчетах:

https://www.spot.uz/ru/2026/08/11/electronic-receipt/

[Telegram](https://t.me/spotuz)  |  [Instagram](https://instagram.com/spot.uz)  |  [YouTube](https://youtube.com/@SpotUz)"
@spotuz,39390,2026-08-11 16:30:02,5914,112,"🌐 **Тройной земельный налог отменили за 2020−2024 годы. Кому и как его вернуть**

В июне президент подписал закон об отмене тройного земельного налога за период с 1 января 2020 по 1 июня 2024 года. Под перерасчет попадут начисления почти на 1,5 трлн сумов.

Тройная ставка применялась, если участок использовался без документов или фактическая площадь превышала документальную. 

Уже уплаченные суммы признают переплатой: зачтут в счет будущих платежей или вернут в течение 15 дней по заявлению. Долги, переданные в БПИ, тоже пересмотрят. Проверить начисления можно в приложении Soliq.

__Как вернуть деньги и что делать с долгами — в материале Spot: __

https://www.spot.uz/ru/2026/07/16/land-tax/

[Telegram](https://t.me/spotuz)  |  [Instagram](https://instagram.com/spot.uz)  |  [YouTube](https://youtube.com/@SpotUz)"
@spotuz,39391,2026-08-12 03:59:15,5350,19,"**Как Orzu Teks вырос до оборота свыше 1 млрд сумов на Uzum Market**

Игорь Ан, совладелец текстильного производства, рассказал, как данные о спросе помогли бренду вырасти и изменить подход к производству (реклама).

https://www.spot.uz/ru/2026/08/12/uzum-market/"
@spotuz,39392,2026-08-12 05:05:44,5770,36,"**Проект закона о штрафах для гостиниц, не регистрирующих иностранцев, вернули на доработку**

Закпалата 11 августа постановила вернуть законопроект об усилении контроля за миграцией для доработки в ответственном комитете. Он предусматривает рост штрафов для должностных лиц принимающих организаций за несвоевременное внесение данных об иностранцах в систему E-mehmon.

Планировалось ввести для них административные штрафы в размере до 8,8 млн сумов за допущение проживания без регистрации. Также документ включал санкции до 16,48 млн сумов за «непринятие мер по обеспечению регистрации по месту пребывания» в гостиницах и санаториях.

Депутаты отметили резкое увеличение штрафов для должностных лиц в нынешней версии и выступили за смягчение санкций. По итогам обсуждения спикер Нуриддин Исмаилов предложил вернуть документ на доработку из-за «большого количества вопросов»:

https://www.spot.uz/ru/2026/08/11/e-mehmon-fine/

[Telegram](https://t.me/spotuz)  |  [Instagram](https://instagram.com/spot.uz)  |  [YouTube](https://youtube.com/@SpotUz)"
@spotuz,39393,2026-08-12 06:23:05,5117,15,"**«Кува текстиль» построит на месте аэродрома в Ферганской области комплекс за $10 млн**

Компания представила проект хокиму региона Хайрулло Базарову. Она планирует создать на территории бывшего аэродрома трикотажную фабрику и хлопкоочистительный завод, которые обеспечат 300 новых рабочих мест.

Помимо того, местные фермерские хозяйства сообщили о планах создать новые животноводческие комплексы на 7 тыс. голов крупного рогатого скота. Один из местных предпринимателей уже приступил к строительству.

В махалле Ирголи к цветоводству планируется привлечь 50 домохозяйств. Ожидается, что выращивание голландских тюльпанов принесет до 300 млн сумов дохода с сотки земли:

https://www.spot.uz/ru/2026/08/12/bagdad-projects/

[Telegram](https://t.me/spotuz)  |  [Instagram](https://instagram.com/spot.uz)  |  [YouTube](https://youtube.com/@SpotUz)"
@spotuz,39394,2026-08-12 07:52:57,4919,7,"**В Ташкенте на загруженном перекрестке увеличили зеленый сигнал почти вдвое**

Центр организации дорожного движения перенастроил светофоры на перекрестке улиц Фитрата и Гейдара Алиева (недалеко от аэропорта). Длительность фазы зеленого сигнала для наиболее загруженного направления выросла почти в 2 раза.

Кроме того, встречные автомобили после изменения настроек стали останавливаться немного раньше для безопасного проезда поворачивающих машин. Благодаря этому пробки на участке сократились, а на проезд перекрестка теперь уходит до 2 минут.

Специалисты подготовят отдельные настройки светофора для утреннего и вечернего часа пик. Также планируется перенастроить соседние перекрестки для создания нового «зеленого коридора»:

https://www.spot.uz/ru/2026/08/11/traffic-lights/

[Telegram](https://t.me/spotuz)  |  [Instagram](https://instagram.com/spot.uz)  |  [YouTube](https://youtube.com/@SpotUz)"
@spotuz,39395,2026-08-12 07:59:16,4816,14,"**S&P Global Ratings впервые присвоило рейтинг «Микрокредитбанку»**

Банк получил от международного рейтингового агентства долгосрочный кредитный рейтинг BB- со «стабильным» прогнозом (реклама).

https://www.spot.uz/ru/2026/08/12/mkbank/"
@spotuz,39396,2026-08-12 08:59:18,5087,32,"**Китайский инвестор вложит $20 млн в выпуск металлоконструкций и сэндвич-панелей в Фергане**

Ян Цуйчжун планирует создать в Багдадском районе Ферганской области производство металлоконструкций с инвестициями $20 млн. Проект реализуется в два этапа.

На первом — уже начались поставки оборудования для производства металлоконструкций, сэндвич-панелей и профнастила. Затем планируется построить производственные заводы.

Для реализации проекта в конце июля была учреждена компания Grandhunt 1688 27 июля с уставным фондом 400 млн сумов. Она получит земельный участок площадью 5 га в экономической зоне Багдадского района.

Хоким области Хайрулло Бозоров подписал с инвестором соглашение о сотрудничестве:

https://www.spot.uz/ru/2026/08/12/grandhunt-1688/

[Telegram](https://t.me/spotuz)  |  [Instagram](https://instagram.com/spot.uz)  |  [YouTube](https://youtube.com/@SpotUz)"
@spotuz,39397,2026-08-12 09:50:34,5173,24,"**Казахстанский Kaspi закрыл сделку по покупке турецкого Rabobank и провел его ребрендинг**

Финтех-группа завершила покупку кредитного учреждения в июле, после чего переименовала его в Hepsi Bank. Сейчас она начала его интеграцию с маркетплейсом Hepsiburada, где ей принадлежит 86,7%.

С 2027 года Kaspi расширит услуги депозитов и кредитования в Турции, для чего докапитализирует Hepsi Bank на $300 млн. Группа отметила долгосрочные возможности для развития финтех-продуктов в Турции.

Kaspi объявил о покупке Rabobank в марте 2025 года. Однако стороны больше года ждали одобрения от турецкого регулятора:

https://www.spot.uz/ru/2026/08/12/kaspi-hepsi-bank/

[Telegram](https://t.me/spotuz)  |  [Instagram](https://instagram.com/spot.uz)  |  [YouTube](https://youtube.com/@SpotUz)"
@spotuz,39398,2026-08-12 10:00:38,5091,22,"**Paynet станет ключевым партнером Silk Road Finance & Technology Forum 2026**

Форум пройдет с 24 по 26 августа в Ташкенте и соберет представителей банков, финтех-компаний и инвесторов. Paynet представит на площадке действующие сервисы и новые финансовые продукты (реклама).

https://www.spot.uz/ru/2026/08/12/paynet/"
@spotuz,39399,2026-08-12 10:47:50,5329,81,"**Сколько дней узбекистанцы будут отдыхать на День независимости в 2026 году**

В этом году День независимости Узбекистана выпадает на вторник, 1 сентября. Дополнительным выходным для всех работников независимо от графика работы объявлено также 31 августа.

При пятидневной рабочей неделе получится четыре выходных подряд — с 29 августа по 1 сентября:

🌐29 августа (суббота) — выходной;
🌐30 августа (воскресенье) — выходной;
🌐31 августа (понедельник) — дополнительный выходной;
🌐1 сентября (вторник) — праздничный день.

При шестидневной рабочей неделе отдых продлится три дня — с 30 августа по 1 сентября:

https://www.spot.uz/ru/2026/08/12/independence-day/

[Telegram](https://t.me/spotuz)  |  [Instagram](https://instagram.com/spot.uz)  |  [YouTube](https://youtube.com/@SpotUz)"
@spotuz,39400,2026-08-12 11:45:43,4869,25,"**Самаркандской области предложили купить в Беларуси готовые фермы с землей и скотом**

Делегация региона во главе с хокимом Адизом Бобоевым провела в Минске серию переговоров. На встречах были обозначены главные направления сотрудничества: животноводство, текстиль, пищевая промышленность, туризм и здравоохранение.

Компании «Чорва Сут Сервис» и «Мароканд МИТ» выразили готовность инвестировать в животноводческие комплексы Гродненской области. Также предполагается совместное производство молочных продуктов и детского питания.

В текстильной сфере стороны договорились перейти от поставок тканей к производственной кооперации и запуску производств под белорусскими брендами. На самаркандских предприятиях планируется внедрить технологии из Беларуси:

«Белинвестбанк» предложил льготное кредитование, лизинг и финансирование поставок оборудования:

https://www.spot.uz/ru/2026/08/12/samarkand-belarus/

[Telegram](https://t.me/spotuz)  |  [Instagram](https://instagram.com/spot.uz)  |  [YouTube](https://youtube.com/@SpotUz)"
@spotuz,39401,2026-08-12 11:59:14,4802,15,"По мере роста компании часть задач неизбежно делегируется. Одной из первых обычно становится бухгалтерия: специалист ведет учет, работает с документами, рассчитывает налоги и готовит отчетность. У владельца может возникнуть ощущение, что в эту часть бизнеса теперь можно не погружаться.

В рамках годового спецпроекта по повышению финансовой грамотности предпринимателей Afisha Media и «Капиталбанк» рассказывают, какие финансовые процессы собственнику бизнеса важно контролировать самостоятельно (на правах рекламы).

https://www.spot.uz/ru/2026/08/12/kapitalbank-finance/"
@spotuz,39402,2026-08-12 12:15:25,4953,14,"**ЦБ предлагает добавить предупреждение о рисках в кредитные договоры и рекламу**

Центральный банк вынес на общественное обсуждение проект постановления с новыми требованиями к рекламе банковских кредитов и кредитным договорам. Документ предлагает обязать рекламодателей предупреждать о финансовых рисках, связанных с неисполнением кредитных обязательств, а банки — размещать расширенное предупреждение перед текстом договора.

В рекламе такое предупреждение должно занимать не менее 10% основной площади и времени. В кредитном договоре его предлагают размещать на лицевой стороне первой страницы, где оно должно занимать не менее 30% площади. 

В предупреждении будут перечислены возможные последствия просрочки — рост общей задолженности, принудительное взыскание, обращение взыскания на имущество, арест средств на счетах и негативное влияние на кредитную историю.

Кроме того, ЦБ предлагает ужесточить меры в отношении банков и небанковских кредитных организаций. Если кредитный продукт признают вводящим потребителя в заблуждение, регулятор сможет ограничить или запретить отдельные финансовые операции либо расширение инфраструктуры организации до полугода:

https://www.spot.uz/ru/2026/08/12/loans-warning/

[Telegram](https://t.me/spotuz)  |  [Instagram](https://instagram.com/spot.uz)  |  [YouTube](https://youtube.com/@SpotUz)"
@spotuz,39403,2026-08-12 13:50:43,5104,27,"**Криптобиржам и криптомагазинам могут разрешить идентификацию клиентов через сторонние сервисы**

НАПП вынесло на обсуждение проект поправок к правилам внутреннего контроля для провайдеров услуг в сфере криптоактивов. Среди предложений — возможность использовать специализированные сторонние организации для идентификации и верификации клиентов при проведении процедур надлежащей проверки.

Также ужесточаются требования к ответственным за внутренний контроль и руководителям криптопровайдеров. Ответственный сотрудник должен занимать должность заместителя руководителя, а новый провайдер — назначить такого специалиста и передать его данные регулятору в течение месяца после получения лицензии. Руководители и учредители компаний не должны быть связаны со странами, не участвующими в международном сотрудничестве по противодействию легализации незаконных доходов.

Проект также уточняет порядок работы с подозрительными операциями: сообщения о них предлагается направлять в Генпрокуратуру по защищенным каналам. При заморозке активов или приостановке операции из-за попадания клиента в соответствующий перечень ответственный сотрудник должен будет в максимально короткий срок уведомить его и объяснить порядок возобновления операции:

https://www.spot.uz/ru/2026/08/12/crypto-services-aml/

[Telegram](https://t.me/spotuz)  |  [Instagram](https://instagram.com/spot.uz)  |  [YouTube](https://youtube.com/@SpotUz)"
@spotuz,39404,2026-08-12 15:08:45,4702,26,"**В Узбекистане выпуск корпоративных облигаций за полгода превысил 7 трлн сумов**

Выпуск корпоративных облигаций в Узбекистане за первые шесть месяцев почти вдвое превысил показатель за весь 2025 год. Объем эмиссии корпоративных облигаций вырос с 1,06 трлн сумов в 2023 году до 1,9 трлн в 2024-м и 3,93 трлн сумов в 2025 году. 

Капитализация рынка капитала увеличилась с 171,4 трлн сумов в 2023 году до 284,6 трлн в 2025-м, а объем эмиссии акций — с 189,7 трлн до 265,1 трлн сумов; к 1 июля он достиг 269,4 трлн сумов. Совокупный объем биржевых и внебиржевых торгов за 2023–2025 годы вырос с 2,89 трлн до 17,63 трлн сумов.

Кроме того, НАПП представило проект нового закона «О рынке капитала». Документ предусматривает расширение перечня финансовых инструментов, включая опционы, свопы, фьючерсы, форварды, контракты на разницу цен, облигации с покрытием, секьюритизированные облигации, облигации устойчивого развития и сукук, а также изменения в инфраструктуре рынка для привлечения иностранных институциональных инвесторов:

https://www.spot.uz/ru/2026/08/12/bonds/

[Telegram](https://t.me/spotuz)  |  [Instagram](https://instagram.com/spot.uz)  |  [YouTube](https://youtube.com/@SpotUz)"
@spotuz,39405,2026-08-12 15:46:21,4938,50,"**В Узбекистане введут категорию квалифицированных инвесторов — определять их будут брокеры**

Инвесторов на рынке капитала Узбекистана планируют разделить на квалифицированных и неквалифицированных. К квалифицированным инвесторам хотят отнести физлиц с достаточными знаниями, опытом и финансовыми ресурсами для самостоятельных инвестиционных решений. Для них регулятор планирует определить отдельный перечень сложных финансовых инструментов, недоступных неквалифицированным инвесторам.

Критерии квалификации в новом законе «О рынке капитала», который уже принят в первом чтении, прописывать не будут — их определит регулятор отдельным подзаконным актом. При этом статус инвестора будет присваивать не НАПП, а брокер: регулятор установит общие критерии, а инвестиционный посредник будет принимать решение по конкретному клиенту. 

Среди рассматриваемых критериев — профильное образование, опыт торговли акциями и облигациями, сертификат CFA или наличие достаточных финансовых средств. Также обсуждается автоматическое присвоение статуса тем, у кого уже есть действующий квалификационный аттестат специалиста рынка ценных бумаг:

https://www.spot.uz/ru/2026/08/12/qualified-investors/

[Telegram](https://t.me/spotuz)  |  [Instagram](https://instagram.com/spot.uz)  |  [YouTube](https://youtube.com/@SpotUz)"
@spotuz,39406,2026-08-12 16:34:50,4911,38,"🌐 **18 млрд на празднике: как супруги Абидовы больше 15 лет строят бизнес на развлечении детей и взрослых**

Дильдора и Аброр Абидовы начинали с домашних праздников для своих детей — просто потому что не умели делать «обычно», им нужен был маленький спектакль. 

Через 15 лет у супругов Абидовых два самостоятельных бизнеса с общим оборотом больше 15 млрд сумов в год: Anor Mali — от детских аниматоров до производства костюмов, и Brand Health Solutions — агентство для event-проектов.

За это время супруги успели пройти через разные этапы.  Первое рекламное производство Аброра закрылось с долгами на $100 тыс., деньги на старте Anor Mali складывали в общий сейф, а расходы записывали от руки. 

«Деньги как будто не задерживались. Вчера были — сегодня их нет», — вспоминает Дильдора то время, когда бизнес рос, а системы под ним не было.

__Spot поговорил с супругами о том, как создавались их компании без вложений и как два бизнеса научились работать вместе:__

https://www.spot.uz/ru/2026/08/12/anormali-bhs/

Telegram  |  Instagram  |  YouTube"
@spotuz,39409,2026-08-13 03:59:23,5224,2,"**Радиаторы AKFA обеспечивают тепло без компромиссов**

AKFA Comfort расширил линейку радиаторов для разных систем отопления — от частных домов до многоэтажных зданий. В ассортименте представлены алюминиевые и биметаллические модели с разными показателями теплоотдачи и рабочего давления (реклама).

https://www.spot.uz/ru/2026/08/13/akfa/"
@spotuz,39410,2026-08-13 05:01:14,5251,6,"**Ставки по кредитам в национальной валюте выросли в мае и немного снизились в июне — ЦБ**

По данным регулятора, средняя номинальная ставка по сумовым займам в мае достигла 20%. Месяцем позже она снизилась до 19,8% — на 0,6% меньше по сравнению с прошлым годом.

Кредиты для населения предлагаются под 20,2% (-2,7% за год). При этом за счет снижения инфляционных ожиданий реальная ставка по займам выросла до 9,2-9,3%.

Ставка по корпоративным займам достигла 19,5%, показав небольшой прирост за год (+0,6%). Коммерческие займы для бизнеса постепенно становятся дешевле, а льготные — дороже:

https://www.spot.uz/ru/2026/08/12/loans-h1-2026/

[Telegram](https://t.me/spotuz)  |  [Instagram](https://instagram.com/spot.uz)  |  [YouTube](https://youtube.com/@SpotUz)"
@spotuz,39411,2026-08-13 05:50:21,5106,17,"**В Навои задержали двух нелегальных продавцов золота на 340 млн сумов**

Операция проводилась совместно СГБ и Департаментом по борьбе с эконмическими преступлениями. Подозреваемые были задержаны при передаче покупателю золотой слиток около 26 граммов.

По оперативным данным, они намеревались продать почти 213 граммов драгметалла. Кроме того, один из подозреваемых организовал на дому подпольный цех по отмывке золота из песка.

https://www.spot.uz/ru/2026/08/13/gold-navoi/

[Telegram](https://t.me/spotuz)  |  [Instagram](https://instagram.com/spot.uz)  |  [YouTube](https://youtube.com/@SpotUz)"
@spotuz,39412,2026-08-13 06:59:27,5324,29,"**В Узбекистане стартует программа бесплатной диагностики для малого и среднего бизнеса**

Минэкономфин запускает пилотный проект совместно с Институтом макроэкономических и региональных исследований, а также GIZ. Его цель — оценить производительность труда и эффективность использования ресурсов местными компаниями.

Участники получат помощь с определением основных проблем и издержек, а также практические советы по повышению эффективности процессов и снижению себестоимости товаров. Срок регистрации — до 1 сентября:

https://www.spot.uz/ru/2026/08/12/sme-diagnostics/

[Telegram](https://t.me/spotuz)  |  [Instagram](https://instagram.com/spot.uz)  |  [YouTube](https://youtube.com/@SpotUz)"
@spotuz,39413,2026-08-13 07:49:24,4913,23,"**Комитет по конкуренции возбудил дело против кондитерской компании из ЕС за недобросовестную конкуренцию**

Надзорный орган анонсировал расследование в отношении «известной европейской компании», производящей кондитерские изделия. Производитель ограничивает ввоз продукции в Узбекистан под предлогом нарушения прав на интеллектуальную собственность, хотя официально не требует согласия на продажу.

Импортерам обещают решить проблемы после заключения договора с компанией или ее филиалом в Казахстане, при этом цены на таможне у официального поставщика в 5 раз выше других компаний. Комитет направил запрос в орган Еврокомиссии по вопросам конкуренции для изучения ситуации:

https://www.spot.uz/ru/2026/08/13/candy-investigation/

[Telegram](https://t.me/spotuz)  |  [Instagram](https://instagram.com/spot.uz)  |  [YouTube](https://youtube.com/@SpotUz)"
@spotuz,39414,2026-08-13 08:34:45,5064,30,"**В** **работе Telegram** **наблюдаются сбои**
** **
Корреспонденты Spot также столкнулись со сбоями в работе Telegram в Узбекистане. В частности, не загружаются медиафайлы, сообщения могут долго отправляться или вовсе не приходить, а мессенджер сильно тормозит. 

На проблемы также [указывает](https://detector404.uz/telegram) сервис Downdetector, который собирает сообщения пользователей о сбоях в работе онлайн-сервисов. На момент публикации он зафиксировал 105 жалоб за последний час и 116 — за сутки.

Пользователи сообщают о невозможности отправить сообщения, проблемах с загрузкой медиа и задержках при работе мессенджера. **Официальной информации о причинах сбоев на данный момент нет.**

__Фото: скриншот с Downdetector__

[Telegram](https://t.me/spotuz)  |  [Instagram](https://instagram.com/spot.uz)  |  [YouTube](https://youtube.com/@SpotUz)"
@spotuz,39415,2026-08-13 09:14:00,4803,37,"**Во всех вузах Узбекистана могут стать обязательными карьерные центры**

Национальное агентство по обеспечению качества образования предложило пересмотреть подход к профориентации студентов и их трудоустройству. С 1 января 2027 года планируется открыть карьерный центр в каждом высшем учебном заведении.

С 2028 года новые частные вузы должны будут создавать карьерные центры не позже чем на втором году работы. Руководство вузов должно будут ежегодно опрашивать студентов, выпускников и работодателей о качестве карьерных услуг.

Главы карьерных центров будут приравнены к деканам факультетов, а ведущие специалисты — к заместителям деканов. Для сотрудников центров запустят специальную учебную программу длительностью 144 часа.

Обсуждение инициативы продолжается до 27 августа:

https://www.spot.uz/ru/2026/08/13/career-centers/

[Telegram](https://t.me/spotuz)  |  [Instagram](https://instagram.com/spot.uz)  |  [YouTube](https://youtube.com/@SpotUz)"
@spotuz,39416,2026-08-13 09:49:40,5024,17,"**Бизнес в Ташкенте чаще жалуется на перебои с энергией, низкий спрос и сбои в логистике**

По данным Центробанка, во втором квартале 2026 года 53% столичных предпринимателей отметили улучшение деловой среды. Самые заметные позитивные изменения наблюдались в строительстве, перевозках, производственной и торговой сферах.

За год доля бизнеса, отметившего рост заказов и объемов производства, выросла на 4% и 7% соответственно. Доля предприятий с высокой загрузкой достигла 61% — на 18% больше предыдущего года.

Вместе с тем оценки дорожной инфраструктуры, налогового администрирования, газо- и электроснабжения остались относительно низкими. Более трети респондентов жаловались на ограничения бизнеса из-за перебоев с газом и электроэнергией.

Свыше 80% ожидают улучшения экономической ситуации и деловой среды в ближайшие три года:

https://www.spot.uz/ru/2026/08/13/business-tashkent/

[Telegram](https://t.me/spotuz)  |  [Instagram](https://instagram.com/spot.uz)  |  [YouTube](https://youtube.com/@SpotUz)"
@spotuz,39417,2026-08-13 10:06:23,5101,32,"**Как Yandex Maps находит более комфортные пешеходные маршруты для прогулок в тени**

Сервис научился находить в Ташкенте пешеходные маршруты с большим количеством деревьев и потенциальной тени. Для этого Yandex Maps анализирует мультиспектральные спутниковые снимки с помощью нейросети и учитывает температуру воздуха (реклама).

https://www.spot.uz/ru/2026/08/13/yandex-maps/"
@spotuz,39418,2026-08-13 10:47:58,7872,114,"**В Узбекистане планируют продлить нулевой налог на дивиденды и облигации до 2038 года**

Сохранение льгот на десятилетний срок предусмотрено проектом закона «О рынке капитала», сообщили в НАПП. Доходы физлиц с дивидендов по акциям будут полностью освобождены от налогов, а выплаты юрлицам будут облагаться налогом по ставке 5%.

Также планируется освободить инвесторов от налогов на доходы по облигациям, включая исламские (сукук). Регулятор ожидает, что сохранение льгот обеспечит более высокую привлекательность рынка капитала как для частных, так и для институциональных инвесторов.

https://www.spot.uz/ru/2026/08/13/investors-incentives/

[Telegram](https://t.me/spotuz)  |  [Instagram](https://instagram.com/spot.uz)  |  [YouTube](https://youtube.com/@SpotUz)"
@spotuz,39419,2026-08-13 11:41:34,5023,19,"**С 2027 года Узбекистан станет постоянным членом Международной электротехнической комиссии**

Об этом сообщил генеральный секретарь МЭК Филипп Метцгер на встрече с главой Минцифры Шерзодом Шерматовым. Эксперты из республики смогут участвовать в разработке и улучшении стандартов для электроники и электротехники через технические комитеты комиссии.

Узбекистан получит постоянное членство в организации первым в Центральной Азии. Планируется расширить сотрудничество в IT-сфере и отрасли искусственного интеллекта, отраслях электротехники, энергоэффективности и «зеленой» энергетики.

МЭК насчитывает около 170 стран-участниц, включая 64 постоянных членов. Узбекистан стал ассоциированным членом комиссии в 2023 году и сейчас внедрил около 2000 стандартов из более чем 10 тыс. утвержденных организацией:

https://www.spot.uz/ru/2026/08/13/uzbekistan-iec/

[Telegram](https://t.me/spotuz)  |  [Instagram](https://instagram.com/spot.uz)  |  [YouTube](https://youtube.com/@SpotUz)"
@spotuz,39420,2026-08-13 11:59:16,4872,15,"**Octobank расширяет географию международных переводов для партнеров**

Клиентам финансовых организаций — партнеров Octobank теперь доступны переводы между Узбекистаном и Турцией, Китаем, Израилем и Таджикистаном (реклама).

https://www.spot.uz/ru/2026/08/13/octobank/"
@spotuz,39421,2026-08-13 12:40:21,7434,13,"**Курс доллара после скачка снизился до 11 937 сумов**

Центральный банк Узбекистана опубликовал курсы валют на 14 августа.

__Подробный график динамики курсов валют доступен на нашем __[__сайте__](https://www.spot.uz/ru/currency/)__.__

[Telegram](https://t.me/spotuz)  |  [Instagram](https://instagram.com/spot.uz)  |  [YouTube](https://youtube.com/@SpotUz)"
@spotuz,39422,2026-08-13 12:59:01,4933,33,"**Узбекистан планирует продавать товары в Турции на маркетплейсе Trendyol**

Генеральный консул в Стамбуле Шерзод Абдуназаров обсудил с представителями компании возможности для размещения продукции узбекистанских компаний. Trendyol выразила готовность помочь с ее адаптацией к требованиям площадки.

Совместно с турецкой компанией будет сформирован перечень экспортных товаров. Стороны наладят контакт для решения вопросов, связанных с логистикой, сертификацией, таможенным оформлением и платежами:

https://www.spot.uz/ru/2026/08/13/trendyol/

[Telegram](https://t.me/spotuz)  |  [Instagram](https://instagram.com/spot.uz)  |  [YouTube](https://youtube.com/@SpotUz)"
@spotuz,39423,2026-08-13 13:49:43,4691,53,"**Стартап Cerberus из Узбекистана победил на региональном этапе TechCrunch Startup Battlefield**

Проект разрабатывается компанией C7 Cybersecurity по автоматическому поиску уязвимостей в корпоративных IT-системах при помощи ИИ. Он занял первое место среди 22 стартапов из стран Центральной Евразии, прошедших в региональный финал.

Cerberus получит денежный приз в $50 тысяч и такое же количество кредитов от OpenAI, а также выход в мировой финал конкурса с оплаченной поездкой для двух членов команды. Призерами стали казахстанский WeGlobal AI и японский LOOQ:

https://www.spot.uz/ru/2026/08/13/cerberus/

__На фото: основатель и руководитель Cerberus Tech Азиз Ахмедходжаев__

[Telegram](https://t.me/spotuz)  |  [Instagram](https://instagram.com/spot.uz)  |  [YouTube](https://youtube.com/@SpotUz)"
@spotuz,39424,2026-08-13 13:59:15,4503,11,"**Как устроена усиленная русская программа Oxbridge International School**

Школа делает ставку не только на оценки, но и на понимание предметов, самостоятельность и подготовку к будущей профессии. Для этого в учебный процесс встроены углубленные курсы, языковая подготовка, проектная работа и индивидуальная поддержка (реклама).

https://www.spot.uz/ru/2026/08/13/oxbridge/"
@spotuz,39425,2026-08-13 14:31:30,4700,27,"**Более половины предприятий сообщили о росте себестоимости, 40% — не инвестировали**

Шавкату Мирзиёеву доложили о подготовке к шестому открытому диалогу с предпринимателями. В рамках подготовки опросили 5072 предпринимателя из всех регионов страны и собрали около 6 тыс. обращений через колл-центр и официальные боты.

Опрос показал, что 53% предприятий столкнулись с ростом себестоимости товаров и услуг. Основными причинами предприниматели назвали подорожание сырья, энергоресурсов и логистики. При этом 40% компаний не инвестировали в течение последнего года, а 29% не планируют инвестиции и в ближайший год.

Среди других проблем бизнес отметил перебои и низкое напряжение в энергоснабжении, сложности с налоговыми проверками и возвратом НДС, а также препятствия для экспорта. Президент поручил подготовить конкретные решения по системным проблемам предпринимателей, определив для каждого вопроса механизм реализации, ответственных и сроки исполнения:

https://www.spot.uz/ru/2026/08/13/open-dialogue/

[Telegram](https://t.me/spotuz)  |  [Instagram](https://instagram.com/spot.uz)  |  [YouTube](https://youtube.com/@SpotUz)"
@spotuz,39426,2026-08-13 15:23:46,5859,208,"⚡️**Президент наградил Жамшида Исматуллаева, Фархода Махмудова, Абдулазиза Абдурахманова и еще 63 предпринимателей**

Шавкат Мирзиёев наградил предпринимателей за вклад в развитие страны и повышение экспортного потенциала, устойчивый рост экономики, привлечение инвестиций, создание новых рабочих мест и источников дохода. Всего государственными наградами отмечены 66 человек.

Среди награжденных — руководители и основатели крупных компаний и известных брендов:

**Орден «Дўстлик»:**

🌐Абдулазиз Абдурахманов — учредитель авиакомпаний «My freighter» и «Centrum Air»;
🌐Жамшид Исматуллаев — учредитель ООО «Chust textile»;
🌐Роберт Клаин — председатель правления компании «Voltalia»;
🌐Урал Озкан — руководитель компании «Odas Enerji CA».

**Медаль «Шуҳрат»:**

🌐Фарход Махмудов — генеральный директор АО «Brio group»;
🌐Даврон Дадахонов — генеральный директор ООО «Global export company»;
🌐Шерали Уринoв — основатель сети национальных блюд «Fayz».

https://www.spot.uz/ru/2026/08/13/entrepreneurs/

__На фото: Жамшид Исматуллаев, Фарход Махмудов и Абдулазиз Абдурахманов__

[Telegram](https://t.me/spotuz)  |  [Instagram](https://instagram.com/spot.uz)  |  [YouTube](https://youtube.com/@SpotUz)"
@spotuz,39427,2026-08-13 15:53:31,5493,130,"🔥**Мирзиёев наградил 113 активных предпринимателей. Среди них — Джасур Джумаев, Иззат Шукуров и Данияр Давлетияров**

Нагрудной знак «Фаол тадбиркор» присужден 113 предпринимателям за вклад в развитие предпринимательства, создание рабочих мест, внедрение новых технологий и активное участие в экономической жизни страны.

Среди награжденных:

🌐Джасур Джумаев — генеральный директор ООО «Uzum technologies»;
🌐Данияр Давлетияров — генеральный директор ООО «ADM Jizzakh»;
🌐Иззат Шукуров — учредитель ООО «YandexGo UB»;
🌐Яхёхужа Насирходжаев — основатель частной клиники «Nano»;
🌐Азиз Нуритдинов — учредитель ООО «Eman»;
🌐Динара Исламова — руководитель ООО «Dodo pizza Tashkent»;
🌐Бехзод Гулямов — основатель сети фастфуда «Oqtepa lavash»;
🌐Дилшод Ходжаев — генеральный директор частной авиакомпании «Fly Khiva group»;
🌐Мухтор Мирзамухамедов — учредитель ООО «Mavis global».

https://www.spot.uz/ru/2026/08/13/active-entrepreneurs/

__На фото: Данияр Давлетияров, Иззат Шукуров и Джасур Джумаев__

[Telegram](https://t.me/spotuz)  |  [Instagram](https://instagram.com/spot.uz)  |  [YouTube](https://youtube.com/@SpotUz)"
@spotuz,39428,2026-08-13 16:33:50,5529,113,"🌐 **Как вернуть деньги за IELTS или другой экзамен?** 

Сдали международный экзамен и набрали нужный балл? Государство вернет всю сумму, которую заплатили за экзамен. Программа распространяется на 18 экзаменов.

Претендовать могут граждане Узбекистана до 31 года и лица без гражданства, постоянно проживающие в республике.

__Какие документы нужны и вам могут отказать — в материале Spot:__

https://www.spot.uz/ru/2026/08/13/exam-refund/

[Telegram](https://t.me/spotuz)  |  [Instagram](https://instagram.com/spot.uz)  |  [YouTube](https://youtube.com/@SpotUz)"
@spotuz,39436,2026-08-14 04:56:27,5220,28,"**На площади Актепа в Ташкенте открыты два новых левых поворота**

Столичный ЦОДД провел реконструкцию перекрестков. Теперь водители с улицы Лутфи могут выехать без разворотов на улицы Нурафшан и Сеульская, а с улицы Самарканд Дарвоза — на Мукими.

Благодаря сокращению перепробегов время на проезд перекрестка должно сократиться на 4-10 минут в зависимости от нагрузки. Также были открыты наземные переходы со светофорами для пешеходов:

https://www.spot.uz/ru/2026/08/14/oqtepa/

[Telegram](https://t.me/spotuz)  |  [Instagram](https://instagram.com/spot.uz)  |  [YouTube](https://youtube.com/@SpotUz)"
@spotuz,39437,2026-08-14 05:44:21,7149,87,"**Президент подписал закон о работе бизнеса без лицензий до 3 месяцев**

Закон вводит специальный режим «Вход в бизнес без лицензии». В его рамках предприниматели смогут начать работу в лицензируемых сферах, направив в уполномоченный орган уведомление (через ЕПИГУ или систему «Лицензия»).

Специальный режим предоставляется на три месяца, в течение которых за деятельность без лицензии не применяются санкции. За это время компания может привести свою деятельность в соответствие с лицензионными требованиями.

По истечении срока заявитель должен оформить разрешительные документы или прекратить деятельность в лицензируемой сфере:

https://www.spot.uz/ru/2026/08/14/license-free-mode/

[Telegram](https://t.me/spotuz)  |  [Instagram](https://instagram.com/spot.uz)  |  [YouTube](https://youtube.com/@SpotUz)"
@spotuz,39438,2026-08-14 06:00:17,4893,15,"**Наступает новый этап для выпускников KIUT: работа, магистратура и обучение за рубежом**

Часть студентов университета получила предложения о работе от компаний-партнеров еще во время учебы, а выпускникам с высокими результатами предложили продолжить обучение в магистратуре (реклама).

https://www.spot.uz/ru/2026/08/14/kiut/"
@spotuz,39439,2026-08-14 07:07:48,4813,28,"**Передачу электросетей Самаркандской области в управление турецкой Aksa Enerji ускорят**

В Узбекистане хотят ускорить передачу региональных электросетей Самаркандской области в управление турецкой компании Aksa Enerji. На совещании 13 августа также рассматривали строительство высоковольтной линии электропередачи «Сурхан — Пули-Хумри» в Афганистане.

В 14 районах страны внедряют «Янгиюльский опыт»: составляют энергетические паспорта махаллей, выявляют дефицит и резервы мощности, а также ремонтируют сети и трансформаторы. Уже отремонтированы 441 трансформатор, 1134 км электросетей и 88 км газовых сетей.

В ближайшие пять лет потребность в энергоресурсах в этих районах вырастет на 49%. Пятилетняя программа предусматривает обновление 2261 трансформатора и 7449 км электросетей для повышения пропускных мощностей на 1300 МВт. Президент поручил распространить этот подход на все районы страны:

https://www.spot.uz/ru/2026/08/13/yangiyul-experience/

[Telegram](https://t.me/spotuz)  |  [Instagram](https://instagram.com/spot.uz)  |  [YouTube](https://youtube.com/@SpotUz)"
@spotuz,39440,2026-08-14 07:30:12,7618,159,"⚡️**В Ташкенте провели массовую оценку недвижимости — стоимость квартир в 7,4 раза выше кадастровой**

В Ташкенте провели массовую оценку более 600 тыс. квартир и 213 тыс. частных домовладений. По предварительным результатам, стоимость квартир составила 426,7 трлн сумов против 57,7 трлн сумов по действующей кадастровой оценке, а частных домов — 587 трлн против 39 трлн сумов (рост почти в 15 раз). 

При массовой оценке учитываются не только характеристики самого объекта, но и стоимость земельного участка, местоположение, площадь, год постройки, этажность, материалы и доступность инфраструктуры. Также анализируются рыночные предложения, данные риелторов и нотариально оформленные сделки.

**Результаты пока предварительные** и не определяют будущую цену продажи недвижимости. Их вынесут на общественное обсуждение на 60 дней, а собственники получат SMS с результатами оценки и смогут оспорить их или запросить пересмотр.

Систему массовой оценки планируют внедрять поэтапно: в 2025–2026 годах она тестируется в Ташкенте, в 2026–2027 годах ее хотят распространить на Нукус и областные центры, а с 2027 года — на остальные регионы:

https://www.spot.uz/ru/2026/08/14/property-valuation/

[Telegram](https://t.me/spotuz)  |  [Instagram](https://instagram.com/spot.uz)  |  [YouTube](https://youtube.com/@SpotUz)"
@spotuz,39441,2026-08-14 08:16:14,5072,23,"**UZCARD Kids теперь доступна клиентам SQB**

АКБ «Узсаноаткурилишбанк» стал 13-м эмитентом проекта, а с начала текущего года в Узбекистане было выпущено около 50 тыс. детских карт (реклама).

https://www.spot.uz/ru/2026/08/14/uzcard-kids/"
@spotuz,39442,2026-08-14 08:53:11,5253,48,"**Шавкат Мирзиёев подписал закон об Администрации президента**

Документ обозначает порядок работы АП, механизмы обеспечения деятельности главы государства и взаимодействия с другими госорганами. Администрация в своей деятельности подчиняется напрямую президенту и подотчетна непосредственно ему.

В число задач АП входят:
🌐анализ социально-экономического и социально-политического развития, разработка инициатив в этой сфере;
🌐подготовка проектов указов, постановлений, распоряжений президента, контроль их исполнения;
🌐подготовка законов для подписания или возвращения;
🌐организация диалога с населением и бизнесом.

АП будет следить за реализацией стратегических и приоритетных проектов в разных отраслях экономики. Также она будет координировать работу структур комплаенса и антикоррупционного контроля в госорганах:

https://www.spot.uz/ru/2026/08/14/president-administration-act/

[Telegram](https://t.me/spotuz)  |  [Instagram](https://instagram.com/spot.uz)  |  [YouTube](https://youtube.com/@SpotUz)"
@spotuz,39443,2026-08-14 09:51:37,4871,9,"**Кыргызстан вернул в Узбекистан 23 тонны лука и 5 тонн моркови из-за нарушений маркировки**

Партия овощей была возвращена с фитосанитарного контрольного поста на пограничном пункте Кызыл-Кия. В кыргызском Минсельхозе сообщили, что причиной стало отсутствие маркировки на упаковке в нарушение карантинных требований ЕАЭС.

Комитет по безопасности пищевой продукции Узбекистана изучил ситуацию и связался с уполномоченным органом соседней страны. По данным импортирующей стороны, причиной задержания груза стало нарушение требований к маркировке.

Согласно фитосанитарным правилам Кыргызстана, на каждой упаковке ввозимой плодоовощной продукции должны указываться название, страна происхождения и сведения об экспортере. После устранения нарушений в маркировке продукцию ввезли в Кыргызстан и разрешили к реализации.

https://www.spot.uz/ru/2026/08/14/kyrgyzstan/

[Telegram](https://t.me/spotuz)  |  [Instagram](https://instagram.com/spot.uz)  |  [YouTube](https://youtube.com/@SpotUz)"
@spotuz,39444,2026-08-14 10:41:47,4705,33,"**Турецкая Aksa Elektrik возьмет под управление электросети Самаркандской области с условием инвестиций**

Министр энергетики Шерзод Ходжаев рассказал о планах передать распределительные сети региона в управление Aksa Elektrik. Компания будет эксплуатировать существующую и строить новую инфраструктуру для передачи электроэнергии.

Все сотрудники Самаркандских региональных электросетей будут приняты на работу в турецкую компанию. Из-за рубежа планируется привлечь 10-15 специалистов, которые будут работать совместно с местными кадрами.

«Эта бизнес-модель применяется в республике впервые. Наш уважаемый президент поручил, исходя из ее опыта, провести аналогичную работу и в остальных регионах», — отметил Ходжаев.

Aksa Elektrik должна будет закупать минимум 90% продукции для строительства и модернизации сетей у местных поставщиков. Также компания наладит обучение сотрудников и повышение квалификации:

https://www.spot.uz/ru/2026/08/14/samarkand-aksa/

[Telegram](https://t.me/spotuz)  |  [Instagram](https://instagram.com/spot.uz)  |  [YouTube](https://youtube.com/@SpotUz)"
@spotuz,39445,2026-08-14 11:29:54,4959,32,"**В Узбекистане и еще трех странах Центральной Азии произошли массовые отключения электроэнергии**

Минэнерго Узбекистана в 15:57 сообщило об отключении электроэнергии в Сурхандарьинской и других областях. Причиной в ведомстве назвали аварию в энергосистеме соседней страны.

По данным «Национальных электросетей», в единой энергосистеме страны сработала противоаварийная автоматика, из-за чего в некоторых районах произошли экстренные отключения. Специалисты выясняют причины сбоя и поэтапно восстанавливают подачу энергии.

Незадолго до этого произошло отключение электроэнергии на юго-востоке Казахстана — в Алматы встало метро и отмечаются проблемы с водоснабжением. В Таджикистане блэкаут затронул Душанбе и ряд других районов, а возможной причиной считают проблемы на Рогунской ГЭС.

В Бишкеке также сообщалось о перебоях с электроэнергией:

https://www.spot.uz/ru/2026/08/14/blackout/

[Telegram](https://t.me/spotuz)  |  [Instagram](https://instagram.com/spot.uz)  |  [YouTube](https://youtube.com/@SpotUz)"
@spotuz,39446,2026-08-14 11:35:55,4544,11,"В Сурхандарьинской области энергоснабжение восстановлено на 80%, сейчас идут работы по возобновлению подачи энергии в других регионах — [__Минэнерго__](https://t.me/minenergy_uz/20738)"
@spotuz,39447,2026-08-14 12:00:41,4635,18,"**Pro-Data и HISN заключили меморандум о стратегическом сотрудничестве**

Провайдер облачной IT & AI-инфраструктуры Pro-Data и компания Highly Intelligent Security Networks (HISN), входящая в холдинг IMAN, подписали меморандум о стратегическом сотрудничестве. Стороны будут совместно реализовывать проекты в области информационных технологий на территории Республики Узбекистан.

IMAN развивает сервисы этичного финансирования для аудитории, которая не пользуется классическими кредитными продуктами. Меморандум фиксирует намерение сторон обмениваться экспертизой и вместе прорабатывать технические решения для новых проектов.

__На правах рекламы.__"
@spotuz,39448,2026-08-14 12:25:29,4606,9,"**Устранение последствий аварии полностью завершено — Минэнерго**

Подача электроэнергии в Сурхандарьинской области и других регионах восстановлена. Ведомство [подчеркнуло](https://t.me/minenergy_uz/20739), что причиной отключения стала авария в энергосистеме соседней страны, произошедшая в 14:38.

**Обновлено:** позднее Spot в пресс-службе Минэнерго уточнили, что министр энергетики Шерзод Ходжаев полностью контролировал ситуацию, находясь в диспетчерском центре, и принимал непосредственное участие в работах по ликвидации аварии.

[Telegram](https://t.me/spotuz)  |  [Instagram](https://instagram.com/spot.uz)  |  [YouTube](https://youtube.com/@SpotUz)"
@spotuz,39449,2026-08-14 12:30:01,4582,24,"**«Зеленое» финансирование в Узбекистане: зачем банкам экология и что от этого выигрывает обычный человек**

Каждый год Узбекистану не хватает $9,4 млрд, чтобы перейти на чистую энергию. Поэтому в стране появились «зеленые» кредиты — деньги, которые банк выдает только под экологические цели.

Такие продукты уже существуют: одни банки выпускают облигации, другие дают кредиты на солнечные панели и утепление квартир. Но ставка — те же 20% годовых, а большинство людей не знают, что такой кредит существует.

Кому это выгодно, почему деньги не доходят до фермеров и когда «зеленый» кредит станет таким же простым, как обычный — в большом интервью Spot с экспертом PwC Uzbekistan Зиедулло Парпиевым:

https://www.spot.uz/ru/2026/08/13/green-finance/

[Telegram](https://t.me/spotuz)  |  [Instagram](https://instagram.com/spot.uz)  |  [YouTube](https://youtube.com/@SpotUz)"
@spotuz,39450,2026-08-14 13:01:02,4733,12,"**Суды Узбекистана внедрят «проактивное управление» в экономических делах**

Президент ознакомился с проектом стратегии «Правосудие — 2030», направленной на развитие судебной системы страны. Документ, разработанный на базе предложений населения и дискуссий с экспертами, включает 33 цели и 57 задач.

С июля 2027 года планируется передать полномочия ревизионных инстанций из областных судов в новые межрегиональные. Это позволит предотвратить пересмотр судами собственных решений и увеличит объективность процедуры.

Также в большинстве городов и районов планируется открыть суды по гражданским делам. Судебные органы будут автоматически перенаправлять заявления по подсудности, а также помогать с исправлением мелких недостатков.

Для оперативного разрешения экономических дел будет внедрен стандарт «проактивного управления». Кроме того, планируется усилить защиту от необоснованных задержаний:

https://www.spot.uz/ru/2026/08/14/judiciary-reform/

[Telegram](https://t.me/spotuz)  |  [Instagram](https://instagram.com/spot.uz)  |  [YouTube](https://youtube.com/@SpotUz)"
@spotuz,39451,2026-08-14 13:59:15,4582,25,"**Обновленный BYD Song Plus DM-i UzPride выходит на рынок Узбекистана: новые технологии и повышенный комфорт**

Модель получила ряд обновлений, адаптированных к потребностям покупателей в Узбекистане — от нового дизайна и полностью черного салона до интеллектуального круиз-контроля и беспроводной зарядки для смартфона мощностью 50 Вт (реклама).

https://www.spot.uz/ru/2026/08/14/byd-song-plus/"
@spotuz,39452,2026-08-14 14:41:26,5683,50,"**Налоговый комитет пересчитал возврат НДС задним числом и потребовал от бизнеса вернуть деньги**

Налоговый комитет начал пересчитывать ранее возвращенный бизнесу НДС и требовать вернуть часть средств. Речь идет о механизме, введенном с 2025 года: для предприятий общепита возврат составлял 40% уплаченного НДС при доле безналичных платежей 60% и выше и 20% — если она была ниже. Сумму возврата автоматически рассчитывала и перечисляла сама налоговая система — бизнес в этом участия не принимал. 

Позднее налоговые органы начали пересматривать эти выплаты с учетом рейтинга устойчивости компаний. Такая привязка появилась на основании постановления президента от 24 мая 2024 года, которое установило зависимость субсидий, налоговых и таможенных льгот и других мер поддержки от рейтинга бизнеса. При этом в самом порядке возврата НДС, введенном в ноябре 2024 года, изначально отдельного требования учитывать рейтинг устойчивости не было.

Предприниматели утверждают, что при оформлении возврата не могли указать или проверить рейтинг, который использовался при расчете. Кроме того, рейтинг меняется ежедневно, а его исторические значения в личном кабинете недоступны. **В отдельных случаях, по словам бизнеса, налоговые органы уже взыскивали спорные суммы с расчетных счетов компаний.**

В Налоговом комитете заявили, что возврат НДС является мерой господдержки и поэтому должен предоставляться с учетом рейтинга устойчивости. Ведомство считает излишне возвращенные средства подлежащими возврату в госбюджет. Spot направил запрос в комитет по поводу перерасчета и взыскания ранее выплаченных сумм, но ответа на момент публикации не получил:

https://www.spot.uz/ru/2026/08/14/vat-refund/

[Telegram](https://t.me/spotuz)  |  [Instagram](https://instagram.com/spot.uz)  |  [YouTube](https://youtube.com/@SpotUz)"
@spotuz,39453,2026-08-14 15:05:39,4250,4,"**О чем писал Spot 14 августа**

🏘 Массовая оценка в Ташкенте [выявила](https://www.spot.uz/ru/2026/08/14/property-valuation/) стоимость домов в 15 раз, квартир — в 7,4 раза выше кадастровой.

🏛️ Администрация президента [будет контролировать](https://www.spot.uz/ru/2026/08/14/president-administration-act/) стратегические проекты в сферах инвестиций, промышленности и энергетики.

💸 Налоговый комитет пересчитал возврат НДС задним числом с учетом рейтинга и [взыскивает](https://www.spot.uz/ru/2026/08/14/vat-refund/) с бизнеса разницу.

⚖️ Шавкат Мирзиёев [одобрил](https://www.spot.uz/ru/2026/08/14/judiciary-digital/) стратегию «Правосудие — 2030»: до 50% обращений в суды планируется перевести в электронный формат.

🔌 Минэнерго [восстановило](https://www.spot.uz/ru/2026/08/14/blackout/) электроснабжение в Сурхандарье и других регионах после аварии в энергосистеме соседней страны.

[Telegram](https://t.me/spotuz)  |  [Instagram](https://instagram.com/spot.uz)  |  [YouTube](https://youtube.com/@SpotUz)"
@spotuz,39454,2026-08-14 15:56:09,4296,14,"**До половины обращений в суды планируется перевести в электронный формат**

В Узбекистане планируют увеличить долю обращений в суды, подаваемых в электронном виде, до 50%. Это предусмотрено проектом стратегии «Правосудие — 2030», который президент обсудил с руководителями судебной системы и одобрил.

В рамках концепции «Цифровой суд» будут развивать портал my.sud.uz и его мобильное приложение. Также планируется обеспечить аудиофиксацию 100% судебных заседаний, увеличить минимум в пять раз число пользователей информационных систем Верховного суда и создать открытые реестры незаконных административных актов и судебных прецедентов.

С 2028 года хотят создать институт судебного администрирования, чтобы освободить судей от организационной работы, не связанной непосредственно с правосудием. Кроме того, планируется расширить применение медиации и примирительных процедур и внедрить суд присяжных как минимум по трем категориям преступлений:

https://www.spot.uz/ru/2026/08/14/judiciary-digital/

[Telegram](https://t.me/spotuz)  |  [Instagram](https://instagram.com/spot.uz)  |  [YouTube](https://youtube.com/@SpotUz)"
@spotuz,39455,2026-08-14 16:20:16,4425,14,"**Автоматика и системы накопления энергии предотвратили масштабный блэкаут в Узбекистане — Минэнерго**

В 14:38 в Единой энергосистеме Центральной Азии произошла аварийная ситуация, вызвавшая перебои с электричеством в Узбекистане и соседних странах. В Минэнерго заявили, что распространения аварии по энергосистеме удалось избежать благодаря противоаварийной автоматике на сетях и подстанциях, а также системам накопления энергии, которые оперативно подали резервную мощность и помогли сохранить баланс в сети.

При этом в Сурхандарьинской области восстановление электроснабжения осложнилось тем, что регион получает энергию по двум линиям 500 кВ, одна из которых находилась на плановом ремонте. После аварии линию оперативно вернули в работу, после чего электроснабжение области полностью восстановили.

В Казахстане сообщили, что **причиной аварии стало отключение двух гидрогенераторов на Токтогульской ГЭС в Кыргызстане. **Это привело к перегрузке транзита в энергосистеме Казахстана и отделению Южной зоны. При этом казахстанское Минэнерго опровергло сообщения о том, что перебои с электричеством в Узбекистане произошли из-за аварии в Казахстане:

https://www.spot.uz/ru/2026/08/14/blackout-ca/

[Telegram](https://t.me/spotuz)  |  [Instagram](https://instagram.com/spot.uz)  |  [YouTube](https://youtube.com/@SpotUz)"
@spotuz,39456,2026-08-14 16:40:01,4748,28,"📖 **5 книг, которые рекомендует Марк Риз**

Марк Риз — американский исследователь и переводчик, который 15 лет работал над переводом романа Абдуллы Кадыри «Минувшие дни» на английский язык. 

«Я начал читать в очень раннем возрасте. Для меня книги стали своего рода спасением в непростых обстоятельствах. Они давали мне модель будущего, в котором я хотел жить», — вспоминает Марк.

Сегодня в его библиотеке 2,5 тысячи книг, которые занимают три комнаты дома. 

Для Spot он собрал подборку из пяти книг — от Моэма до Шекспира — и объяснил, как все их объединяет одна тема: трансформация человека. 

__Подробнее — в материале Spot:__

https://www.spot.uz/ru/2026/08/14/mark-reads/

[Telegram](https://t.me/spotuz)  |  [Instagram](https://instagram.com/spot.uz)  |  [YouTube](https://youtube.com/@SpotUz)"
@spotuz,39457,2026-08-15 05:00:01,4737,7,"**Какие банки в Узбекистане будут работать в выходные дни**

ЦБ представил регулярный перечень банков, отделения которых будут открыты 15 и 16 августа. В отделениях 23 банков можно будет обменять валюту и отправить денежные переводы.

Режим работы в выходные может отличаться от стандартного. Список:

https://www.spot.uz/ru/2026/08/15/banks-holidays/

[Telegram](https://t.me/spotuz)  |  [Instagram](https://instagram.com/spot.uz)  |  [YouTube](https://youtube.com/@SpotUz)"
@spotuz,39458,2026-08-15 06:51:52,4689,24,"**Узбекистан хочет наладить долгосрочные поставки авиатоплива Jet A-1 из Китая**

Председатель правления «Узбекнефтегаза» Абдугани Сангинов обсудил с китайским послом Юй Цзюнем развитие сотрудничества в нефтегазовой сфере. Отмечалась реализация проектов в области геологоразведки, бурения скважин, нефтесервисных услуг с CNPC, CCDC, Honghua и другими китайскими компаниями.

Одной из главных тем встречи стали планы импорта китайского авиакеросина Jet A-1. Госкомпания планирует расширить сотрудничество с China National Aviation Fuel Group и Sinopec в целях диверсификации импорта топлива для авиатранспорта.

До этого сообщалось, что Узбекистан уже начал закупать авиатопливо в Грузии, Ираке и других государствах из-за ограничения на экспорт нефтепродуктов в странах-партнерах. К концу года внутри страны планируется произвести 310 тыс. тонн авиакеросина.

https://www.spot.uz/ru/2026/08/14/aviation-fuel/

[Telegram](https://t.me/spotuz)  |  [Instagram](https://instagram.com/spot.uz)  |  [YouTube](https://youtube.com/@SpotUz)"
@spotuz,39459,2026-08-15 07:39:19,4633,14,"**Налоговые органы доначислили налоги для 144 квартир в Янгихаётском районе Ташкента**

В Налоговом комитете прокомментировали сообщения о появлении задолженности у владельцев 3600 домохозяйств. Часть случаев объясняется изменением сведений кадастровых органов, включая налоговую зону в столице.

Согласно решению хокимията от 2023 года кадастровые органы перенесли из 5-й зоны в 4-ю участок со 144 домохозяйствами в махалле Хушнуд. По этой причине был выполнен перерасчет налогов за три года (согласно статье 88 Налогового кодекса).

Также в ведомстве заявили о перерасчете в связи с инвентаризацией самовольно занятой земли и построек в рамках программмы по признанию прав на нее. Ежемесячно налоговые органы получают информацию о 50 тыс. подобных объектов:

https://www.spot.uz/ru/2026/08/15/property-tax-revision/

[Telegram](https://t.me/spotuz)  |  [Instagram](https://instagram.com/spot.uz)  |  [YouTube](https://youtube.com/@SpotUz)"
@spotuz,39460,2026-08-15 09:00:12,4669,26,"**Узбекистан и Туркменистан планируют вновь запустить прямые авиарейсы**

Туркменский посол Шадурды Мередов провел переговоры с делегацией представителей транспортной отрасли Узбекистана. На встрече затрагивался ряд тем, включая перезапуск прямого воздушного сообщения.

Кроме того, стороны обсудили упрощение перевозок через границу автотранспортом, ускорение прохождения границы на КПП «Фараб — Алат» и оптимизацию платежей. Также предлагается расширить перевозки через Туркменбаши.

Год назад глава Минтранса Узбекистана Илхом Махкамов и глава «Туркменховаёллары» Довран Сабуров подписали протокол о развитии сотрудничества в сфере гражданской авиации. Тогда сообщалось о планах возобновить авиарейсы:

https://www.spot.uz/ru/2026/08/14/uzb-turkmen-transport/

[Telegram](https://t.me/spotuz)  |  [Instagram](https://instagram.com/spot.uz)  |  [YouTube](https://youtube.com/@SpotUz)"
@spotuz,39461,2026-08-15 10:44:44,4622,23,"**Узбекистан будет экспортировать в Афганистан излишки электроэнергии — министр энергетики**

Шерзод Ходжаев рассказал о планах узбекистанских компаний по модернизации афганских электросетей, строительству линий электропередачи подстанций. Президент поручил ввести особый контроль за работами и еженедельно отчитываться об их ходе.

В соседнюю страну планируется поставлять излишки электроэнергии, отметил он. При большом объеме «зеленых» генерирующих мощностей часть их выработки можно будет направлять на экспорт после удовлетворения внутреннего спроса.

Для расширения объемов генерации в Сурхандарье планируется построить 2−3 новые солнечные станции:

https://www.spot.uz/ru/2026/08/14/afghanistan-energy/

[Telegram](https://t.me/spotuz)  |  [Instagram](https://instagram.com/spot.uz)  |  [YouTube](https://youtube.com/@SpotUz)"
@spotuz,39462,2026-08-15 12:57:36,4690,53,"**CNPC начинает ликвидацию последствий аварии на месторождении газа М-25 в Байсуне**

Китайская компания совместно с «Узбекнефтегазом» дали старт работам по закрытию аварийной скважины №604 возле села Кофрун. Эксперты рассчитывают завершить работы по устранению последствий аварии к июлю 2027 года.

Авария на скважине произошла 1 сентября 2024 года, вызвав утечку газа с содержанием сероводорода. В результате погибли 4 человека, а предыдущие попытки заглушить аварийную скважины закончились неудачно.

В Минэнерго отмечали сложные условия месторождения — высокие давление и температуру, а также примеси сероводорода и углекислого газа. Шавкат Мирзиёев в феврале этого года сообщал о найденном решении для устранения аварии:

https://www.spot.uz/ru/2026/08/15/m25-closure/

[Telegram](https://t.me/spotuz)  |  [Instagram](https://instagram.com/spot.uz)  |  [YouTube](https://youtube.com/@SpotUz)"
@spotuz,39463,2026-08-15 13:27:00,4729,24,"**Малайзия может упростить выдачу долгосрочных виз узбекистанцам**

Дипломаты провели переговоры с руководством Департамента иммиграции Малайзии. В число главных тем вошли возможности для смягчения условий при безвизовом въезде и упрощение оформления долгосрочных виз.

Малайзийская сторона отметила рост числа граждан Узбекистана, получающих разрешения на пребывание в королевстве. По их словам, речь идет в основном о студентах и квалифицированных специалистах.

Сейчас узбекистанцы могут въезжать в Малайзию без виз на срок до 30 дней при наличии обратного билета и после оформления электронной анкеты (MDAC):

https://www.spot.uz/ru/2026/08/15/malaysia-immigration/

[Telegram](https://t.me/spotuz)  |  [Instagram](https://instagram.com/spot.uz)  |  [YouTube](https://youtube.com/@SpotUz)"
@spotuz,39464,2026-08-15 14:28:10,5177,40,"**В Узбекистане планируется упростить расчеты между маркетплейсами и нерезидентами**

Минэкономфин подготовил поправки, направленные на снятие барьеров в расчетах с нерезидентами в сферах электронной коммерции и международных перевозок. Для этого предлагается признать посреднические контракты как отдельный вид внешнеторговых договоров.

Посредники, организующие внешнеторговые операции в интересах другого лица по контрактам, получат правовой статус. Они смогут принимать деньги и переводить их другим лицам, а также удерживать из транзитных денег вознаграждение (комиссию) по условиям контракта.

В пояснительной записке отмечается, что сейчас посреднические договоры не отражаются в системе учета внешнеторговых соглашений E-kontrakt. Из-за этого маркетплейсы при расчетах с нерезидентами за продажу товаров должны проводить средства по стандартным договорам импорта услуг:

https://www.spot.uz/ru/2026/08/15/intermediary-amendment/

[Telegram](https://t.me/spotuz)  |  [Instagram](https://instagram.com/spot.uz)  |  [YouTube](https://youtube.com/@SpotUz)"
@spotuz,39465,2026-08-15 14:59:00,5185,25,"**Импорт электромобилей в Узбекистан с начала года вырос в 2,6 раза**

По данным Нацкомстата, за полгода в страну было ввезено 37,8 тыс. единиц электротранспорта — больше, чем всех автомобилей в том же периоде 2025 года. Затраты на его ввоз также превысили суммарную стоимость всего автоимпорта годом ранее.

Место основного поставщика сохраняет Китай с 37,56 тыс. авто (99,2% от общего числа), еще 141 машина была ввезена из Гонконга. Среди других стран лидируют Южная Корея, Германия и США:

https://www.spot.uz/ru/2026/08/14/ev-import-rise/

[Telegram](https://t.me/spotuz)  |  [Instagram](https://instagram.com/spot.uz)  |  [YouTube](https://youtube.com/@SpotUz)"
@spotuz,39466,2026-08-16 10:47:03,5205,8,"🌐🌐🌐🌐🌐🌐🌐** массовая оценка недвижимости в Ташкенте, блэкаут в Центральной Азии и закон об Администрации президента**

🌐Минэкономфин представил предварительные результаты массовой оценки недвижимости в Ташкенте: стоимость 600 тыс. квартир превысила кадастровую в 7,4 раза, составив 426,7 трлн сумов. Для 213 тыс. частных домов показатель вырос почти в 15 раз — до 587 трлн сумов.

🌐В Узбекистане и еще трех странах Центральной Азии произошли массовые отключения электроэнергии. Причина — отключение двух гидрогенераторов на Токтогульской ГЭС в Кыргызстане, в результате чего электричество отключилось в Сурхандарьинской области. 

🌐Шавкат Мирзиёев подписал закон об Администрации президента. Документ обозначает порядок работы АП, механизмы обеспечения деятельности главы государства и взаимодействия с другими госорганами.

__Spot собрал самые важные статьи и новости этой недели, которые вы могли пропустить:__

https://www.spot.uz/ru/2026/08/16/week-summary/

[Telegram](https://t.me/spotuz)  |  [Instagram](https://instagram.com/spot.uz)  |  [YouTube](https://youtube.com/@SpotUz)"
@spotuz,39467,2026-08-17 05:09:40,5503,64,"**ЦБ смягчил требования биометрического подтверждения в финтех-сервисах**

Регулятор утвердил поправки в положение о требованиях к кибербезопасности в сфере дистанционных финансовых услуг. Биометрическая идентификация теперь потребуется только при регистрации, входе с нового устройства и восстановлении пароля.

Пользователи смогут регистрироваться по номеру телефона, оформленному на близкого родственника (родители, дети, супруги, братья и сестры). Изменения не затрагивают корпоративные номера, зарегистрированные на юрлиц.

При входе с нового устройства банковские карты вместо удаления из аккаунта будут переходить в неактивный статус. Кроме того, банки и платежные сервисы смогут самостоятельно устанавливать максимальные суммы P2P-переводов, не требующие подтверждения по OTP-коду:

https://www.spot.uz/ru/2026/08/17/cybersecurity-relax/

[Telegram](https://t.me/spotuz)  |  [Instagram](https://instagram.com/spot.uz)  |  [YouTube](https://youtube.com/@SpotUz)"
@spotuz,39468,2026-08-17 06:40:29,5629,101,"**С 2027 года все компании в Узбекистане смогут быть операторами рассрочки**

Президент издал постановление о развитии сферы оплаты товаров и услуг в рассрочку. С 1 января 2027 года компании смогут оформлять договоры рассрочки после регистрации в Центральном банке (сейчас для этого нужна банковская лицензия или регистрация в статусе МФО).

Операторам рассрочки запрещается продавать недвижимость и имущество стоимостью свыше 110 млн сумов. Также они не смогут предоставлять потребительские кредиты или привлекать заемные деньги от физлиц.

Вводится ограничение на штрафы, пени и другие дополнительные платежи по договору рассрочки — не более 50% основной суммы. Максимальный срок обязательств по договору рассрочки составит один год:

https://www.spot.uz/ru/2026/08/17/bnpl-operators/

[Telegram](https://t.me/spotuz)  |  [Instagram](https://instagram.com/spot.uz)  |  [YouTube](https://youtube.com/@SpotUz)"
@spotuz,39469,2026-08-17 07:36:59,4857,31,"Какие компании будут обязаны проходить регистрацию в качестве операторов рассрочки

Согласно постановлению президента, включение в реестр операторов услуг рассрочки будет обязательным для организаций, предоставляющих потребительские кредиты, при выполнении двух условий:

🌐квартальный оборот от реализации товаров и услуг — свыше 500 млн сумов;
🌐доля продаж с использованием оплаты по частям — от 50% и более.

Операторы рассрочки должны предоставлять информацию по договорам в кредитные бюро и учитывать предельную долговую нагрузку клиентов. При продаже товаров и услуг в рассрочку онлайн будет обязательна верификация покупателя:

https://www.spot.uz/ru/2026/08/17/bnpl-requirements/

[Telegram](https://t.me/spotuz)  |  [Instagram](https://instagram.com/spot.uz)  |  [YouTube](https://youtube.com/@SpotUz)"
@spotuz,39470,2026-08-17 08:00:14,4736,22,"**HUMO выступит ключевым партнером Silk Road Finance & Technology Forum 2026 и представит платежные решения**

На мероприятии национальная платежная система представит новый сценарий бесконтактной оплаты без карт и смартфонов, а также анонсирует международный трансграничный проект (реклама).

https://www.spot.uz/ru/2026/08/17/humo/"
@spotuz,39471,2026-08-17 08:59:53,4679,15,"**Модернизация и расширение аэропорта Ургенча будут стоить $264 млн**

Шавкат Мирзиёев ознакомился с ходом работ по реконструкции воздушной гавани. Проект реализуется по модели ГЧП совместно с южнокорейской компанией Incheon International Airport Corporation, договор с которой был подписан осенью 2025 года.

На первом этапе планируется построить новую стоянку для 18 самолетов и создать условия для приема широкофюзеляжных воздушных судов. Также планируется обновить в терминале пропускные пункты, создать новые магазины и зону Duty Free.

После окончания работ пропускная способность аэропорта должна вырасти в 4 раза. Кроме того, в аэропорту был построен терминал для обслуживания официальных делегаций:

https://www.spot.uz/ru/2026/08/17/urganch-airport/

[Telegram](https://t.me/spotuz)  |  [Instagram](https://instagram.com/spot.uz)  |  [YouTube](https://youtube.com/@SpotUz)"
@spotuz,39472,2026-08-17 09:49:50,4411,23,"**Aksa Elektrik инвестирует в электросети Самаркандской области около $1 млрд за 30 лет**

Турецкая компания в отчете за 2025 год анонсировала выход на международный рынок до конца текущего года. Проект государственно-частного партнерства охватит около 1 млн потребителей.

В рамках государственно-частного партнерства Aksa Elektrik получит право на эксплуатацию распределительных электросетей региона на 30 лет. По данным Минэнерго, за первые 10 лет она должна вложить в их развитие минимум $350 млн.

Проект стал первым в Узбекистане случаем передачи распределительных электрических сетей в управление частному сектору с условием инвестиций. Специалисты Aksa Elektrik уже отобрали 400 приоритетных микропроектов:

https://www.spot.uz/ru/2026/08/17/aksa-elektrik/

[Telegram](https://t.me/spotuz)  |  [Instagram](https://instagram.com/spot.uz)  |  [YouTube](https://youtube.com/@SpotUz)"
@spotuz,39473,2026-08-17 10:00:31,4491,26,"**Международные переводы в Турцию теперь доступны в Alliance Pay**

В рамках совместного проекта Asia Alliance Bank и [Octobank](https://octobank.uz/app) запущены международные переводы в Турцию. Пользователи могут отправлять средства близким или на собственный счет за границей — на банковские карты и IBAN-счета турецких банков.

За новым сервисом стоит платежная инфраструктура Octobank, которая помогает партнерам быстрее запускать современные международные сервисы.

Несколько действий в приложении [Аlliance Pay](https://my.aab.uz/alliancepay/) — и перевод отправлен. Быстрое зачисление и удобная конвертация по курсу.

«Важные переводы — там, где вы привыкли ими управлять».

__На правах рекламы.__"
@spotuz,39474,2026-08-17 10:52:48,4736,32,"**В Янгихаёте хотят создать промышленный кластер с оборотом $10 млрд — хоким Ташкента**

Шавкат Умурзаков в интервью Anhor .uz рассказал о расширении промзоны «Янги авлод» в Янгихаётском районе столицы. Из-за нехватки свободных территорий в дополнение к имеющимся 750 га земли город получил ещё 500 га.

Якорные проекты зоны — автозавод JAC Motors Toshkent, а также производство алюминиевых банок East Can Solutions совместно с PepsiCo мощностью 2–2,5 млрд банок в год. Потенциальный оборот каждого — свыше $1 млрд.

Ещё три завода близки к запуску — их совокупный оборот оценивается приблизительно в $3 млрд за три года. Хоким назвал стратегической целью довести промышленный оборот района до $10 млрд (30% ВРП Ташкента) и создать не менее 10 тыс. рабочих мест для инженеров:

https://www.spot.uz/ru/2026/08/17/tashkent-indusrty/

[Telegram](https://t.me/spotuz)  |  [Instagram](https://instagram.com/spot.uz)  |  [YouTube](https://youtube.com/@SpotUz)"
@spotuz,39475,2026-08-17 11:59:22,4581,21,"**Phoenix и Asia Alliance Bank подписали договор на внедрение системы управления операционными рисками**

Новое IT-решение поможет банку перейти от формального контроля к практическому управлению рисками, надежно защитить активы и адаптировать методологию под свои бизнес-задачи (реклама).

https://www.spot.uz/ru/2026/08/17/phoenix/"
@spotuz,39476,2026-08-17 12:14:58,4361,13,"**Из аэропорта Ургенча начинает ходить прямой электропоезд в Хиву**

Президент совершил поездку по новой железной дороге между вокзалом Хивы и международным аэропортом Ургенча. Ветка стоимостью 225 млрд сумов сократит время в пути наполовину — с 1 часа 20 минут до 40 минут.

На новой ветке будет курсировать поезд CR200J из Китая, разгоняющийся до 160 км/ч и вмещающий 400 пассажиров. Состав из шести вагонов оснащен кондиционерами и отопительными системами, а также Wi-Fi и портами для зарядки гаджетов.

Кроме того, между городами будут курсировать 10 новых троллейбусов производства Yutong. Машины, рассчитанные на 87 пассажиров, могут проехать на автономном ходу 100 км:

https://www.spot.uz/ru/2026/08/17/urgench-khiva-rail/

[Telegram](https://t.me/spotuz)  |  [Instagram](https://instagram.com/spot.uz)  |  [YouTube](https://youtube.com/@SpotUz)"
@spotuz,39481,2026-08-17 12:42:14,4806,53,"**Курс доллара упал до минимума с августа 2023 года — 11 857 сумов**

Центральный банк Узбекистана опубликовал курсы валют на 18 августа.

__Подробный график динамики курсов валют доступен на нашем __[__сайте__](https://www.spot.uz/ru/currency/)__.__

[Telegram](https://t.me/spotuz)  |  [Instagram](https://instagram.com/spot.uz)  |  [YouTube](https://youtube.com/@SpotUz)"
@spotuz,39482,2026-08-17 13:02:43,4627,17,"**На въездах в Ташкент создадут перехватывающие узлы с парковками и рынками**

Хоким столицы Шавкат Умурзаков отметил необходимость решения транспортной проблемы как внутри города, так и за его пределами.
Ежедневно в Ташкент въезжает около 500 тыс. автомобилей — половина из них приезжает за покупками на рынки и уезжает.

Чиновник отметил возможность сократить часть потока за счет переноса рынков ближе к районам проживания людей. Для других приезжающих планируется организовать парковки с возможностью пересадки на общественный транспорт.

«Это не будет обязательным, при желании можно въезжать и выезжать на своей машине. Но мы хотим создать настолько удобные условия, чтобы человеку было выгоднее сесть в автобус», — сказал хоким.

Будущие транспортно-пересадочные узлы будут располагаться на шести направлениях — со стороны Ферганской долины, Куйлюка, Ахангарана, Самарканда, Назарбека и Уч-Кахрамона: 

https://www.spot.uz/ru/2026/08/17/interception-points/

[Telegram](https://t.me/spotuz)  |  [Instagram](https://instagram.com/spot.uz)  |  [YouTube](https://youtube.com/@SpotUz)"
@spotuz,39483,2026-08-17 13:50:51,4703,82,"**Хоким Ташкента призвал сотрудников уходить с работы в 18:00 и отдыхать по выходным**

Шавкат Умурзаков рассказал о подходах к мотивации сотрудников столичной администрации. По его словам, одно из его принципиальных требований — соблюдение рабочего времени и полноценный отдых по выходным.

«Мое строгое требование — уходите в шесть часов по окончании рабочего дня. Сколько бы ни было работы, я прилагаю максимум усилий, чтобы они уходили вовремя. Вместе с тем я говорю им не выходить на работу в субботу и воскресенье», — сказал он.

Для стимулирования сотрудников в администрации используют KPI и другие меры поощрения. При этом хоким отметил, что возможности бюджетной организации в части денежных вознаграждений ограничены. Основные материальные стимулы, по его словам, направлены на работников сферы благоустройства — в частности, на повышение зарплат и денежные премии:

https://www.spot.uz/ru/2026/08/17/tashkent-hokimiyat/

[Telegram](https://t.me/spotuz)  |  [Instagram](https://instagram.com/spot.uz)  |  [YouTube](https://youtube.com/@SpotUz)"
@spotuz,39484,2026-08-17 14:01:15,4184,3,"**Акция Salom Maktab от Ucell**

Начать учебный год можно с выгодными комплектами смартфонов:

— Honor X7e и Honor X6c с тарифом Bor 70;
— Tecno Spark 50 и Tecno Go 3 с тарифом Bor 70.

Тариф предоставляется без абонентской платы на три месяца для основного смартфона и один месяц для дополнительного смартфона.

Также доступны комплекты:

— Honor X6e и Earbuds X7 Pro;
— Honor X6e и Headphones Pro;
— Redmi A7 Pro и Buds 8 Lite.

Акция действует с 17 августа до 17 октября.

Тарифы доступны только для новых подключений в офисах Ucell.

[Подробнее](https://ucell.uz/sma19).

__На правах рекламы.__"
@spotuz,39485,2026-08-17 14:40:10,4346,16,"**В Хиве открыли филиал Ляонинского педуниверситета и Институт Конфуция**

На строительство и оснащение нового образовательного комплекса из госбюджета направили 140 млрд сумов, создано 120 рабочих мест. Здесь есть учебные корпуса на 1188 мест, библиотека, спортзал, дворец культуры и общежитие на 224 места.

В 2026 году приемная квота составит 160 человек, в дальнейшем ее планируют увеличить до 500 человек в год, а общее число студентов — до 2 тыс. Обучение будет проходить на узбекском, китайском и английском языках. Студентов будут готовить по направлениям международного образования на китайском языке, туризма, международного бизнеса и искусственного интеллекта.

Диплом филиала будет напрямую признаваться в Узбекистане, а лучшие выпускники смогут продолжить обучение на грантовой основе в ведущих вузах и пройти стажировку в Китае. Новый вуз должен готовить специалистов для проектов с участием китайских инвесторов: сейчас в Хорезмской области реализуются 38 таких проектов общей стоимостью $2,34 млрд:

https://www.spot.uz/ru/2026/08/17/khiva-china/

[Telegram](https://t.me/spotuz)  |  [Instagram](https://instagram.com/spot.uz)  |  [YouTube](https://youtube.com/@SpotUz)"
@spotuz,39486,2026-08-17 15:17:51,4296,29,"**Мирзиёев запустил 12 проектов на $176 млн и дал старт еще 15 на $7,4 млрд в Хорезме
**
В Хорезмской области запустили 12 новых проектов общей стоимостью $176 млн, еще 15 проектов на $7,42 млрд перешли к стадии строительства. В целом их реализация предусматривает создание 6,6 тыс. рабочих мест.

Крупнейшим станет производство экологичного авиационного топлива в Тупроккалинском районе стоимостью $6 млрд. Проект реализуют совместно с партнерами из ОАЭ при участии китайской Sinopec. Также планируется освоить 5 тыс. га песчаных земель и создать предприятие по производству биоэтанола за $170 млн совместно со словацкими партнерами.

Среди других проектов — гостиница и торгово-развлекательный комплекс в Ургенче за $30 млн, котельная совместно с партнерами из Саудовской Аравии, офтальмологическая клиника с турецкими инвесторами и комплекс по переработке отходов и выработке «зеленой» энергии мощностью 71 МВт за $100 млн. Рядом с Хивой также создадут туристический комплекс «Сахро юлдузи» стоимостью $120 млн:

https://www.spot.uz/ru/2026/08/17/khorezm-projects/

[Telegram](https://t.me/spotuz)  |  [Instagram](https://instagram.com/spot.uz)  |  [YouTube](https://youtube.com/@SpotUz)"
@spotuz,39487,2026-08-17 16:04:44,4681,35,"**В Узбекистане планируют снизить налоговые ставки после массовой оценки недвижимости**

Рост оценочной стоимости недвижимости после массовой оценки не должен привести к пропорциональному увеличению налоговой нагрузки. В Минэкономфине заявили, что оценка стоимости и налоговая политика — отдельные вопросы, а после анализа результатов оценки и принятия необходимого законодательства ставки планируют пересмотреть.

«Мы обязательно снизим налоги. А вот насколько именно мы их снизим — мы проведем отдельную конференцию и там все разъясним», — заявил замминистра экономики и финансов Ахадбек Хайдаров.

Сейчас законопроект о массовой оценке недвижимости проходит правовую экспертизу в Кабмине. После его принятия будут разработаны необходимые подзаконные акты, а до этого сохранятся действующие налоговые ставки. В Минэкономфине уже подготовили предложения по их многократному снижению с учетом роста стоимости недвижимости по новой системе.

В Ташкенте предварительно оценили более 600 тыс. квартир и 213 тыс. частных домов. Их новая стоимость оказалась в 7,4 и 15 раз выше действующей кадастровой соответственно. Результаты оценки будут доступны для общественного обсуждения в течение 60 дней, после чего собственники смогут оспорить или пересмотреть оценку:

https://www.spot.uz/ru/2026/08/17/property-tax/

[Telegram](https://t.me/spotuz)  |  [Instagram](https://instagram.com/spot.uz)  |  [YouTube](https://youtube.com/@SpotUz)"
@spotuz,39488,2026-08-17 16:34:25,4889,47,"🌐🌐🌐🌐 **Исполнительный директор HUMO — о будущем платежей и детских финансах в Узбекистане

**Алексей Пестриков почти 15 лет проработал в «Сбербанке», а сейчас развивает продуктовую линейку HUMO — от новых терминалов до носимых платежных устройств. Один из флагманских проектов — платежные кольца с чипом, позволяющие оплачивать покупки одним движением руки.

В интервью Spot он рассказал, почему платежному рынку нужна более глубокая сегментация и как кольца, стикеры и браслеты помогают закрывать повседневные сценарии пользователей.

Также в подкасте — про токенизацию и безопасность платежей, развитие HumoPay, перспективы Apple Pay и Google Pay, единый QR-код и создание полноценного детского банкинга в Узбекистане.

[Полный выпуск смотрите на нашем YouTube-канале
](https://youtu.be/wwuAGnGvWu8)
[Короткую текстовую версию читайте на сайте](https://www.spot.uz/ru/2026/08/15/humo-ring/)

[Telegram](https://t.me/spotuz)  |  [Instagram](https://instagram.com/spot.uz)  |  [YouTube](https://youtube.com/@SpotUz)"
@spotuz,39489,2026-08-18 04:28:52,4871,13,"**В Узбекистане запускается первая платная автодорога Ургенч — Хива**

Об этом объявил Шавкат Мирзиёев на церемонии запуска новых объектов и начала работ по перспективным инициативам в Хорезме 17 августа. По словам президента, время в пути сократится более чем вдвое — с 45 до 20 минут.

С 2017 года регион привлек $7,5 млрд инвестиций, а на проекты малого и среднего бизнеса было направлено 33 трлн сумов. Только в этом году здесь передали 195 га земли для нужд промышленности и выделили 100 млрд сумов на инфраструктуру.

Реальные доходы населения за девять лет удвоились. Уровень бедности упал до 4,4%, безработицы — до 4,5%:

https://www.spot.uz/ru/2026/08/17/toll-road/

[Telegram](https://t.me/spotuz)  |  [Instagram](https://instagram.com/spot.uz)  |  [YouTube](https://youtube.com/@SpotUz)"
@spotuz,39490,2026-08-18 05:31:24,4771,25,"**Из Узбекистана в Сирию доставлена первая партия бытовой техники**

Два грузовика с кондиционерами, холодильниками и стиральными машинами на $90 тыс. прибыли в Алеппо. Товар прошел маршрут через Туркменистан, Иран, Азербайджан и Турцию за 20 дней.

В июне глава компании Kalash Trading заключил экспортный контракт на $5 млн с производителем электротехники Premier. До этого в Алеппо начал работу Узбекско-сирийский торговый дом:

https://www.spot.uz/ru/2026/08/18/syria-appliances/

[Telegram](https://t.me/spotuz)  |  [Instagram](https://instagram.com/spot.uz)  |  [YouTube](https://youtube.com/@SpotUz)"
@spotuz,39491,2026-08-18 06:01:12,4667,72,"**iHamkor начал предоставлять сведения о связанных компаниях**

В карточке компании в [ihamkor.uz](https://ihamkor.uz/ru?utm_source=spotuz&utm_medium=cpp&utm_campaign=anons_companylinks&utm_content=tg_preview&utm_term=post_20260818) появился новый раздел «Связанные компании». Тут можно увидеть как выбранное юридическое лицо связано с другими через общие: адрес, телефон, учредителей, директоров и бухгалтеров (реклама).

https://www.spot.uz/ru/2026/08/18/ihamkor/"
@spotuz,39492,2026-08-18 06:27:25,4287,12,"**Предприниматели Узбекистана переходят к стадии умножения капитала — Шавкат Мирзиёев**

На открытом диалоге с предпринимателями в Хиве президент отметил результаты предыдущих мероприятий. За пять лет на основе выдвинутых в их ходе инициатив были приняты 84 закона, 861 указ и постановление.

«Для чего? Для того, чтобы создать предпринимателям условия, чтобы они могли создавать рабочие места. Чтобы наши люди могли получать доходы в своих махаллях, не уезжая далеко», — указал он.

С 2021 года инвестиции в основной капитал и портфель кредитов для бизнеса выросли втрое — до 363 трлн и 450 трлн сумов соответственно. Бизнес воспользовался льготами по налогам и таможенным платежам на 650 трлн сумов.

Особенно активно развиваются электротехника, фармацевтика, «зеленая» энергетика, автопром и текстильная отрасль. Число признанных национальных брендов превысило 300:

https://www.spot.uz/ru/2026/08/18/khiva-dialogue/

[Telegram](https://t.me/spotuz)  |  [Instagram](https://instagram.com/spot.uz)  |  [YouTube](https://youtube.com/@SpotUz)"
@spotuz,39493,2026-08-18 06:53:57,4111,25,"**ТМФЦ и Enterprise Uzbekistan запустят в 2027 году для привлечения $20−25 млрд**

В 2027 году в Узбекистане планируют запустить Ташкентский международный финансовый центр и международный центр цифровых технологий Enterprise Uzbekistan, сообщил президент на встрече с бизнесом. Ожидается, что их работа поможет привлечь в страну $20−25 млрд капитала, а также новые знания и технологии.

В этом году также планируется начать реализацию 105 новых промышленных и инфраструктурных проектов общей стоимостью $27 млрд. Среди них — АЭС в Джизакской области, МОФ-4 в Алмалыке, автомагистрали Ташкент — Самарканд и Ташкент — Андижан, комплекс по производству экологичного авиатоплива в Хорезме и аэропорт «Новый Ташкент» в Юкоричирчикском районе.

Для развития транспортной инфраструктуры в следующем году планируется запустить логистический центр в порту Поти мощностью 500 тыс. тонн и начать работы по созданию порта Анаклия в Грузии. Крупные логистические центры также появятся в Алате, Термезе, Янгиюле, Ахангаране и Ханабаде:

https://www.spot.uz/ru/2026/08/18/two-centers/

[Telegram](https://t.me/spotuz)  |  [Instagram](https://instagram.com/spot.uz)  |  [YouTube](https://youtube.com/@SpotUz)"
@spotuz,39494,2026-08-18 07:15:12,4174,19,"**«Старт», «лифт» и «рост»: в Узбекистане создадут новые экосистемы для поддержки бизнеса**

В Узбекистане создадут три отдельные экосистемы для предпринимателей на разных этапах развития — «Бизнес-старт», «Бизнес-лифт» и «Бизнес-рост». Первая будет рассчитана на начинающих предпринимателей, вторая — на компании, наладившие производство, третья — на бизнес, который готов к масштабированию.

В рамках «Бизнес-старта» предпринимателей с помощью ИИ будут обучать ведению проектов, подготовке отчетности и кредитной документации, помогать составлять бизнес-планы. Также начинающим компаниям смогут выдавать до 200 млн сумов без залога. На реализацию инициативы направят 100 млрд сумов.

Новый подход предполагает поддержку бизнеса на всем пути — от запуска до выхода на новый уровень. При этом доля малого бизнеса в кредитном портфеле банков уже достигла 63%, а за первое полугодие малым и средним предприятиям выдали 76,5 трлн сумов кредитов. Через единый портал кредитных услуг предприниматели также могут оформить онлайн-кредит до 5 млрд сумов по одному заявлению:

https://www.spot.uz/ru/2026/08/18/business-start/

[Telegram](https://t.me/spotuz)  |  [Instagram](https://instagram.com/spot.uz)  |  [YouTube](https://youtube.com/@SpotUz)"
@spotuz,39495,2026-08-18 07:32:48,3939,63,"⚡️**Предоплату за электроэнергию и газ для бизнеса в Узбекистане снизят с 100% до 15%**

Для предприятий, подключенных к системам АСКУЭ и АСКУГ и не нарушающих платежную дисциплину, авансовый платеж за электроэнергию и газ снизят со 100% до 15%. Президент отметил, что это позволит бизнесу не отвлекать значительную часть оборотных средств на полную предоплату энергоресурсов.

«В целом, мы коренным образом меняем систему управления в сфере энергетики. Во всех районах будет создана новая система, работающая с учетом текущих потребностей и планов предпринимателей на будущее», — сказал Мирзиёев.

С 2027 года также изменятся условия финансирования строительных проектов: в сметах гособъектов для подрядчиков заложат 7% прибыли, а на проектные работы будут выделять 4–7% стоимости объекта в зависимости от сложности. Кроме того, власти планируют развивать экосистему «искусственный интеллект — эффективность управления — новые инвестиции»:

https://www.spot.uz/ru/2026/08/18/advance-payment/

[Telegram](https://t.me/spotuz)  |  [Instagram](https://instagram.com/spot.uz)  |  [YouTube](https://youtube.com/@SpotUz)"
@spotuz,39496,2026-08-18 07:50:04,3801,20,"**Малому бизнесу упростят требования к залогу, а аванс при покупке госактивов снизят до 15%**

Для кредитов малого бизнеса до 10 млрд сумов внедрят систему «контр-гарантий». Государство будет обеспечивать 30% залога, еще 30% — Компания по гарантированию бизнеса, 15% — банки, а на предпринимателя придется 25%. При этом стоимость залогового имущества будут определять с учетом его реальной стоимости.

Для предпринимателей также запустили ИИ-портал «Виртуальный налоговый консультант», который должен сократить расходы и количество ошибок. Со следующего года аналогичные ИИ-помощники появятся в строительстве, трудовых отношениях, внешней торговле и сфере госуслуг.

Условия покупки государственного имущества также хотят сделать более доступными: авансовый платеж снизят с 30% до 15%. При полной оплате в течение шести месяцев предприниматели получат скидку 25%, а при внесении половины суммы смогут выплатить остаток в беспроцентную рассрочку на семь лет. Для непроданных за три месяца активов стартовую цену будут постепенно снижать до 10%, а срок аукциона сократят вдвое:

https://www.spot.uz/ru/2026/08/18/small-business/

[Telegram](https://t.me/spotuz)  |  [Instagram](https://instagram.com/spot.uz)  |  [YouTube](https://youtube.com/@SpotUz)"
@spotuz,39497,2026-08-18 08:00:17,3813,12,"**Поджечь батарею, измерить излучение и нажать газ: как бренд Chery разрушал мифы о гибридах**

Бренд провел испытания гибридных автомобилей, призванные проверить распространённые опасения вокруг этой технологии. В рамках мероприятия участники на практике оценили безопасность и возможности гибридных систем (реклама).

https://www.spot.uz/ru/2026/08/18/chery-uzbekistan/"
@spotuz,39498,2026-08-18 08:15:14,3777,16,"**В Узбекистане появятся пять бондовых промзон — на инфраструктуру для них выделят $50 млн**

В СЭЗ Навои, Джизака, Намангана, Ургута и Хазараспа создадут пять «бондовых промышленных зон» для производства 50 товаров, определенных как приоритетные для локализации. Для оснащения зон зданиями с готовой инфраструктурой выделят $50 млн.

Предприниматели освобождаются от всех налогов и пошлин за ввозимые на территорию бондовых зон сырье и комплектующие. При локализации от 30–40% и выше они также получат льготы на внутреннем рынке.

Внутри зон в единую производственную цепочку объединят научно-исследовательские и опытно-конструкторские центры, лаборатории, инженерные и технологические объекты. Для ускорения запуска бизнеса земельные участки также будут продаваться вместе с разрешениями на строительство, архитектурно-планировочным заданием и проектом — в формате «готового пакета»:

https://www.spot.uz/ru/2026/08/18/bonded-industry-zones/

[Telegram](https://t.me/spotuz)  |  [Instagram](https://instagram.com/spot.uz)  |  [YouTube](https://youtube.com/@SpotUz)"
@spotuz,39499,2026-08-18 08:30:21,3746,32,"**Отмена ограничений, 50% предоплаты по инвойсам и год на возврат валюты: в Узбекистане упростят экспорт**

В Узбекистане отменят ограничения на экспорт при неоплате ранее поставленного товара, а также требование о 50% предоплате по инвойсам. Для экспорта через торговые дома и дистрибьюторов срок обеспечения возврата валютной выручки увеличат со 180 до 365 дней.

Также изменят правила для бизнеса с просроченной экспортной задолженностью. Если предприниматель до конца года внесет валюту на банковский счет для покрытия долга, ее засчитают как экспортную выручку. Это позволит закрыть задолженность без дополнительных ограничений для дальнейшего экспорта.

Для поддержки экспортеров в 25 странах введут должности «экспортных послов». Они будут помогать компаниям с сертификацией, маркетингом и продвижением товаров в торговых сетях, а государство компенсирует расходы на их зарубежные поездки и проживание:

https://www.spot.uz/ru/2026/08/18/export-ambassadors/

[Telegram](https://t.me/spotuz)  |  [Instagram](https://instagram.com/spot.uz)  |  [YouTube](https://youtube.com/@SpotUz)"
@spotuz,39500,2026-08-18 08:45:00,4151,73,"❗️**В Узбекистане до 2029 года вводится мораторий на проверки малого бизнеса**

Президент назвал снижение административного давления на предпринимателей одним из основных направлений работы.
Однако сейчас свыше половины предпринимателей сталкивается минимум с 2 налоговыми проверками в год, а 21% — с четырьмя. 

Также отмечались частые повторные проверки по линиям пожарного, санитарного, строительного надзора, энергоинспекции. В ближайшие три года вводится мораторий на проверки малых предприятий (кроме вопросов вреда здоровью людей или интересам других компаний).

Средние и крупные компании можно будет проверять чаще раза в год только с разрешения бизнес-омбудсмана. Кроме того, они смогут добровольно проходить профилактический аудит и представлять его результаты в налоговые органы:

https://www.spot.uz/ru/2026/08/18/checks-restriction/

[Telegram](https://t.me/spotuz)  |  [Instagram](https://instagram.com/spot.uz)  |  [YouTube](https://youtube.com/@SpotUz)"
@spotuz,39501,2026-08-18 09:00:20,3921,43,"🔥**Предупреждение за первую ошибку и презумпция правоты: все штрафы для бизнеса снизят вдвое**

В Узбекистане размеры всех видов штрафов для предпринимателей снизят в среднем в два раза. Президент  раскритиковал практику, при которой часть средств от штрафов остается у самих ведомств: сейчас 51 госорган имеет право налагать финансовые штрафы.

«Штраф должен служить не для сбора средств, а для порядка, дисциплины и профилактики в отрасли», — сказал Шавкат Мирзиёев.

С 2027 года **в спорах бизнеса с государством введут принцип «презумпции правоты предпринимателя»:** компания будет считаться невиновной, пока ее вина не доказана в суде, а штрафы и другие меры воздействия до этого применяться не будут. 

Также по правилу «предупреждение за первую ошибку» предпринимателю дадут 10 дней на устранение впервые выявленного нарушения, если оно не нанесло вреда жизни, здоровью или имуществу людей. Возврат залоговых средств бизнесу за товары, закупленные госкомпаниями, также автоматизируют:

https://www.spot.uz/ru/2026/08/18/fines/

[Telegram](https://t.me/spotuz)  |  [Instagram](https://instagram.com/spot.uz)  |  [YouTube](https://youtube.com/@SpotUz)"
@spotuz,39502,2026-08-18 09:15:55,4039,33,"**В Узбекистане отменят 30 лицензий и разрешений для бизнеса, выдачу еще 35 ускорят**

В Узбекистане отменят лицензирование и выдачу разрешений более чем для 30 видов деятельности, еще для 10 направлений их заменят уведомительным порядком. Для 35 видов разрешительных документов срок оформления сократят в два-три раза.

Также для 50% государственных функций, связанных с предпринимательством, планируют внедрить принцип «молчание — согласие». Если заявление не рассмотрят в установленный срок, оно будет автоматически считаться одобренным. При этом Офис бизнес-омбудсмана будет изучать каждый отказ госорганов в выдаче лицензий, а ответственность за необоснованные отказы усилят.

До запуска новых лицензий и разрешений по всей стране их будут тестировать в трех регионах в течение шести месяцев. Для экспорта продовольствия вместо отдельных ветеринарных, санитарных и фитосанитарных разрешений также введут единый «сертификат здоровья»:

https://www.spot.uz/ru/2026/08/18/licenses-certificates/

[Telegram](https://t.me/spotuz)  |  [Instagram](https://instagram.com/spot.uz)  |  [YouTube](https://youtube.com/@SpotUz)"
@spotuz,39503,2026-08-18 09:40:38,4149,51,"**$50 млн кредитов, продление льгот и субсидий: как будут поддерживать гостиницы**

В Узбекистане на строительство, реконструкцию и оснащение гостиниц выделят $50 млн. Предприниматели смогут получить кредиты под 16% годовых сроком до 10 лет. Субсидии на открытие гостиниц категории 3–5 звезд продлят еще на два года, при этом для их получения больше не потребуется заключение иностранной компании о подтверждении категории.

До 2030 года также сохранят сниженные ставки налога на имущество и земельного налога для гостиниц. Банки будут самостоятельно устанавливать банкоматы с возможностью приема наличных в гостиницах на 50 и более мест. Услуги, оказываемые туроператорами иностранным туристам, будут приравнены к экспорту и освобождены от НДС.

Кроме того, до начала 2028 года продлят отмену таможенных пошлин на импорт туристических автобусов, микроавтобусов и электробусов. Такой транспорт также освободят от уплаты утилизационного сбора:

https://www.spot.uz/ru/2026/08/18/tourism-preferences/

[Telegram](https://t.me/spotuz)  |  [Instagram](https://instagram.com/spot.uz)  |  [YouTube](https://youtube.com/@SpotUz)"
@spotuz,39504,2026-08-18 09:59:14,4193,11,"**Как выбрать потребительский кредит: советы банковского эксперта**

Виктор Живов, эксперт онлайн-банка AVO Bank рассказал, на что обратить внимание при выборе потребительского кредита, как сравнить предложения банков, рассчитать ежемесячный платеж и избежать лишней переплаты (реклама).

https://www.spot.uz/ru/2026/08/18/avo-bank/"
@spotuz,39505,2026-08-18 10:30:02,4199,11,"**BRT-полоса на улице Шахрисабз будет построена к концу августа — ЦОДД**

На участке столичной улицы идет обновление дорожного основания на глубине более 2 метров. Работы призваны увеличить  прочность покрытия, устранить скопления влаги и предотвратить деформацию дороги.

Кроме того, между грунтовым и щебеночным слоями укладывается геотекстильный материал, чтобы сохранить их структуру и толщину. При работах учитываются масса и другие характеристики автобусов, а также частота рейсов и постоянная нагрузка.

В Центре ожидают завершения работ 31 августа, после чего участок улицы будет открыт для движения. Однако на фото информационного стенда из соцсетей указан более поздний срок (30 сентября):

https://www.spot.uz/ru/2026/08/18/shahrisabz-brt/

[Telegram](https://t.me/spotuz)  |  [Instagram](https://instagram.com/spot.uz)  |  [YouTube](https://youtube.com/@SpotUz)"
@spotuz,39506,2026-08-18 11:01:01,4237,28,"**Для экспортеров в Узбекистане запустят «навигатор» и выделят $1 млрд на их поддержку**

Президент анонсировал меры по повышению экспортного потенциала и вывод национальных брендов на мировые рынки. Сейчас 40% экспортеров жалуются на проблемы с поиском покупателей, 36% — с адаптацией к иностранным стандартам.

Планируется создать систему «экспортного навигатора» с комплексной поддержкой на каждом этапе выхода на зарубежные рынки. Для самых востребованных узбекистанских товаров будет проведен анализ конкурентов и логистических возможностей.

Компаниям возместят до $500 тыс. расходов на услуги зарубежных брендмейкеров, а также до $50 тыс. на продвижение за рубежом и адаптацию к зарубежным стандартам. Также будет компенсироваться 50% затрат на продажу через маркетплейсы:

https://www.spot.uz/ru/2026/08/18/export-promotion/

[Telegram](https://t.me/spotuz)  |  [Instagram](https://instagram.com/spot.uz)  |  [YouTube](https://youtube.com/@SpotUz)"
@spotuz,39507,2026-08-18 11:30:01,4615,21,"**Мощность суперкомпьютера в Центре цифрового правительства в 2027 году увеличится втрое**

Шавкат Мирзиёев отметил более высокие показатели компаний, внедряющих современные технологии. Спрос на продукцию при задействовании искусственного интеллекта и передовых методов управления растет в 1,5 раза, доходы — на 40%.

Президент анонсировал трехкратное расширение мощности суперкомпьютерного кластера в Центре управления проектами цифрового правительства. Также для внедрения ИИ в бизнесе запустят программу стоимостью $100 млн.

Компании получат бесплатный доступ к мощностям суперкомпьютера при создании ИИ-моделей для разработки продуктов. Также бизнесу компенсируют 50% затрат на внедрение ИИ-решений, а в нескольких отраслях — и на автоматизацию:

https://www.spot.uz/ru/2026/08/18/ai-business-partner/

[Telegram](https://t.me/spotuz)  |  [Instagram](https://instagram.com/spot.uz)  |  [YouTube](https://youtube.com/@SpotUz)"
@spotuz,39508,2026-08-18 12:01:28,4604,18,"**Kia начинает подготовку к празднованию 35-летия независимости Узбекистана**

В честь 35-летия независимости Республики Узбекистан Kia подготовила праздничное предложение на кроссоверы Sonet и Sportage. С 17 августа по 6 сентября выгода при покупке автомобилей составит 10% (реклама).

https://www.spot.uz/ru/2026/08/18/kia/"
@spotuz,39509,2026-08-18 12:42:03,6988,39,"**Доллар обновляет трехлетний минимум курса второй день подряд — 11 820 сумов**

Центральный банк Узбекистана опубликовал курсы валют на 19 августа.

__Подробный график динамики курсов валют доступен на нашем __[__сайте__](https://www.spot.uz/ru/currency/)__.__

[Telegram](https://t.me/spotuz)  |  [Instagram](https://instagram.com/spot.uz)  |  [YouTube](https://youtube.com/@SpotUz)"
@spotuz,39510,2026-08-18 13:15:26,4557,27,"**Президент проехал из Хивы в Ургенч по новой платной автодороге**

Между Ургенчем и Хивой построили новую платную автодорогу протяженностью 35 км. В рамках проекта возвели подземный тоннель, восемь путепроводов, 15 мостов и 106 водопропускных сооружений. Магистраль соединяет аэропорт Ургенча с Хивой.

По новой четырехполосной дороге время в пути сократится с 45–50 до 15–17 минут. Ее пропускная способность превышает 30 тыс. автомобилей в сутки. Оплата будет проходить в электронном виде без остановки машин, а управлять транспортным потоком и системой оплаты будут цифровые решения на базе ИИ.

Для платной дороги предусмотрен альтернативный бесплатный маршрут — это обязательное условие по закону. В дорожном покрытии использовали модифицированную битумную смесь, устойчивую к высоким температурам, а общая толщина покрытия составляет 87 см. Вдоль трассы также планируется создать объекты сервиса и обслуживания:

https://www.spot.uz/ru/2026/08/18/urgench-khiva/

[Telegram](https://t.me/spotuz)  |  [Instagram](https://instagram.com/spot.uz)  |  [YouTube](https://youtube.com/@SpotUz)"
@spotuz,39514,2026-08-18 14:04:55,4649,62,"**В Beshqozon состоялся запуск первого куриного плова от бренда JO‘JA**

После положительных отзывов гостей куриный плов JO‘JA включили в основное меню всех филиалов Beshqozon, а в главном ресторане сети возле телебашни для блюда открыли специальный мозаичный казан (реклама).

https://www.spot.uz/ru/2026/08/18/joja/"
@spotuz,39515,2026-08-18 14:48:16,4558,38,"**Рынок «Янгиабад» в Ташкенте модернизируют, сохранив его формат и торговые места**

В столице планируют обновить рынок «Янгиабад», не меняя его привычный формат и специализацию. Действующие продавцы сохранят свои торговые места, а сам рынок, известный своим форматом блошиного рынка, должен сохранить узнаваемую атмосферу.

Проект предусматривает благоустройство территории, улучшение санитарных условий и безопасности, создание необходимой инфраструктуры, удобных проходов и парковочных мест. Сейчас городские власти вместе с проектировщиками разрабатывают концепцию модернизации.

Готовую концепцию проекта представят на общественное обсуждение. Жители смогут ознакомиться с проектом, задать вопросы, высказать замечания и внести предложения:

https://www.spot.uz/ru/2026/08/18/yangiabad-bazaar/

[Telegram](https://t.me/spotuz)  |  [Instagram](https://instagram.com/spot.uz)  |  [YouTube](https://youtube.com/@SpotUz)"
@spotuz,39516,2026-08-18 15:52:05,4511,16,"**Новый пассажирский терминал аэропорта Андижана планируют построить до конца 2026 года**

Новый терминал международного аэропорта Андижана площадью 19,65 тыс. кв. м планируют завершить до конца 2026 года. Его пропускная способность вырастет в пять раз — с 200 до 1000 пассажиров в час, а аэропорт сможет обслуживать около 1 млн пассажиров в год. Сейчас строительная готовность здания составляет около 40%.

Проект реализует Uzbekistan Airports самостоятельно, без частного инвестора по механизму ГЧП. После реконструкции аэродромного комплекса, завершенной в 2025 году, в аэропорту также создают 10 стоянок для крупных самолетов и две новые рулежные дорожки. Обновленная инфраструктура уже позволила принимать Airbus A330 и грузовые Boeing 747−400.

Пассажиропоток аэропорта по итогам первого полугодия этого года вырос на 2249% год к году. В Uzbekistan Airports отмечают, что столь высокий показатель связан с низкой базой сравнения:

https://www.spot.uz/ru/2026/08/18/andijan-airport/

[Telegram](https://t.me/spotuz)  |  [Instagram](https://instagram.com/spot.uz)  |  [YouTube](https://youtube.com/@SpotUz)"
@spotuz,39517,2026-08-18 16:30:16,6729,35,"🌐 **«Понять и простить»: как Налоговый комитет задним числом пересчитал кешбэк по НДС и что делать бизнесу**

С 2024 года рестораны, гостиницы, туроператоры и медучреждения получали автоматический кешбэк по НДС. Программа сама считала суммы на основе счетов-фактур и чеков, а бизнес просто получал деньги. 

В 2026 году программу скорректировали — и выяснилось, что часть выплат была рассчитана без учета рейтинга устойчивости предприятий. Разницу признали переплатой и начали взыскивать — в том числе принудительным списанием со счетов компаний.

__Кто в этой ситуации виноват, можно ли оспорить списание в суде и что теперь делать бизнесу — Spot поговорил с экспертами:__

https://www.spot.uz/ru/2026/08/18/what-vat/

[Telegram](https://t.me/spotuz)  |  [Instagram](https://instagram.com/spot.uz)  |  [YouTube](https://youtube.com/@SpotUz)"
@spotuz,39519,2026-08-19 04:01:16,4741,8,"**BYD Uzbekistan Factory и BYD Astana Motors провели экскурсию по заводу BYD в Джизаке**

В рамках проекта «BYD. Сделано в Узбекистане» более 50 клиентов, представителей СМИ и блогеров посетили завод BYD в Джизаке, где познакомились с производством автомобилей и работой школы инженеров (реклама).

https://www.spot.uz/ru/2026/08/19/byd/"
@spotuz,39520,2026-08-19 04:29:45,4759,26,"**С ноября бизнес сможет уплачивать финансовые штрафы со скидкой в 50%**

Уменьшение штрафа при добровольной оплате в течение месяца предусмотрено поправками в закон «О гарантиях свободы предпринимательской деятельности». Также допускается оплата в рассрочку в течение 6 месяцев.

Изъятие земли для общественных нужд разрешается только после полного возмещения рыночной стоимости участка и расположенной на нем недвижимости. Также госорганы должны компенсировать упущенную прибыль за период до года.

Обновлена классификация малого, среднего и крупного бизнеса — теперь она зависит от годовых доходов (до 10 млрд сумов, до 100 млрд и свыше 100 млрд соответственно). Также вводится дополнительная подкатегория микрофирм:

https://www.spot.uz/ru/2026/08/18/business-guarantees/

[Telegram](https://t.me/spotuz)  |  [Instagram](https://instagram.com/spot.uz)  |  [YouTube](https://youtube.com/@SpotUz)"
@spotuz,39521,2026-08-19 05:40:57,4879,31,"**Все льготы и преференции для бизнеса внесут в специальный реестр**

Минэкономфин запустит специальную платформу с информацией о преференциях и льготах, сроках их действия и порядке получения. Льготы будут предоставляться только в разрезе отраслей, сфер или регионов на равных условиях.

Также законом обозначается список доступных мер поддержки для бизнеса со стороны государства. Не допускается предоставление в сфере товарной торговли мер поддержки с привязкой к экспортным показателям или импортозамещению.

Налоговые льготы будут предоставляться только согласно Налоговому кодексу либо решениями президента. Новые правила вступят в силу с 18 ноября:

https://www.spot.uz/ru/2026/08/19/preferences-list/

[Telegram](https://t.me/spotuz)  |  [Instagram](https://instagram.com/spot.uz)  |  [YouTube](https://youtube.com/@SpotUz)"
@spotuz,39522,2026-08-19 06:07:33,4654,16,"**Moody’s Ratings впервые присвоило APEX BANK кредитный рейтинг B3 со «стабильным» прогнозом**

При оценке агентство учитывало финансовые показатели банка, качество активов, капитализацию, ликвидность, бизнес-модель и перспективы дальнейшего роста (реклама).

https://www.spot.uz/ru/2026/08/19/apex-bank/"
@spotuz,39523,2026-08-19 06:48:30,5352,62,"**Генпрокуратура создала Telegram-бот для жалоб на незаконную застройку**

Через бота жители Ташкента смогут сообщить о самовольном строительстве вблизи жилых домов, на детских площадках и в зеленых зонах. Он доступен по адресу @noqonuniy_qurilish_bot.

В конце июля Саида Мирзиёева поручила прокуратуре проверить законность выданных разрешений на строительство рядом с домами. Глава Администрации президента отметила возмущение горожан из-за застройки их дворов:

https://www.spot.uz/ru/2026/08/19/construction-bot/

[Telegram](https://t.me/spotuz)  |  [Instagram](https://instagram.com/spot.uz)  |  [YouTube](https://youtube.com/@SpotUz)"
@spotuz,39524,2026-08-19 08:15:20,4749,103,"**Совладелец Perfectum попросил Мирзиёева помочь согласовать сделку с VEON на $200 млн**

Мажоритарный акционер InfinBank, основатель Uztex Group и совладелец Perfectum Фарход Маматджанов попросил Шавката Мирзиёева помочь получить согласование сделки на $200 млн с международным телекоммуникационным холдингом VEON, который владеет Beeline Uzbekistan. По его словам, стороны достигли всех договоренностей в июне и готовы подписать контракт.

«Единственный наш вопрос — если бы Вы помогли нам получить заключение в Комитете по развитию конкуренции. Мы привлечем эти $200 млн», — сказал Маматджанов.

В Комитете по конкуренции сообщили, что 24 июля компания Маматджанова обратилась за предварительным согласием на сделку по экономической концентрации. Сейчас ведомство изучает рынок мобильной связи и оставшиеся детали. Председатель антимонопольного органа Халилилло Турахужаев заявил, что заключение планируется предоставить ко Дню предпринимателей — 20 августа. Президент пообещал взять вопрос под личный контроль.

Изначально Perfectum планировал развивать сотрудничество с британской Vodafone с инвестициями в размере 250 млн евро, а сам проект хотели запустить в 2025 года. В июле Комитет по конкуренции одобрил сделку по приобретению Маматджановым 50% Perfectum, посчитав, что она не окажет негативного влияния на конкуренцию:

https://www.spot.uz/ru/2026/08/19/perfectum-veon/

[Telegram](https://t.me/spotuz)  |  [Instagram](https://instagram.com/spot.uz)  |  [YouTube](https://youtube.com/@SpotUz)"
@spotuz,39525,2026-08-19 08:59:22,4670,26,"**Продажа жилья в рассрочку не запрещается полностью — Минюст**

Ведомство выпустило разъяснения по поводу новых правил для оказания услуг рассрочки, введенных на предыдущей неделе. В них упоминался запрет на использование недвижимости в качестве объекта рассрочки.

Однако запрет касается лишь компаний-операторов рассрочки как посредников, уточнили в Минюсте. Застройщики смогут заключать с покупателями прямые договора о продаже жилья в рассрочку — подобные сделки не подпадают под ограничения:

https://www.spot.uz/ru/2026/08/19/housing-installments/

[Telegram](https://t.me/spotuz)  |  [Instagram](https://instagram.com/spot.uz)  |  [YouTube](https://youtube.com/@SpotUz)"
@spotuz,39526,2026-08-19 09:48:21,4657,39,"**В Узбекистане крупный бизнес начнут массово готовить к IPO и переходу на МСФО**

Шавкат Мирзиёев анонсировал программу акселерации для вывода местных компаний на рынок капитала. Для участия в ней
будут ежегодно отбирать 50 компаний с выручкой свыше 1 трлн сумов.

Государство покроет половину затрат на подготовку к первичному размещению акций (IPO) и внедрение международных стандартов финансовой отчетности. Благодаря этому бизнес сможет привлекать из-за рубежа от $1 млрд в год.

Также будут приняты меры по подготовке 1 млн молодых специалистов для крупных инвестпроектов. Предприниматели получат налоговые вычеты за создание нового техникума или реорганизацию существующего:

https://www.spot.uz/ru/2026/08/18/capital-market/

[Telegram](https://t.me/spotuz)  |  [Instagram](https://instagram.com/spot.uz)  |  [YouTube](https://youtube.com/@SpotUz)"
@spotuz,39527,2026-08-19 09:59:15,4507,17,"**«Микрокредитбанк» приглашает иностранных инвесторов к сотрудничеству в сфере факторинга**

Банк предлагает иностранным инвесторам партнерство в MKB Faktoring с возможностью совместного развития факторингового направления на рынке Узбекистана (реклама).

https://www.spot.uz/ru/2026/08/19/mikrokreditbank/"
@spotuz,39528,2026-08-19 10:32:37,4668,48,"**Akfa Group готова трудоустроить 10 тысяч узбекистанцев, работающих за рубежом — Мирзиёев поручил создать платформу**

Основатель группы компаний Джахонгир Артыкходжаев предложил создать колл-центр для трудоустройства граждан Узбекистана, желающих вернуться из РФ. По его словам, если каждый владелец бизнеса в стране примет на работу двух соотечественников, более 1 млн мигрантов найдут работу в стране.

Также он предложил устраивать узбекистанцев на работы в рамках зарубежных проектов Discover Invest. Компания ведет переговоры о строительстве нефтехимического комбината в Мексике, горно-обогатительного комплекса Саудовской Аравии и туристического комплекса в Албании.

Шавкат Мирзиёев поручил Артыкходжаеву и другим крупным бизнесменам создать платформу для трудоустройства граждан. В течение 10-15 дней ожидаются предложения в этом направлении:

https://www.spot.uz/ru/2026/08/19/migrantion/

[Telegram](https://t.me/spotuz)  |  [Instagram](https://instagram.com/spot.uz)  |  [YouTube](https://youtube.com/@SpotUz)"
@spotuz,39529,2026-08-19 11:19:37,4540,12,"**В Узбекистане будет введен порядок обжалования штрафов для бизнеса**

Закпалата приняла в первом чтении проект закона о порядке применения финансовых санкций, их обжалования и возврата. Он должен упорядочить процедуры наложения штрафов со стороны более чем 40 имеющих соответствующее право органов.

Планируется составлять акты о нарушения с участием представителя предприятия, либо с подтверждением его отказа. Бизнес сможет уплатить 50% штрафа с освобождением от остальной суммы или выплатить штраф в течение 6 месяцев

Также будут приняты меры по повышению эффективности судебного контроля. Если госорган после отмены решения о штрафе не вернет деньги в срок, к основной сумме будут прибавляться проценты:

https://www.spot.uz/ru/2026/08/19/fines-refund/

[Telegram](https://t.me/spotuz)  |  [Instagram](https://instagram.com/spot.uz)  |  [YouTube](https://youtube.com/@SpotUz)"
@spotuz,39530,2026-08-19 11:50:01,4529,9,"**Фермеры получили свыше 400 млрд сумов за счет обнуления НДС**

В ходе диалога с бизнесом президент отметил активный рост экономики Узбекистана — на 8,5% за первое полугодие. Суверенный кредитный рейтинг страны по версии двух основных агентств из трех поднялся на одну ступень, а Всемирный банк дал стране 31-е место в рейтинге инвестиционной и деловой среды.

Частные компании уже получили от госпредприятий заказы на 4 трлн сумов в рамках программы кооперации «Национальные промышленные цепочки». Локализация 650 новых видов продукции для нужд стратегических предприятий должна создать для бизнеса новый рынок на $1 млрд.

Также отмечались результаты налоговых льгот. Кафе и рестораны получили более 100 млрд сумов кэшбека по НДС, а производители сельхозпродукции сохранили 400 млрд сумов за счет обнуления налога:

https://www.spot.uz/ru/2026/08/18/economy-development/

[Telegram](https://t.me/spotuz)  |  [Instagram](https://instagram.com/spot.uz)  |  [YouTube](https://youtube.com/@SpotUz)"
@spotuz,39531,2026-08-19 12:34:20,6766,69,"**Курс доллара впервые с августа 2023 года упал ниже 11 800 сумов**

Центральный банк Узбекистана опубликовал курсы валют на 20 августа.

__Подробный график динамики курсов валют доступен на нашем __[__сайте__](https://www.spot.uz/ru/currency/)__.__

[Telegram](https://t.me/spotuz)  |  [Instagram](https://instagram.com/spot.uz)  |  [YouTube](https://youtube.com/@SpotUz)"
@spotuz,39532,2026-08-19 13:13:32,4532,32,"**Бизнес предложил упростить трудоустройство в общепите из-за высокой текучки кадров**

Учредитель Dodo Pizza Tashkent Динара Исламова предложила упростить оформление трудовых отношений в сфере общественного питания, где наблюдается высокая текучесть кадров. По ее словам, общепит в основном работает с молодежью, для которой это часто первое место работы, а занятость воспринимается как временная или сезонная.

Предпринимательница предложила расширить возможности Единой национальной системы труда и придать сведениям о сотрудниках полную юридическую силу, чтобы полностью отказаться от бумажного документооборота. Также она призвала перевести оформление новых работников в сферах с высокой текучестью кадров в упрощенный электронный формат.

«Это было бы для нас огромной помощью — избавление от этого излишнего документооборота», — отметила Исламова.

Шавкат Мирзиёев поддержал оба предложения и поручил упорядочить соответствующие отношения, при необходимости внеся изменения в законодательство:

https://www.spot.uz/ru/2026/08/19/catering-employment/

[Telegram](https://t.me/spotuz)  |  [Instagram](https://instagram.com/spot.uz)  |  [YouTube](https://youtube.com/@SpotUz)"
@spotuz,39533,2026-08-19 13:50:41,4232,28,"**Для малых и микроГЭС планируется ввести минимальные закупочные тарифы на электроэнергию**

В Узбекистане для проектов малых и микроГЭС планируют установить минимальные тарифы на закупку электроэнергии в зависимости от мощности станции. Это должно сделать условия для инвесторов более предсказуемыми и решить проблему проектов, которые не реализуются после победы на торгах по «нулевой» цене.

В 2025 году была принята программа строительства около 3 тыс. малых и микроГЭС общей мощностью 164 МВт. Сейчас введены в эксплуатацию 64 объекта на 41,6 МВт, а инициаторы определены только для 932 проектов. При этом освоение $150 млн льготных средств, привлеченных при участии Всемирного банка, идет медленными темпами.

Для микроГЭС мощностью до 100 кВт также упростят проектирование и строительство, а для объектов до 50 кВт отменят экспертизу градостроительной документации и архитектурный надзор. К концу 2030 года мощность малой гидроэнергетики планируется довести до 204,8 МВт, а годовую выработку — до 620 млн кВт⋅ч:

https://www.spot.uz/ru/2026/08/19/micro-hydro/

[Telegram](https://t.me/spotuz)  |  [Instagram](https://instagram.com/spot.uz)  |  [YouTube](https://youtube.com/@SpotUz)"
@spotuz,39534,2026-08-19 14:03:18,4349,6,"**InfinBANK передал ключи от новых домов 101 молодой семье в Каракалпакстане**

Проект охватил 18 районов Каракалпакстана и был реализован для молодых семей, нуждающихся в улучшении жилищных условий. Дома оборудованы необходимыми бытовыми удобствами и солнечными панелями (реклама).

https://www.spot.uz/ru/2026/08/19/infinbank/"
@spotuz,39535,2026-08-19 14:58:59,4503,38,"**Артыкходжаев предложил строить здания госорганов в Новом Ташкенте за счет частных компаний**

Основатель Akfa Group Джахонгир Артыкходжаев предложил частным компаниям самостоятельно финансировать строительство административных зданий для госорганов в Новом Ташкенте, а затем передавать их государству в долгосрочную аренду по офтейк-контрактам. По его словам, такая модель позволит снизить нагрузку на бюджет и привлечь частное финансирование.

Артыкходжаев рассказал, что во время визита в Вашингтон ознакомился с практикой, при которой значительная часть зданий госучреждений принадлежит частным компаниям, а госорганы арендуют их на долгосрочной основе. Наличие гарантированных контрактов, по его мнению, позволит строительным компаниям привлекать зарубежное финансирование через выпуск облигаций и получать кредиты.

«Если частная компания сама выступит заказчиком, строительство станет дешевле, а качество — выше. В результате этого будут сэкономлены средства государственного бюджета, предназначенные для строительства административных зданий», — заявил предприниматель.

По его оценке, реализация такой модели в Новом Ташкенте также может создать более 100 тыс. новых рабочих мест:

https://www.spot.uz/ru/2026/08/19/new-tashkent/

[Telegram](https://t.me/spotuz)  |  [Instagram](https://instagram.com/spot.uz)  |  [YouTube](https://youtube.com/@SpotUz)"
@spotuz,39536,2026-08-19 15:54:48,4690,42,"⚡️**Мирзиёев анонсировал начало «большой подготовки» ко второй АЭС в Узбекистане**

Президент заявил об этом 17 августа на церемонии запуска новых проектов и начала строительства объектов в Хорезмской области. Он напомнил о строительстве АЭС в Джизакской области, отметив, что еще недавно сложно было представить появление такого объекта в стране.

«Сегодня я хочу раскрыть вам один секрет: в ближайшее время мы начинаем большую подготовку и по второй [атомной] станции», — заявил Мирзиёев.

Президент подчеркнул, что для привлечения инвестиций стране необходимо обеспечить гарантированные поставки электроэнергии и снизить ее стоимость. По его словам, инвесторы в первую очередь интересуются ценой электроэнергии и гарантиями ее поставок. 

«Если мы не реализуем стратегию развития нашей любимой Родины до 2030 года, не расставим все по своим местам, не обеспечим гарантированные поставки электроэнергии и не примем меры по снижению ее себестоимости, кто придет и сделает это для нас? Да никто и никогда», — сказал он.

О планах развивать атомную энергетику за пределами первой АЭС Мирзиёев говорил еще 5 июня на ПМЭФ. Тогда он заявил, что **проект интегрированной АЭС с Россией не станет последним совместным проектом в этой сфере.** Глава «Узатома» Азим Ахмедхаджаев ранее называл Фаришский район Джизакской области перспективной площадкой для следующей станции:

https://www.spot.uz/ru/2026/08/19/second-npp/

[Telegram](https://t.me/spotuz)  |  [Instagram](https://instagram.com/spot.uz)  |  [YouTube](https://youtube.com/@SpotUz)"
@spotuz,39537,2026-08-19 16:35:54,4779,40,"**Paynet приобрел контрольный пакет в цифровой инвестплатформе GoInvest
**
Дочерняя компания Paynet — FurtherIT — инвестировала 17,2 млрд сумов в цифровую инвестиционную платформу GoInvest и получила 33,14% ее доли. В дальнейшем FurtherIT планирует увеличить пакет до 51%, что позволит Paynet получить контроль над компанией. Стороны намерены интегрировать GoInvest в экосистему Paynet и развивать цифровое инвестирование.

Пользователям планируют предоставить доступ не только к инструментам узбекского рынка, но и к международным рынкам капитала, включая фондовый рынок США. Также рассматривается возможность пополнения брокерских счетов через электронные кошельки и приложения Paynet. Отдельным направлением станут образовательные программы по финансовой грамотности.

«У нас были предложения от трех серьезных стратегических покупателей, заинтересованных в приобретении GoInvest, а также интерес со стороны венчурного фонда. Среди них был Paynet. После долгих переговоров мы решили продолжить путь именно с Paynet. В таких сделках важна не только цена. Важно, с кем ты собираешься идти дальше», — написал основатель GoInvest Фаррух Ходжаев.

GoInvest зарегистрирована в мае 2024 года, а в августе получила лицензию инвестиционного посредника. Сейчас у платформы более 100 тыс. пользователей, она проводит свыше 5 тыс. транзакций в день, а объем торгов превышает 1 млрд сумов. Ходжаев подчеркнул, что сделка не означает его выхода из проекта, а становится «следующим этапом гораздо более масштабного пути»:

https://www.spot.uz/ru/2026/08/19/goinvest/

__На фото: CEO Paynet Анвар Исамухамедов и Фаррух Ходжаев (справа)__

[Telegram](https://t.me/spotuz)  |  [Instagram](https://instagram.com/spot.uz)  |  [YouTube](https://youtube.com/@SpotUz)"
@spotuz,39538,2026-08-20 04:00:14,4567,5,"**Acer спустя 50 лет: искусственный интеллект, новые рынки и планы в Узбекистане**

В 2026 году Acer отмечает 50-летие. За это время компания прошла несколько этапов технологической трансформации и существенно расширила направления своего бизнеса (реклама).

https://www.spot.uz/ru/2026/08/20/acer/"
@spotuz,39539,2026-08-20 04:30:00,4688,49,"**«Про „маски-шоу“ тоже напиши»: Мирзиёев поручил Артыкходжаеву подготовить книгу о предпринимателях-чемпионах**

Президент выступил с соответствующим предложением в ходе открытого диалога с бизнесом в Хиве. В книгу планируется отдельно включить истории о периоде до 2017 года, когда бизнес сталкивался с давлением (включая «маски-шоу»).

Джахонгир Артыкходжаев отметил, что президент спас столько предпринимателей, сколько было в его силах. Основатель Akfa Group также указал, что в ряде случаев давление на предпринимателей закончилось бегством или гибелью.

«Если позволите, я напишу все в деталях и представлю вам. Много есть историй о тех, кому вы помогли», — заявил предприниматель.

https://www.spot.uz/ru/2026/08/19/book/

[Telegram](https://t.me/spotuz)  |  [Instagram](https://instagram.com/spot.uz)  |  [YouTube](https://youtube.com/@SpotUz)"
@spotuz,39540,2026-08-20 05:13:23,4513,72,"**Президент подписал конституционный закон о центре Enterprise Uzbekistan**

Документ вводит в центре специальный правовой режим на основе права Англии и Уэльса до 2100 года. Он охватит корпоративные, коммерческие и трудовые отношения, инвестиции, налоговое и таможенное регулирование и другие сферы.

Резидентами центра могут стать компании, занимающиеся видами деятельности согласно списку. Инвесторы получат защиту прав инвесторов и их активов, а также освобождение от большинства налогов и регулирование согласно международным стандартам.

Enterprise Uzbekistan будет использовать особые правила обработки личных данных и гарантирует свободу исследований в сфере искусственного интеллекта. На его территории разрешается открытие образовательных учреждений.

На открытом диалоге с бизнесом 18 августа президент объявил о планах запустить центр в 2027 году:

https://www.spot.uz/ru/2026/08/20/enterprise-uzbekistan-act/

[Telegram](https://t.me/spotuz)  |  [Instagram](https://instagram.com/spot.uz)  |  [YouTube](https://youtube.com/@SpotUz)"
@spotuz,39541,2026-08-20 05:42:26,4106,11,"**Два города в Сырдарьинской области будут расширены на 1738 га**

Законодательная палата 18 августа поддержала решение об изменении границ трех городов и восьми районов. Областной центр Гулистан получит около 527 га земли из Гулистанского и 582 га из Баяутского района, город Ширин — еще 638 га.

Расширение границ должно снизить плотность населения и создать условия для реализации крупных инвестпроектов. На новых территориях предполагается создать высокотехнологичные предприятия, промзоны и технопарки.

Решение поддержали 107 депутатов из 112:

https://www.spot.uz/ru/2026/08/19/gulistan-expansion/

[Telegram](https://t.me/spotuz)  |  [Instagram](https://instagram.com/spot.uz)  |  [YouTube](https://youtube.com/@SpotUz)"
@spotuz,39542,2026-08-20 05:59:14,4095,27,"**Тратить или копить: почему финансовой грамотности нужно учить с самого детства**

InfinBANK и Yangi Asr Avlodi выпустили книгу «Pul. Bolalar uchun moliyaviy bilimlar», знакомящую детей с основами финансовой грамотности. Презентация прошла 19 августа в «Театр+» с финансовым квестом и театральным представлением (реклама).

https://www.spot.uz/ru/2026/08/20/infinbank-uz/"
@spotuz,39543,2026-08-20 06:59:39,4031,10,"**Telegram обратился за регистрацией собственной доменной зоны .gram**

Павел Дуров сообщил о подаче соответствующей заявки в ICANN — организацию, ответственную за распределение доменных имен и IP-адресов. По его словам, при одобрении заявки у пользователей могут появиться новые персональные ссылки (например, durov .gram).

«Пользователи могли бы создать свои интерактивные сайты на базе Telegram, просто написав один запрос», — отметил Дуров.

В июле принадлежащий мессенджеру домен t.me, относящийся к доменной зоне Черногории, был временно отключен. Оператор зоны .me сообщил о проверке домена из-за санкций в отношении компании First VPN Service, имевшей ссылку в этом домене:

https://www.spot.uz/ru/2026/08/19/tg-domain/

[Telegram](https://t.me/spotuz)  |  [Instagram](https://instagram.com/spot.uz)  |  [YouTube](https://youtube.com/@SpotUz)"
@spotuz,39544,2026-08-20 07:50:44,3870,1,"**Комитет по конкуренции добился возврата потребителям почти 400 млрд сумов за три с половиной года**

С начала 2023 года надзорный орган принял 137,7 тыс. обращений от потребителей в основных сферах. Из них около половины пришлось на ЖКХ и транспорт, еще 28,6% — на торговлю и общепит.

Число жалоб в 2024 году выросло к предыдущему в 1,5 раза, а в 2025 — почти на 80%. В нынешнем году темпы роста немного замедлились (33,3 тыс. обращений за семь месяцев против 53,67 тыс. за весь предыдущий год).

По 116 тыс. обращений были достигнуты положительные решения, из них 73% были полностью удовлетворены. Комитет обеспечил перерасчет в пользу 11,7 млн потребителей на сумму 399,3 млрд сумов:

https://www.spot.uz/ru/2026/08/20/refunds-committee/

[Telegram](https://t.me/spotuz)  |  [Instagram](https://instagram.com/spot.uz)  |  [YouTube](https://youtube.com/@SpotUz)"
@spotuz,39545,2026-08-20 08:00:15,3970,28,"**«Банк погасит»: Ipoteka bank OTP Group погасит 35 микрозаймов за свой счет**

По итогам акции от банка 35 клиентов смогут полностью закрыть остаток основного долга по микрозайму — на сумму до 50 млн сумов каждый (реклама).

https://www.spot.uz/ru/2026/08/20/ipoteka-bank-otp-group/"
@spotuz,39546,2026-08-20 08:53:37,5730,50,"**25 тыс. сумов за проезд и скорость до 150 км/ч: что известно о первой платной дороге Узбекистана**

Система оплаты проезда по первой платной автодороге Узбекистана Ургенч — Хива пока работает в тестовом режиме. Полноценный запуск запланирован на 25 августа, сообщили Spot в Комитете по автодорогам. Стоимость проезда легкового автомобиля по полному маршруту составит 25 тыс. сумов, по участку в 28 км — 20 тыс. сумов.

Новая четырехполосная трасса протяженностью 35 км должна сократить время в пути между Ургенчем и Хивой с 45−50 до 15−20 минут. На ней построили тоннель, восемь путепроводов, 15 мостов и 106 водопропускных сооружений, а пропускная способность превышает 30 тыс. автомобилей в сутки.

Оплата будет проходить в электронном виде без остановки машин, а управлять транспортным потоком и системой оплаты будут цифровые решения на базе ИИ. Система оплаты позволит пополнять электронный кошелек через сторонний сервис или банковскую карту и подключать автоматическое списание. 

Для легких грузовиков, автобусов и средних грузовиков проезд по полному маршруту обойдется в 40 тыс. сумов, по неполному — в 25 тыс. На трассе разрешена скорость от 40 до 130 км/ч, при этом запрещены остановка, разворот, движение пешеходов, мопедов, гужевого транспорта и машин с прицепом:

https://www.spot.uz/ru/2026/08/20/uz-toll-road/

[Telegram](https://t.me/spotuz)  |  [Instagram](https://instagram.com/spot.uz)  |  [YouTube](https://youtube.com/@SpotUz)"
@spotuz,39547,2026-08-20 09:30:01,4006,19,"**В подъездах многоэтажек запретят самовольную установку сплит-систем**

Министерство строительства и ЖКХ обновило Правила содержания и эксплуатации многоквартирных домов. Теперь управляющие компании должны будут в течение месяца устранять повреждения на фасадах многоквартирных домов.

Запрещается самовольный монтаж кондиционеров (сплит-систем) и отопительных устройств в подъездах. В случае неисправности магистральных теплосетей в подвале требуется обеспечить доступ для специалистов организации теплоснабжения.

Также управляющая организация должна проводить ежемесячное  техобслуживание лифта и ежегодную проверку его состояния. На нее возлагается обеспечение исправности видеокамер, аварийно-спасательных устройств и системы связи:

https://www.spot.uz/ru/2026/08/19/housing-elevators/

[Telegram](https://t.me/spotuz)  |  [Instagram](https://instagram.com/spot.uz)  |  [YouTube](https://youtube.com/@SpotUz)"
@spotuz,39548,2026-08-20 10:19:14,3670,28,"**В Узбекистане открылся Voluto — новый проект Paynet на рынке легальных крипто-активов**

О том, как работает новый формат, почему Paynet вышел на этот рынок, чем легальный обмен отличается от неформального и как будет развиваться Voluto, рассказал руководитель проекта Арнольд Гзиров (реклама).

https://www.spot.uz/ru/2026/08/20/paynet/"
@spotuz,39549,2026-08-20 10:34:03,3728,19,"**Aksa Elektrik вложит $357 млн в модернизацию электросетей Самаркандской области**

Президент утвердил параметры проекта по модернизации и управлению электросетями региона на основе государственно-частного партнерства. Инфраструктура передается компании AKSA Samarqand Electricity Distribution — дочерней структуре турецкой Aksa Enerji.

Частный оператор получит электросети в управление на срок реализации проекта, при этом их собственником останется государство. Компания обязуется расширять систему для подключения новых потребителей, наращивать мощности и снижать потери.

В первые 12 лет проекта ожидается привлечение $357 млн прямых инвестиций для модернизации и расширения электросетей. Из них $27 млн должны поступить в первый двухлетний период:

https://www.spot.uz/ru/2026/08/20/aksa-elektrik/

[Telegram](https://t.me/spotuz)  |  [Instagram](https://instagram.com/spot.uz)  |  [YouTube](https://youtube.com/@SpotUz)"
@spotuz,39550,2026-08-20 11:32:55,3465,10,"**На верхних этажах подземных автостоянок разрешается установка электрозаправок**

Минстрой обновил нормы и правила для возведения автостоянок. На всех подобных объектах должны отводиться места для мотоциклов, мопедов и велосипедов с соответствующими знаками.

Станции зарядки для электротранспорта могут размещаться на открытых площадках, на первом этаже надземных или верхнем этаже подземных парковок. При этом крытые объекты должны соответствовать классам пожарной безопасности C0 или C1.

Автостоянки возле туристических объектов должны будут строиться с учетом пиковой сезонной нагрузки. Также обозначаются особые требования для возведения парковок в горных и предгорных районах или возле водоемов:

https://www.spot.uz/ru/2026/08/20/parking-chargers/

[Telegram](https://t.me/spotuz)  |  [Instagram](https://instagram.com/spot.uz)  |  [YouTube](https://youtube.com/@SpotUz)"
@spotuz,39551,2026-08-20 11:59:14,3459,13,"**Как компания Sika строит доверие и создает будущее в Узбекистане**

Коммерческий директор Sika в Узбекистане Умид Насыров рассказал о развитии и планах одной из ведущих швейцарских компаний в сфере строительной химии (реклама).

https://www.spot.uz/ru/2026/08/20/sika-uzbekistan/"
@spotuz,39552,2026-08-20 12:35:49,3299,21,"**Курс доллара резко вырос после спада в течение нескольких дней — до 11 847 сумов**

Центральный банк Узбекистана опубликовал курсы валют на 21 августа.

__Подробный график динамики курсов валют доступен на нашем __[__сайте__](https://www.spot.uz/ru/currency/)__.__

[Telegram](https://t.me/spotuz)  |  [Instagram](https://instagram.com/spot.uz)  |  [YouTube](https://youtube.com/@SpotUz)"
@spotuz,39553,2026-08-20 12:55:07,3277,45,"**Хоким Ташкента одобрил строительство комплекса Bektemir Business City**

Шавкат Умурзаков утвердил планы по созданию центра в махаллях «Забардаст», «Бектемир» и «Абай». Хокимият Бектемирского района должен будет провести инвентаризацию зданий на территории и обозначить ее границу.

Заказчиком по проекту выступит дирекция Olmazor Business City, она же вместе с районной администрацией должна разработать мастер-план территории. Создание инфраструктуры для комплекса будет финансироваться за счет продажи земли на территории под застройку.

Строительство Bektemir City на 58 га земли предусмотрено планом комплексной застройки, утвержденным в конце февраля. Стоимость проекта предварительно оценивается в $1,2 млрд:

https://www.spot.uz/ru/2026/08/20/bektemir-city/

[Telegram](https://t.me/spotuz)  |  [Instagram](https://instagram.com/spot.uz)  |  [YouTube](https://youtube.com/@SpotUz)"
@spotuz,39554,2026-08-20 13:59:14,1777,2,"**Как банки, маркетплейсы и операторы связи перестали помещаться в границы своих отраслей**

В Uztelecom рассказали, почему операторы связи все чаще дополняют привычные услуги новыми сервисами и как похожие изменения происходят в банковской сфере и e-commerce (реклама).

https://www.spot.uz/ru/2026/08/20/uztelecom/"
@spotuz,39555,2026-08-20 14:21:52,1397,7,"**«Цель — захват земли»: Минэнерго изменит правила аукционов после покупки ГЭС за 0 сумов**

В Узбекистане пересмотрят правила аукционов на строительство малых и микроГЭС. Минэнерго намерено заново оценить около 3 тыс. потенциальных площадок, более 2500 из которых уже выставлены на торги. При отборе будут учитывать наличие достаточного потока воды и возможность обеспечить не менее 40−50% годовой выработки.

Отдельно ведомство изменит подход к объектам, которые сейчас приобретаются по нулевой стоимости. По словам первого замминистра энергетики Умида Мамадаминова, в некоторых случаях предприниматели могут быть заинтересованы не в строительстве ГЭС, а в получении земли.

«До сих пор, когда мы выставляли ГЭС на аукцион, часто наблюдались случаи приобретения по нулевой стоимости. Это говорит о том, что основной целью является не производство электроэнергии на ГЭС, а, по-видимому, захват земли», — заявил Мамадаминов.

В новых условиях победитель аукциона должен будет использовать объект по прямому назначению — для производства электроэнергии. Кроме того, четыре-пять ГЭС на одном каскаде планируют объединять в единый портфель, чтобы снизить расходы на проектирование и упростить финансирование. В целом программа предусматривает строительство около 3 тыс. малых и микроГЭС общей мощностью 164 МВт:

https://www.spot.uz/ru/2026/08/20/hydropower/

[Telegram](https://t.me/spotuz)  |  [Instagram](https://instagram.com/spot.uz)  |  [YouTube](https://youtube.com/@SpotUz)"
